date,close,adj_close,volume,ret,market_ret,dollar_volume
2020-01-02,5.9977498054504395,5.957137107849121,237536000,0.0195919142169938,0.008378802677341701,1424681497.7874756
2020-01-03,5.901750087738037,5.861787796020508,205384000,-0.016005895130897896,-0.007059870562045378,1212125040.019989
2020-01-06,5.926499843597412,5.886369705200195,262636000,0.004193585649138631,0.0035333728907271933,1556512212.92305
2020-01-07,5.9982500076293945,5.957635402679443,314856000,0.01210690137527215,-0.0028032386528962228,1888585004.4021606
2020-01-08,6.009500026702881,5.968809127807617,277108000,0.0018755302016548736,0.004902451368978156,1665280533.399582
2020-01-09,6.075500011444092,6.034360885620117,255112000,0.010982384661473832,0.006655262605488987,1549932958.9195251
2020-01-10,6.107999801635742,6.066641807556152,316296000,0.005349517960213657,-0.002855178689662563,1931935905.2581787
2020-01-13,6.299499988555908,6.256844997406006,319840000,0.03135230262201261,0.006976215252569862,2014832076.3397217
2020-01-14,6.182000160217285,6.140140056610107,359088000,-0.018652362467710626,-0.001514532772802224,2219882073.5321045
2020-01-15,6.139249801635742,6.09768009185791,263104000,-0.006915145967474667,0.0018701968845122874,1615261179.8095703
2020-01-16,6.223249912261963,6.181110858917236,284192000,0.013682378511580051,0.00836655302646827,1768597839.0655518
2020-01-17,6.23199987411499,6.189800262451172,253792000,0.001405799658389828,0.003862162248501333,1581631712.0513916
2020-01-21,6.198500156402588,6.156528949737549,217916000,-0.005375183576674547,-0.0026519776473655776,1350752360.0826263
2020-01-22,6.252749919891357,6.2104105949401855,239240000,0.008751951894083732,0.0002890760711180551,1495907890.8348083
2020-01-23,6.321499824523926,6.278695583343506,244516000,0.01099524538022556,0.0011409766124783616,1545707851.0932922
2020-01-24,6.26200008392334,6.21959924697876,373512000,-0.009412199648844322,-0.009042160974207403,2338932175.3463745
2020-01-27,6.005000114440918,5.964338779449463,470536000,-0.04104130465532685,-0.015730711659182384,2825568733.848572
2020-01-28,6.199250221252441,6.157273769378662,310976000,0.03234809373906966,0.010053584595046017,1927818036.8041992
2020-01-29,6.138500213623047,6.096934795379639,258848000,-0.009799625005972756,-0.0008668741908683941,1588938503.2958984
2020-01-30,6.145249843597412,6.103639602661133,290504000,0.001099701326406688,0.003134358792605374,1785219660.5644226
2020-01-31,5.910749912261963,5.870726108551025,370420000,-0.03815977175463625,-0.01770582037552626,2189459982.5000763
2020-02-03,6.0082502365112305,5.96756649017334,255564000,0.016495469185874967,0.007254613892351713,1535492463.443756
2020-02-04,6.178249835968018,6.136415958404541,271544000,0.028294526505777906,0.014980414164082134,1677666673.4580994
2020-02-05,6.269000053405762,6.226550579071045,208220000,0.014688479607229743,0.01125059589785371,1305331191.1201477
2020-02-06,6.356249809265137,6.313210487365723,218284000,0.013917803636890547,0.003325672876785646,1387467633.365631
2020-02-07,6.289750099182129,6.247160911560059,189752000,-0.010462121600071095,-0.005400853672730133,1193492660.8200073
2020-02-10,6.574250221252441,6.529733657836914,529608000,0.04523218631266057,0.007326397804890528,3481775511.177063
2020-02-11,6.697249889373779,6.651900291442871,638556000,0.018709282798898608,0.0016884725532351208,4276569100.358963
2020-02-12,6.813499927520752,6.767364978790283,374644000,0.017358150646958448,0.006462646466197652,2552636866.8460846
2020-02-13,6.769499778747559,6.72366189956665,528016000,-0.006457916687012344,-0.0016304457368023773,3574404195.175171
2020-02-14,7.244750022888184,7.195695400238037,1041924000,0.07020482405604156,0.0018435333204338544,7548478922.847748
2020-02-18,7.414249897003174,7.364045143127441,620164000,0.02339589623038174,-0.002919942636890105,4598050873.125076
2020-02-19,7.867499828338623,7.81422758102417,694332000,0.06113249296371648,0.004705785881164548,5462656890.810013
2020-02-20,7.71750020980835,7.665242671966553,810052000,-0.019065852320376164,-0.00381551976362815,6251576479.955673
2020-02-21,7.351749897003174,7.301968574523926,768180000,-0.04739238051408323,-0.01051810302712286,5647467235.879898
2020-02-24,6.831999778747559,6.785739421844482,856916000,-0.07069725751498468,-0.03351362667122315,5854449922.405243
2020-02-25,6.551249980926514,6.506890773773193,1055496000,-0.04109333275805238,-0.030279995565056117,6914818149.868011
2020-02-26,6.691249847412109,6.645942211151123,747732000,0.021369874216790707,-0.0037785406053220116,5003261630.905151
2020-02-27,6.315000057220459,6.275990962982178,906416000,-0.05566573352807824,-0.04416324258407911,5724017091.86554
2020-02-28,6.7517499923706055,6.710043430328369,1133252000,0.06916078590717745,-0.008238340444361891,7651434182.353973
2020-03-02,6.910749912261963,6.868061542510986,890744000,0.02354949171690901,0.046039229006110016,6155709019.84787
2020-03-03,6.647250175476074,6.606188774108887,652792000,-0.038129065498495485,-0.028107896121075893,4339271736.549377
2020-03-04,7.112750053405762,7.068813800811768,597408000,0.07002903527613547,0.04220259077449118,4249213783.9050293
2020-03-05,6.832250118255615,6.790045738220215,540328000,-0.03943632842041189,-0.033922077046888544,3691656041.89682
2020-03-06,6.651000022888184,6.609915733337402,515412000,-0.026528540723795957,-0.01705385200037013,3428005223.7968445
2020-03-09,6.136000156402588,6.098097324371338,614160000,-0.07743191133053118,-0.07596969747745097,3768485856.0562134
2020-03-10,6.5269999504089355,6.486682415008545,580648000,0.06372234977034696,0.04939630628156144,3789889467.2050476
2020-03-11,6.161749839782715,6.123687267303467,499964000,-0.055960061627990165,-0.048868445131273974,3080653096.8971252
2020-03-12,5.407750129699707,5.374345779418945,816540000,-0.12236769370727352,-0.09511268097833658,4415644290.904999
2020-03-13,6.020999908447266,5.983807563781738,634836000,0.11340204173254476,0.09287124972971839,3822347497.8790283
2020-03-16,4.909999847412109,4.879669666290283,726972000,-0.18452095688612768,-0.11984055240393443,3569432409.072876
2020-03-17,5.4317498207092285,5.398196697235107,833632000,0.10626273219413007,0.05995484974402432,4528080466.537476
2020-03-18,5.070499897003174,5.039178371429443,874268000,-0.0665070848547532,-0.051830762729157875,4432975803.953171
2020-03-19,5.324250221252441,5.291360855102539,765512000,0.05004436538759793,0.0047078080405855705,4075777435.371399
2020-03-20,5.143750190734863,5.1119771003723145,804636000,-0.033901251425187184,-0.04335951230846191,4138846578.4721375
2020-03-23,5.317249774932861,5.284404754638672,643876000,0.03373013041349493,-0.02929386782180443,3423649516.084671
2020-03-24,6.229499816894531,6.1910200119018555,1101644000,0.1715643103354929,0.09382773976227554,6862691096.282959
2020-03-25,6.140500068664551,6.102569103240967,793432000,-0.014286968624046992,0.011535011448221999,4872069250.480652
2020-03-26,6.431000232696533,6.391274452209473,696108000,0.047308820938247065,0.062414163303876835,4476670709.981918
2020-03-27,6.3182501792907715,6.279221057891846,638828000,-0.017532245744647956,-0.033687352562252526,4036275125.535965
2020-03-30,6.639750003814697,6.5987348556518555,602252000,0.050884304727325746,0.03351600948370015,3998802719.297409
2020-03-31,6.590000152587891,6.549293041229248,949960000,-0.007492620252844362,-0.016012721914555605,6260236544.952393
2020-04-01,6.076749801635742,6.039213180541992,656912000,-0.0778831940296747,-0.04414243033166543,3991889865.6921387
2020-04-02,6.386750221252441,6.347298622131348,675764000,0.051014168961941886,0.02282934723487151,4315935876.514435
2020-04-03,6.097750186920166,6.060084819793701,663212000,-0.04524976993144891,-0.015137125124949469,4044101096.967697
2020-04-06,6.710000038146973,6.668550968170166,727884000,0.10040554983472627,0.07033131865275055,4884101667.766571
2020-04-07,6.475749969482422,6.435749053955078,784520000,-0.034910419868766196,-0.0016030527844311804,5080355366.05835
2020-04-08,6.673749923706055,6.632524013519287,542444000,0.030575300235375247,0.03405645287963033,3620135603.614807
2020-04-09,6.573750019073486,6.533143997192383,525564000,-0.014983740145431024,0.014487410153376512,3454926355.024338
2020-04-13,6.746250152587891,6.704577922821045,398408000,0.026240647030332687,-0.010104660822607414,2687760030.7922363
2020-04-14,7.098750114440918,7.0548996925354,530948000,0.052251129563567256,0.030572589146256046,3769067175.7621765
2020-04-15,7.020999908447266,6.977630615234375,366148000,-0.010952540882017359,-0.022030438529415775,2570725074.4781494
2020-04-16,7.367499828338623,7.3219895362854,745620000,0.049351841626465776,0.005816689462164515,5493355222.005844
2020-04-17,7.308000087738037,7.2628560066223145,539120000,-0.008076155991488254,0.026793594848223412,3939889007.3013306
2020-04-20,7.176249980926514,7.131921291351318,449388000,-0.018027992727875808,-0.01788104803401469,3224920626.428604
2020-04-21,6.737750053405762,6.696130752563477,735160000,-0.06110422717596631,-0.030674795694063395,4953324329.26178
2020-04-22,7.153749942779541,7.109560012817383,483356000,0.061741515440933314,0.022930247703843776,3457807957.342148
2020-04-23,7.100249767303467,7.056389331817627,424160000,-0.007478758306266209,-0.0005394221197431159,3011641941.2994385
2020-04-24,7.239749908447266,7.195029258728027,352328000,0.01964743162416882,0.013918057304545428,2550766605.743408
2020-04-27,7.427000045776367,7.38112211227417,479388000,0.025864085725627817,0.014714069804799612,3560414697.944641
2020-04-28,7.283999919891357,7.239006042480469,442904000,-0.01925399250032378,-0.005242380698498916,3226112700.519562
2020-04-29,7.46150016784668,7.41541051864624,379160000,0.024368604630329305,0.026583916282167053,2829102403.640747
2020-04-30,7.307000160217285,7.261863708496094,375916000,-0.020706447709678222,-0.009212446303987654,2746818272.228241
2020-05-01,7.069499969482422,7.025829315185547,342096000,-0.032503280533122125,-0.028059034078492195,2418447661.5600586
2020-05-04,7.282249927520752,7.237267017364502,317556000,0.030094340851969825,0.004249827591976452,2312522157.98378
2020-05-05,7.343500137329102,7.2981390953063965,368896000,0.00841092055824988,0.009040556385797371,2708987826.6601562
2020-05-06,7.44474983215332,7.398763656616211,323464000,0.01378770122023698,-0.006979410390386298,2408108559.7076416
2020-05-07,7.6217498779296875,7.5746684074401855,373732000,0.023774884425004528,0.011504630788313985,2848491825.378418
2020-05-08,7.8125,7.764241695404053,339216000,0.025027272187606142,0.016871538638701944,2650125000.0
2020-05-11,8.065500259399414,8.015678405761719,469060000,0.032383936541607206,0.00013307822091168653,3783203551.673889
2020-05-12,7.802499771118164,7.754302024841309,493060000,-0.03260814215457186,-0.020500317528877154,3847100537.147522
2020-05-13,7.78000020980835,7.731942176818848,625852000,-0.0028835410267525896,-0.01746272460422804,4869128691.308975
2020-05-14,8.030500411987305,7.980893135070801,602312000,0.032197726335607246,0.01152482269503552,4836866764.144897
2020-05-15,8.490750312805176,8.438302040100098,987660000,0.05731299709042381,0.0039263632504382695,8385974453.94516
2020-05-18,8.750249862670898,8.696199417114258,774460000,0.030562709866107207,0.03150119163168075,6776718508.644104
2020-05-19,8.805500030517578,8.751107215881348,717320000,0.006313999499486078,-0.010484399194493177,6316361281.890869
2020-05-20,8.970000267028809,8.914592742919922,587536000,0.018681696270602677,0.01665110025908012,5270198076.889038
2020-05-21,8.775250434875488,8.721041679382324,761068000,-0.021711711249099763,-0.007773596407737116,6678562297.969818
2020-05-22,9.026249885559082,8.970495223999023,1038764000,0.028603640916708306,0.002353711326488428,9376143436.122894
2020-05-26,8.71774959564209,8.663899421691895,770780000,-0.034178247092410685,0.012289184036080147,6719467033.32901
2020-05-27,8.525250434875488,8.472587585449219,1175892000,-0.022081493208899294,0.014827297215913804,10024773784.366608
2020-05-28,8.487000465393066,8.434572219848633,734896000,-0.004486866050918525,-0.0021079145460738413,6237062694.015503
2020-05-29,8.875499725341797,8.820672035217285,745256000,0.04577586216643725,0.004812335824971425,6614519423.309326
2020-06-01,8.806249618530273,8.751852035522461,389876000,-0.007802126574942836,0.003751234813537785,3433345376.274109
2020-06-02,8.825249671936035,8.770733833312988,391320000,0.0021574630962553076,0.008210832780053412,3453496701.6220093
2020-06-03,8.769499778747559,8.715327262878418,365440000,-0.00631721033696464,0.013648979133831007,3204725999.145508
2020-06-04,8.766500473022461,8.716325759887695,424280000,0.00011456793063069348,-0.0033687022311144066,3719450820.6939697
2020-06-05,8.920000076293945,8.86894702911377,481748000,0.017509817029605967,0.026211650818398713,4297192196.754456
2020-06-08,8.805000305175781,8.754602432250977,387736000,-0.012892691374459475,0.012041579421169235,3414015598.3276367
2020-06-09,9.045999526977539,8.994223594665527,468488000,0.027370878834179102,-0.007799170822611612,4237942226.3946533
2020-06-10,9.36674976348877,9.313136100769043,632180000,0.03545748032022056,-0.0053130910724373814,5921471865.48233
2020-06-11,8.796250343322754,8.745904922485352,583652000,-0.060906570262282744,-0.05894405927443824,5133949105.381012
2020-06-12,8.932499885559082,8.88137435913086,570908000,0.01548947054034655,0.013060843963234703,5099635644.664764
2020-06-15,9.173749923706055,9.121245384216309,400004000,0.02700832274217113,0.008312217041285264,3669536664.4821167
2020-06-16,9.068499565124512,9.016595840454102,535716000,-0.011473163954485388,0.01896239819380252,4858140313.030243
2020-06-17,9.236000061035156,9.183135986328125,408304000,0.018470401559623983,-0.0036002995561740248,3771095768.9208984
2020-06-18,9.218000411987305,9.165240287780762,254408000,-0.001948756783522132,0.0005942198825281686,2345133048.812866
2020-06-19,9.261249542236328,9.20824146270752,524160000,0.004691767327048346,-0.005649494809462974,4854376560.058594
2020-06-22,9.526749610900879,9.472224235534668,398468000,0.028668098452484525,0.006495095537691675,3796104863.9564514
2020-06-23,9.449999809265137,9.395912170410156,375108000,-0.00805640398991292,0.004307419569164139,3544770528.453827
2020-06-24,9.23550033569336,9.182638168334961,449372000,-0.02269859468746882,-0.025855145939064572,4150175256.8511963
2020-06-25,9.489999771118164,9.43568229675293,376072000,0.027556800538058424,0.010959447267809841,3568923193.92395
2020-06-26,9.154999732971191,9.10260009765625,592084000,-0.035300277035747785,-0.024226905044785974,5420528861.896515
2020-06-29,9.199999809265137,9.14734172821045,342248000,0.004915258286005475,0.014685678433118632,3148681534.7213745
2020-06-30,9.497750282287598,9.443391799926758,367892000,0.03236460170754185,0.015409875731554612,3494146346.851349
2020-07-01,9.529999732971191,9.47545337677002,326648000,0.003395133604803924,0.005022132820864389,3112955352.7755737
2020-07-02,9.612250328063965,9.557234764099121,364056000,0.008630867999371628,0.004541250844364075,3499397405.433655
2020-07-06,9.839249610900879,9.78293228149414,315892000,0.02361535768095102,0.01588172586745884,3108140238.0867004
2020-07-07,9.871749877929688,9.815248489379883,357800000,0.0033033253175913657,-0.010818532028197159,3532112106.323242
2020-07-08,10.215999603271484,10.157527923583984,365480000,0.034872212820128645,0.007827461915415501,3733743535.003662
2020-07-09,10.508999824523926,10.448850631713867,494548000,0.028680473272781448,-0.005643606159361103,5197204845.218658
2020-07-10,10.479249954223633,10.419269561767578,497676000,-0.0028310357750264137,0.01046620127324438,5215271200.218201
2020-07-13,10.052249908447266,9.994712829589844,457076000,-0.04074726444698207,-0.009362541127788226,4594642179.153442
2020-07-14,10.376999855041504,10.317605018615723,542676000,0.03230629979382105,0.013406370782667931,5631348773.334503
2020-07-15,10.227250099182129,10.168712615966797,403984000,-0.01443090740344144,0.009082050740923053,4131645404.067993
2020-07-16,10.134750366210938,10.07674503326416,344964000,-0.009044171683859958,-0.0034061012455366413,3496124025.32959
2020-07-17,10.201499938964844,10.143111228942871,266284000,0.00658607471555861,0.002848612194617406,2716496209.7473145
2020-07-20,10.510749816894531,10.450592994689941,284852000,0.030314344268421944,0.0084069387471426,2994008106.842041
2020-07-21,10.328499794006348,10.269383430480957,277036000,-0.01733964420019596,0.0016790373419135474,2861366268.9323425
2020-07-22,10.438750267028809,10.37900447845459,367292000,0.010674550104757152,0.005747082068739751,3834069463.077545
2020-07-23,10.12975025177002,10.071772575378418,411660000,-0.029601288227010913,-0.012319859824193036,4170012988.6436462
2020-07-24,10.194499969482422,10.136150360107422,473292000,0.0063919021450487,-0.006190400054688405,4824975279.556274
2020-07-27,10.421500205993652,10.361852645874023,292132000,0.022267061729361437,0.007395138795039502,3044453698.1773376
2020-07-28,10.215499877929688,10.15703010559082,271636000,-0.019766980605033124,-0.006473392152297919,2774897524.8413086
2020-07-29,10.465499877929688,10.405598640441895,284508000,0.024472560607480487,0.01242838167815008,2977518439.2700195
2020-07-30,10.61400032043457,10.553250312805176,308880000,0.014189637469719907,-0.003750251937389204,3278452418.97583
2020-07-31,10.614749908447266,10.553995132446289,386080000,7.057727420800575e-05,0.007670504990141325,4098142644.6533203
2020-08-03,11.010250091552734,10.947234153747559,412720000,0.03725973116022474,0.00718102343932614,4544150417.785645
2020-08-04,11.227749824523926,11.163485527038574,310336000,0.01975397349265484,0.0036119303819721615,3484374969.543457
2020-08-05,11.286749839782715,11.222150802612305,249924000,0.005255103832189301,0.006429743053199433,2820829666.957855
2020-08-06,11.33549976348877,11.27061939239502,244316000,0.004319010734683104,0.00642769555966427,2769443960.216522
2020-08-07,11.19950008392334,11.135398864746094,342516000,-0.011997612814444558,0.0006330295486443038,3836007970.7450867
2020-08-10,11.164999961853027,11.101096153259277,427796000,-0.0030805103529265576,0.002742218294476073,4776342323.680878
2020-08-11,10.850000381469727,10.787898063659668,354512000,-0.028213257977020123,-0.007969132154236114,3846455335.2355957
2020-08-12,11.440250396728516,11.374771118164062,464412000,0.05440105672497464,0.013996549490237653,5312989567.245483
2020-08-13,11.442999839782715,11.377504348754883,374460000,0.00024028884295135278,-0.002047174350497949,4284945720.0050354
2020-08-14,11.564000129699707,11.49781322479248,366436000,0.010574276427392837,-0.00017188262276812694,4237465951.526642
2020-08-17,12.336999893188477,12.266387939453125,621300000,0.06684529480818013,0.0027098425110787527,7664978033.6380005
2020-08-18,12.260749816894531,12.190574645996094,503448000,-0.006180571968801729,0.002303389154016955,6172649973.815918
2020-08-19,12.138500213623047,12.069023132324219,622624000,-0.00997094207628657,-0.0044043954214108005,7557721557.006836
2020-08-20,12.140999794006348,12.071512222290039,921388000,0.00020623789833940087,0.0031586327691348615,11186571518.19992
2020-08-21,12.683500289916992,12.610906600952148,999868000,0.044683248356085725,0.0034411070444764214,12681826067.878723
2020-08-24,12.720250129699707,12.647444725036621,490564000,0.0028973431681520445,0.010043718303008653,6240096784.626007
2020-08-25,12.75,12.677021980285645,289076000,0.002338595336216276,0.0035963511532906,3685719000.0
2020-08-26,12.77299976348877,12.699891090393066,321244000,0.0018039812617651751,0.010195626139483993,4103249536.0221863
2020-08-27,12.628250122070312,12.5559720993042,317604000,-0.011332301203569872,0.0016730440109038458,4010782751.7700195
2020-08-28,13.147749900817871,13.072497367858887,537160000,0.04113781589107801,0.00673256535528588,7062445336.723328
2020-08-31,13.374500274658203,13.297951698303223,500840000,0.017246462102846305,-0.0021949627140287475,6698484717.559814
2020-09-01,13.821000099182129,13.746005058288574,511316000,0.033693411598308076,0.007525003016613407,7066898486.713409
2020-09-02,14.346500396728516,14.268653869628906,874012000,0.03802186956312692,0.015365910154807594,12539013504.745483
2020-09-03,13.01550006866455,12.944875717163086,945128000,-0.09277526559695348,-0.03512584371534122,12301313548.89679
2020-09-04,12.6225004196167,12.554009437561035,1463684000,-0.030194672250411614,-0.008133027264274895,18475351904.18625
2020-09-08,11.913000106811523,11.848360061645508,795728000,-0.05620908439054184,-0.027756342102360998,9479507748.99292
2020-09-09,12.71500015258789,12.646004676818848,736200000,0.06732109853374624,0.02014498633677464,9360783112.335205
2020-09-10,12.311750411987305,12.244946479797363,698684000,-0.03171422178553018,-0.01758479659017942,8602023024.848938
2020-09-11,12.16450023651123,12.098491668701172,636928000,-0.01196042884612225,0.0005330721905940639,7747910806.640625
2020-09-14,12.872249603271484,12.802400588989258,1201744000,0.05818154358109773,0.012741829089357504,15469148727.233887
2020-09-15,12.991000175476074,12.920506477355957,727556000,0.009225292361830784,0.005219359577689042,9451680123.66867
2020-09-16,12.51449966430664,12.44659423828125,556384000,-0.03667907600257536,-0.004618946596211537,6962867381.225586
2020-09-17,12.463500022888184,12.3958740234375,792512000,-0.00407502758367051,-0.008412365876402483,9877473330.13916
2020-09-18,12.189249992370605,12.123111724853516,698460000,-0.022004281268772075,-0.011182581807410497,8513703549.671173
2020-09-21,12.517250061035156,12.44933032989502,721044000,0.02690881783863497,-0.011571097930805796,9025488053.009033
2020-09-22,12.637749671936035,12.569177627563477,646452000,0.009626806783386899,0.010517945160813724,8169698550.922394
2020-09-23,12.123749732971191,12.057964324951172,647012000,-0.040671976939147036,-0.023721455093028143,7844211562.2291565
2020-09-24,12.347999572753906,12.280997276306152,731240000,0.01849673339084812,0.0029874591429570607,9029351207.580566
2020-09-25,12.873749732971191,12.803892135620117,588016000,0.04257755681802733,0.0159767237756141,7569970822.982788
2020-09-28,13.03499984741211,12.96427059173584,573808000,0.012525758137992504,0.016110590199083896,7479587192.443848
2020-09-29,13.225749969482422,13.153986930847168,621460000,0.014633784274162176,-0.0048126645432444715,8219274576.034546
2020-09-30,13.530500411987305,13.45708179473877,689184000,0.023042052990095208,0.008253718228220741,9325004395.935059
2020-10-01,13.614500045776367,13.540626525878906,525004000,0.006208235367403336,0.005292907769290922,7147666982.032776
2020-10-02,13.062250137329102,12.991375923156738,552496000,-0.04056316018113626,-0.009577652178616392,7216840951.873779
2020-10-05,13.642499923706055,13.568471908569336,479820000,0.044421467658705804,0.01797270867614209,6545944313.392639
2020-10-06,13.736499786376953,13.661964416503906,784420000,0.006890422780440275,-0.013973515692226712,10775185162.42981
2020-10-07,13.96399974822998,13.888233184814453,418084000,0.01656194976157388,0.01739675486921799,5838124870.738983
2020-10-08,13.838749885559082,13.763656616210938,378900000,-0.008969936416370783,0.008010123642494982,5243502331.638336
2020-10-09,13.762749671936035,13.688072204589844,346892000,-0.0054915938205019055,0.00879353312061526,4774187759.197235
2020-10-12,14.22599983215332,14.148807525634766,434744000,0.03365962088440977,0.01641581296364758,6184668071.029663
2020-10-13,14.248250007629395,14.170938491821289,344604000,0.0015641576964295911,-0.006306918994084421,4910003945.62912
2020-10-14,14.095250129699707,14.018767356872559,276100000,-0.010738253859231328,-0.006623141753502759,3891698560.810089
2020-10-15,13.970000267028809,13.894195556640625,267224000,-0.008886073722513377,-0.0015277553060997207,3733119351.3565063
2020-10-16,13.81149959564209,13.736557960510254,242392000,-0.011345572004348936,0.00013491955745537076,3347797009.9868774
2020-10-19,13.497750282287598,13.42451000213623,298068000,-0.022716604790741335,-0.016329861778318078,4023247431.1408997
2020-10-20,13.645500183105469,13.57145881652832,229212000,0.01094630749045633,0.004727334073110212,3127712387.9699707
2020-10-21,13.524749755859375,13.451362609863281,219596000,-0.008849174454169773,-0.0021956999281005363,2969980947.3876953
2020-10-22,13.361000061035156,13.288500785827637,290480000,-0.012107459203889559,0.005218925396392127,3881103297.729492
2020-10-23,13.590250015258789,13.516509056091309,233484000,0.01715831408964097,0.003445761353703114,3173105934.562683
2020-10-26,13.141249656677246,13.069942474365234,336896000,-0.03303860337553843,-0.018589516294535646,4427234444.3359375
2020-10-27,13.396750450134277,13.324057579040527,250520000,0.019442710262397966,-0.0030256189119989285,3356153922.767639
2020-10-28,12.626999855041504,12.55848503112793,376520000,-0.0574579135050336,-0.035287878760604796,4754317985.420227
2020-10-29,13.02400016784668,12.953328132629395,320080000,0.031440344955844024,0.011947330894238384,4168721973.724365
2020-10-30,12.534000396728516,12.465989112854004,416820000,-0.03762268775912381,-0.012129550130175693,5224422045.36438
2020-11-02,12.580750465393066,12.51248550415039,299652000,0.0037298597708899095,0.01231820260127181,3769847038.455963
2020-11-03,13.019499778747559,12.94885540008545,272900000,0.03487475736058321,0.01779929009643455,3553021489.6202087
2020-11-04,13.794249534606934,13.719401359558105,410228000,0.05950687807260335,0.02204704770168342,5658787398.082733
2020-11-05,14.15999984741211,14.083166122436523,319028000,0.026514623586326502,0.01946019413896294,4517436431.32019
2020-11-06,14.562000274658203,14.48298454284668,383348000,0.02838981070976554,-0.00028771518741854685,5582313681.289673
2020-11-09,13.630749702453613,13.556788444519043,582976000,-0.06395063776996823,0.01169988923568721,7946399938.537598
2020-11-10,12.770000457763672,12.700708389282227,644068000,-0.06314770336206921,-0.0013997945931910616,8224748654.830933
2020-11-11,13.418000221252441,13.345190048217773,404744000,0.050743756897796866,0.007651855318760337,5430855081.550598
2020-11-12,13.45674991607666,13.3837308883667,365812000,0.0028879948513038656,-0.009978532303877019,4922640600.299835
2020-11-13,13.29699993133545,13.224849700927734,346312000,-0.011871218030621522,0.013610335409063534,4604910640.220642
2020-11-16,13.515250205993652,13.441915512084961,413776000,0.01641348038473356,0.011648051240012336,5592286169.2352295
2020-11-17,13.422249794006348,13.349420547485352,312028000,-0.006881085104012974,-0.004791925698091615,4188117758.7242126
2020-11-18,13.428750038146973,13.355883598327637,510924000,0.00048414467274415784,-0.011563829610944043,6861070684.490204
2020-11-19,13.440250396728516,13.367321014404297,565936000,0.0008563578734761546,0.003946442467421596,7606321548.522949
2020-11-20,13.087750434875488,13.016736030578613,341088000,-0.02622701911982972,-0.006792562915180156,4464074620.330811
2020-11-23,13.140000343322754,13.06870174407959,361356000,0.003992223041083376,0.005635930617216234,4748217964.061737
2020-11-24,12.95775032043457,12.887438774108887,346500000,-0.013870005875129765,0.016161668273416252,4489860486.030579
2020-11-25,13.234749794006348,13.162939071655273,259916000,0.021377428236545537,-0.001584418237524976,3439923227.458954
2020-11-27,13.261249542236328,13.189291000366211,167276000,0.0020019790844192364,0.002396979198154181,2218288778.427124
2020-11-30,13.40149974822998,13.328780174255371,286952000,0.010575941791358456,-0.004595548640170977,3845587155.7540894
2020-12-01,13.390000343322754,13.31734561920166,296948000,-0.0008578845854023687,0.011271187194776155,3976133821.949005
2020-12-02,13.544500350952148,13.471006393432617,283360000,0.011538393507592115,0.0017911667548251575,3837969619.445801
2020-12-03,13.395999908447266,13.32724666595459,199520000,-0.010671788230173562,-0.000624157213091503,2672769901.7333984
2020-12-04,13.558250427246094,13.488665580749512,202244000,0.012111947714397608,0.008836275129611826,2742074799.407959
2020-12-07,13.606749534606934,13.536914825439453,223244000,0.0035770213444092924,-0.0019356376714373402,3037625193.1037903
2020-12-08,13.350000381469727,13.281485557556152,271920000,-0.01886909027478556,0.002787148065356293,3630132103.729248
2020-12-09,12.930749893188477,12.864384651184082,401300000,-0.031404687718443625,-0.007949201604598555,5189109932.136536
2020-12-10,12.972249984741211,12.905673027038574,207764000,0.003209510363225254,-0.0012851080682624305,2695166545.829773
2020-12-11,13.013250350952148,12.946463584899902,209264000,0.0031606687830900704,-0.0012649972997506032,2723204821.4416504
2020-12-14,13.30875015258789,13.240447998046875,270156000,0.022707700154493304,-0.004359258971957769,3595438706.222534
2020-12-15,13.36050033569336,13.291930198669434,193016000,0.0038882521671588233,0.012921249154708825,2578790332.7941895
2020-12-16,13.242500305175781,13.174534797668457,223116000,-0.008832080762260386,0.0017727951669590514,2954613698.0895996
2020-12-17,13.3412504196167,13.272777557373047,231384000,0.007457019258241715,0.005757654753379748,3086951887.0925903
2020-12-18,13.272000312805176,13.203886985778809,342064000,-0.005190365867012492,-0.0035111185091528663,4539873514.99939
2020-12-21,13.332249641418457,13.263824462890625,302332000,0.004539381257683495,-0.0039062790518439305,4030765698.589325
2020-12-22,13.278249740600586,13.210101127624512,185580000,-0.004050365369084874,-0.002073092860288006,2464177586.8606567
2020-12-23,13.009249687194824,12.94248104095459,179144000,-0.020258746249132376,0.000745811250824957,2330529025.9628296
2020-12-24,12.993749618530273,12.92706298828125,97884000,-0.0011912748896097947,0.0035365890047962534,1271880187.6602173
2020-12-28,12.899999618530273,12.833794593811035,212564000,-0.0072149717654168555,0.008722529021144565,2742075518.913269
2020-12-29,12.943249702453613,12.876819610595703,170372000,0.003352478214464938,-0.00222738052560012,2205167338.306427
2020-12-30,13.145750045776367,13.07828140258789,225396000,0.01564530668942621,0.0013415471654707467,2962999477.31781
2020-12-31,13.055000305175781,12.987995147705078,192424000,-0.006903525937662303,0.006438845522919845,2512095378.7231445
2021-01-04,13.113499641418457,13.046198844909668,560640000,0.004481345776824908,-0.014754827521051062,7351952438.964844
2021-01-05,13.404749870300293,13.335951805114746,322760000,0.022209761145725038,0.007082595157549276,4326517068.138123
2021-01-06,12.614500045776367,12.549757957458496,580424000,-0.058952961074343446,0.005709842747752214,7321758574.569702
2021-01-07,13.343999862670898,13.275514602661133,461480000,0.05783033008786509,0.014847403800101189,6157989056.625366
2021-01-08,13.276749610900879,13.208609580993652,292528000,-0.0050397309384955236,0.005491862685268911,3883821010.1776123
2021-01-11,13.621500015258789,13.551591873168945,518344000,0.02596657052145912,-0.006554750898592476,7060622803.909302
2021-01-12,13.484749794006348,13.41554069519043,291476000,-0.010039497887173399,0.0004157884466327033,3930480930.957794
2021-01-13,13.531749725341797,13.462302207946777,210028000,0.003485622668426114,0.0022756417379066196,2842046331.314087
2021-01-14,13.200249671936035,13.132499694824219,283120000,-0.02449822534275581,-0.0037534511943366766,3737254687.1185303
2021-01-15,12.85949993133545,12.793500900268555,277780000,-0.025813729482839443,-0.007190027975370938,3572111890.926361
2021-01-19,13.025250434875488,12.958399772644043,226188000,0.012889268829615386,0.008136379515524483,2946155345.363617
2021-01-20,13.365750312805176,13.297154426574707,258572000,0.026141704213030748,0.013935625421946263,3456008789.88266
2021-01-21,13.867500305175781,13.79632568359375,337780000,0.03753970518846028,0.0003167233075522802,4684164253.082275
2021-01-22,13.712499618530273,13.642122268676758,246820000,-0.011177136467600768,-0.0030106116552376383,3384519155.845642
2021-01-25,13.653249740600586,13.583179473876953,251112000,-0.004320647010703116,0.0036158389430824833,3428494848.8616943
2021-01-26,13.435250282287598,13.366296768188477,163980000,-0.01596700581815791,-0.0014888337468982327,2203112341.2895203
2021-01-27,12.917750358581543,12.851454734802246,371272000,-0.03851792626747186,-0.025677883699462,4795999011.131287
2021-01-28,13.050999641418457,12.984020233154297,228316000,0.01031521342039654,0.009760625975629766,2979752034.1300964
2021-01-29,12.989749908447266,12.923081398010254,271552000,-0.004693371856309803,-0.019311475173124593,3527392567.138672
2021-02-01,13.237000465393066,13.16906452178955,217204000,0.0190344017965538,0.016051767614439383,2875129449.0852356
2021-02-02,13.556750297546387,13.487174034118652,220440000,0.024155816975667266,0.013898223484416938,2988450035.5911255
2021-02-03,13.530500411987305,13.4610595703125,245408000,-0.0019362442969957927,0.0010087690809532646,3320493045.1049805
2021-02-04,13.664250373840332,13.594120025634766,201340000,0.009884842617866596,0.010853322230420792,2751160170.2690125
2021-02-05,13.590999603271484,13.521246910095215,169152000,-0.00536063499528705,0.003897495164625342,2298944764.892578
2021-02-08,14.438750267028809,14.364646911621094,434624000,0.062375904170212326,0.007399348360373592,6275427396.057129
2021-02-09,14.263250350952148,14.190046310424805,287560000,-0.012154882905965225,-0.0011135249921484514,4101540270.9198
2021-02-10,14.764249801635742,14.688474655151367,485352000,0.03512520916583539,-0.00034518493235935477,7165858169.723511
2021-02-11,15.250749588012695,15.172475814819336,450828000,0.03295108382804246,0.0016624551635393559,6875464935.264587
2021-02-12,14.961250305175781,14.884462356567383,374756000,-0.018982627605881097,0.0047110331133788375,5606818319.366455
2021-02-16,15.330249786376953,15.251572608947754,321960000,0.02466399145538456,-0.0005692724183511411,4935727221.221924
2021-02-17,14.906000137329102,14.829498291015625,274756000,-0.02767415064362,-0.0003204020092266724,4095512973.7319946
2021-02-18,14.829000473022461,14.752894401550293,233868000,-0.00516564269148212,-0.004415835627354592,3468028682.624817
2021-02-19,14.92650032043457,14.849892616271973,271724000,0.006574859961817836,-0.0018548966445751658,4055888373.069763
2021-02-22,14.35575008392334,14.282073974609375,325884000,-0.03823722206855573,-0.0077328394581538396,4678309260.349274
2021-02-23,14.142000198364258,14.069419860839844,391780000,-0.014889582153655434,0.0012563181187927874,5540552837.715149
2021-02-24,14.49899959564209,14.424583435058594,448320000,0.025243654516793113,0.01135161376597904,6500191498.718262
2021-02-25,13.307499885559082,13.239202499389648,824436000,-0.08217782794253226,-0.02447880752512621,10971181975.650787
2021-02-26,13.714500427246094,13.644112586975098,500932000,0.030584175112067014,-0.004750214169902844,6870032128.02124
2021-03-01,13.841750144958496,13.770710945129395,353184000,0.00927860697039029,0.023790763506800205,4888684683.1970215
2021-03-02,13.40625,13.337447166442871,264116000,-0.03146270228261283,-0.008080851690870694,3540805125.0
2021-03-03,12.804750442504883,12.739032745361328,377592000,-0.044867238356314454,-0.01306622187199813,4834971329.086304
2021-03-04,12.37024974822998,12.30675983428955,573344000,-0.033932946065248215,-0.013417213930100202,7092408471.64917
2021-03-05,12.46150016784668,12.397542953491211,542840000,0.007376687318518815,0.01949596819778221,6764600751.113892
2021-03-08,11.593250274658203,11.5337495803833,543112000,-0.06967456183442067,-0.005359231030161227,6296433343.170166
2021-03-09,12.52025032043457,12.460291862487793,521824000,0.08033313673468023,0.01415464230382213,6533367103.210449
2021-03-10,12.468250274658203,12.40854263305664,384376000,-0.004153131403522359,0.006030313342701321,4792496167.5720215
2021-03-11,12.993499755859375,12.931273460388184,299916000,0.04212668987726054,0.010395487004435822,3896958472.7783203
2021-03-12,12.855999946594238,12.794435501098633,243964000,-0.010581939954229624,0.0010153984958789497,3136401170.9709167
2021-03-15,13.19124984741211,13.128077507019043,221988000,0.026077118126216714,0.006491921301497117,2928299171.1273193
2021-03-16,13.291250228881836,13.2275972366333,272128000,0.007580678097082183,-0.0015696837343783798,3616921342.2851562
2021-03-17,13.3412504196167,13.277358055114746,243864000,0.0037618939850718736,0.00287938213053085,3253450692.3294067
2021-03-18,12.72249984741211,12.661575317382812,293896000,-0.04637840865447773,-0.014760539319459198,3739091815.1550293
2021-03-19,12.845749855041504,12.784232139587402,299208000,0.009687327139791035,-0.0006027039747036333,3843551122.6272583
2021-03-22,13.186249732971191,13.123099327087402,297804000,0.026506651615834764,0.007025118077311765,3926917915.4777527
2021-03-23,13.07075023651123,13.008155822753906,222048000,-0.008758868729755065,-0.007630854183940605,2902333948.5168457
2021-03-24,12.642999649047852,12.582452774047852,245840000,-0.032725857108923395,-0.00546733601831495,3108155033.721924
2021-03-25,12.535249710083008,12.475218772888184,295144000,-0.008522503766582368,0.005240265846959469,3699703740.4327393
2021-03-26,12.839249610900879,12.777764320373535,363968000,0.02425172279486265,0.016631202604519668,4673076002.380371
2021-03-29,12.948249816894531,12.886238098144531,273520000,0.008489261114171587,-0.0008680126852336212,3541605289.916992
2021-03-30,12.871749877929688,12.81010913848877,200204000,-0.005907772235461239,-0.0031578329337678124,2576975812.561035
2021-03-31,13.348250389099121,13.28432846069336,314776000,0.03701914769638992,0.0036224990395776757,4201708864.479065
2021-04-01,13.811750411987305,13.745606422424316,308276000,0.0347234685664255,0.011825201774944727,4257831170.0057983
2021-04-05,13.987500190734863,13.920516014099121,255672000,0.012724763557136365,0.014438226417743616,3576212148.765564
2021-04-06,13.861499786376953,13.795117378234863,191744000,-0.00900818875803533,-0.0009735307519511682,2657859415.0390625
2021-04-07,14.143500328063965,14.075767517089844,251284000,0.02034416461709654,0.001475232784985625,3554035336.4372253
2021-04-08,14.317000389099121,14.248438835144043,244416000,0.012267275503417663,0.0042206328286402695,3499303967.102051
2021-04-09,14.399999618530273,14.331040382385254,195172000,0.005797234924957095,0.007719934348738189,2810476725.5477905
2021-04-12,15.208999633789062,15.1361665725708,869324000,0.056180582058449335,-0.00019607884876882142,13221548397.644043
2021-04-13,15.679499626159668,15.604413032531738,676212000,0.030935604316714826,0.0032944868090414303,10602665801.204681
2021-04-14,15.277000427246094,15.203840255737305,385500000,-0.025670480264738504,-0.004087726727828533,5889283664.703369
2021-04-15,16.137250900268555,16.059968948364258,598480000,0.05631002945482044,0.01109419052516647,9657821918.792725
2021-04-16,15.912500381469727,15.836298942565918,335208000,-0.013927175483183007,0.0036088195555097347,5333997427.871704
2021-04-19,15.361749649047852,15.288182258605957,404420000,-0.03461141305476967,-0.005306560094486046,6212598793.067932
2021-04-20,15.171250343322754,15.09859561920166,334132000,-0.012400862064394613,-0.006802319771775922,5069200219.715118
2021-04-21,15.36050033569336,15.286942481994629,216776000,0.012474462363468941,0.009306055472153574,3329787820.7702637
2021-04-22,14.850250244140625,14.779132843017578,277788000,-0.03321852225029054,-0.009210657476561801,4125221314.819336
2021-04-23,15.265250205993652,15.192148208618164,227500000,0.027945845672245673,0.010928696540176919,3472844421.863556
2021-04-26,15.477999687194824,15.403878211975098,197796000,0.013936804752656684,0.001782270924804541,3061486426.1283875
2021-04-27,15.381750106811523,15.308089256286621,164572000,-0.006218496041731192,-0.00021489588801437698,2531405378.578186
2021-04-28,15.276749610900879,15.203592300415039,209416000,-0.006826257289339277,-0.0008455399168898481,3199195796.5164185
2021-04-29,15.324749946594238,15.251362800598145,173196000,0.003142053485727825,0.006762806734045723,2654185391.7503357
2021-04-30,15.009499549865723,14.937621116638184,201912000,-0.02057138683683113,-0.007194706699326425,3030598073.112488
2021-05-03,14.836750030517578,14.76569938659668,203912000,-0.011509311201501116,0.002748090747253684,3025391372.2229004
2021-05-04,14.351249694824219,14.282523155212402,405324000,-0.03272288150623415,-0.006678337608227225,5816905931.304932
2021-05-05,14.458499908447266,14.38925838470459,292024000,0.007473135406977027,0.0007034637617677753,4222228977.2644043
2021-05-06,14.52299976348877,14.453451156616211,193380000,0.004461159164384387,0.008165456466051824,2808457694.2634583
2021-05-07,14.812250137329102,14.741316795349121,229328000,0.019916740687993872,0.007373341616968343,3396863699.493408
2021-05-10,14.26574993133545,14.197434425354004,268904000,-0.03689510086145842,-0.010435647322188157,3836117219.5358276
2021-05-11,14.306249618530273,14.237735748291016,285584000,0.0028386342017570065,-0.00867391280271812,4085635991.0583496
2021-05-12,13.758500099182129,13.692610740661621,303408000,-0.03828733846916821,-0.021449400664502738,4174438998.0926514
2021-05-13,13.665249824523926,13.599808692932129,285404000,-0.006777527637874536,0.012173141406923493,3900116960.9184265
2021-05-14,14.243000030517578,14.17479419708252,258616000,0.04227894061842297,0.014917956876899785,3683467695.892334
2021-05-17,14.165499687194824,14.09765911102295,216980000,-0.00544170765283114,-0.0025300521932207776,3073630122.127533
2021-05-18,14.01574993133545,13.948629379272461,186256000,-0.010571239563734514,-0.008517292959364653,2610517519.2108154
2021-05-19,14.065750122070312,13.99838924407959,344000000,0.0035673659005572844,-0.002943411456817757,4838618041.9921875
2021-05-20,14.612500190734863,14.542521476745605,321592000,0.03887106031832532,0.010554741756143349,4699263161.338806
2021-05-21,14.99174976348877,14.919955253601074,672992000,0.025953805704121535,-0.0007838806801412357,10089327656.829834
2021-05-24,15.612000465393066,15.537235260009766,554816000,0.041372778665653476,0.009911292190138532,8661787650.20752
2021-05-25,15.647749900817871,15.57281494140625,435408000,0.0022899621973324624,-0.0021252837802967495,6813155488.815308
2021-05-26,15.699999809265137,15.62481689453125,370440000,0.003339277665641127,0.0018768165702687245,5815907929.344177
2021-05-27,15.48799991607666,15.413829803466797,581476000,-0.013503332070297747,0.0011653145418315525,9005900239.200592
2021-05-28,16.24449920654297,16.166709899902344,644536000,0.04884445371689594,0.0007688818911402162,10470164540.588379
2021-06-01,16.26449966430664,16.186609268188477,472804000,0.0012308854683074077,-0.0004923335226864056,7689920499.282837
2021-06-02,16.778249740600586,16.697900772094727,594168000,0.03158731365135803,0.0014469348384307246,9969099091.873169
2021-06-03,16.969749450683594,16.888479232788086,580008000,0.011413318553901819,-0.0036287033416374515,9842590439.39209
2021-06-04,17.578250885009766,17.494068145751953,617120000,0.03585810804019274,0.008834095710505974,10847890186.157227
2021-06-07,17.618999481201172,17.534626007080078,575756000,0.0023183779204594135,-0.0007967387044511831,10144244665.298462
2021-06-08,17.457000732421875,17.37339973449707,323848000,-0.009194736889050703,0.00017502486450582388,5653414773.193359
2021-06-09,17.35824966430664,17.27907943725586,381656000,-0.0054290063362743,-0.0018238673194856947,6624880133.880615
2021-06-10,17.424999237060547,17.34552764892578,287772000,0.003845587486949853,0.004652243012262192,5014426880.447388
2021-06-11,17.82525062561035,17.74395751953125,416308000,0.022970178749802672,0.0019484346695590737,7420794437.446594
2021-06-14,18.018749237060547,17.93657112121582,321376000,0.010855165848574488,0.0018152018730952513,5790793554.80957
2021-06-15,17.78849983215332,17.707366943359375,243032000,-0.012778594989392156,-0.0020116937805257917,4323174691.207886
2021-06-16,17.81024932861328,17.72901725769043,307124000,0.0012226727101949386,-0.005390124612855707,5469955014.801025
2021-06-17,18.657249450683594,18.57215690612793,809656000,0.04755704369748792,-0.00043571559205179966,15105953961.242676
2021-06-18,18.638750076293945,18.553741455078125,968856000,-0.0009915623232608084,-0.013124468779900589,18058264843.917847
2021-06-21,18.427249908447266,18.343202590942383,672384000,-0.011347515251600049,0.014002289962720793,12390188002.441406
2021-06-22,18.886749267578125,18.800613403320312,580144000,0.02493625691098189,0.005124491902218642,10957034267.089844
2021-06-23,19.057249069213867,18.9703311920166,332356000,0.009027247412380479,-0.0010832833431588806,6333791071.647644
2021-06-24,19.20549964904785,19.117902755737305,320924000,0.007779071552678429,0.005811249724885448,6163505769.371033
2021-06-25,19.0310001373291,18.944204330444336,278364000,-0.009085642264857863,0.0033305973193167304,5297545322.227478
2021-06-28,19.985000610351562,19.89385414123535,495436000,0.05012877786927583,0.0023149642620619026,9901288762.390137
2021-06-29,20.026750564575195,19.93541145324707,367632000,0.0020889522822820084,0.00027733619326086867,7362474363.555908
2021-06-30,20.002500534057617,19.91127586364746,326568000,-0.0012106893131457186,0.0013281596467464851,6532176594.406128
2021-07-01,20.211999893188477,20.119813919067383,480136000,0.010473364783251116,0.0052216268542757405,9704508780.715942
2021-07-02,20.48699951171875,20.39356231689453,342764000,0.01360591101529618,0.007500081663913916,7022205900.634766
2021-07-06,20.69849967956543,20.60409927368164,446708000,0.010323696935120363,-0.0020218560598241897,9246185394.859314
2021-07-07,20.371749877929688,20.27883529663086,418428000,-0.015786372057828957,0.003358975310182588,8524110557.922363
2021-07-08,19.90275001525879,19.811975479125977,503300000,-0.02302202324126812,-0.008561024934316985,10017054082.679749
2021-07-09,20.050249099731445,19.95880126953125,296624000,0.00741096164589794,0.011277947808795874,5947385088.95874
2021-07-12,20.512500762939453,20.4189453125,321984000,0.023054693353312672,0.0034511743312370946,6604697045.654297
2021-07-13,20.25,20.15764045715332,290708000,-0.012797176903486585,-0.0035168126585656267,5886837000.0
2021-07-14,19.84149932861328,19.751008987426758,380100000,-0.020172572806370415,0.0011649345752446916,7541753894.805908
2021-07-15,18.966249465942383,18.879745483398438,550564000,-0.044112354188231895,-0.0032622408541723713,10442134170.967102
2021-07-16,18.160999298095703,18.07817268371582,688224000,-0.042456758772911773,-0.007538854211077806,12498835580.932617
2021-07-19,18.77975082397461,18.694101333618164,749060000,0.03407029353454227,-0.015869512427409305,14067160152.20642
2021-07-20,18.61199951171875,18.527116775512695,434687000,-0.008932473143556496,0.015162609437855634,8090394231.750488
2021-07-21,19.40999984741211,19.321474075317383,371017000,0.042875386895309564,0.008241819990835397,7201439913.387299
2021-07-22,19.5939998626709,19.504638671875,323826000,0.00947984588772166,0.0020166699583279435,6345046599.529266
2021-07-23,19.558000564575195,19.468799591064453,195672000,-0.0018374644828579312,0.010145452020822843,3826953086.4715576
2021-07-26,19.29400062561035,19.20600128173828,203943000,-0.013498434153423,0.0023821998626283314,3934876369.588852
2021-07-27,19.20800018310547,19.12039566040039,248863000,-0.004457232928505861,-0.0047124448070912095,4780160549.568176
2021-07-28,19.503000259399414,19.41405487060547,202191000,0.01535842748344729,-0.0001862618826539153,3943331125.448227
2021-07-29,19.66200065612793,19.572322845458984,190781000,0.008152236918478328,0.004206152980007483,3751136147.1767426
2021-07-30,19.499000549316406,19.41006851196289,183497000,-0.00828998861183916,-0.0054060480514769305,3578008103.7979126
2021-08-02,19.75,19.65992546081543,217444000,0.01287254337605992,-0.001842805614891363,4294519000.0
2021-08-03,19.815000534057617,19.724628448486328,301811000,0.0032911105283617292,0.0082034265474622,5980385126.1844635
2021-08-04,20.27400016784668,20.181533813476562,231309000,0.023164206422620737,-0.004632387901412294,4689558704.824448
2021-08-05,20.636999130249023,20.54288101196289,211435000,0.017904843201017373,0.006005446813494242,4363383911.104202
2021-08-06,20.365999221801758,20.273115158081055,178497000,-0.013131841328620886,0.001675266241764728,3635269763.0939484
2021-08-09,20.295000076293945,20.202430725097656,146443000,-0.003486609355899728,-0.0009399082741974318,2972060696.172714
2021-08-10,19.93600082397461,19.845073699951172,179238000,-0.01768881329228056,0.0009926793341701323,3573288915.687561
2021-08-11,19.698999404907227,19.609155654907227,185925000,-0.011887990370352042,0.0012757437876824707,3662536464.357376
2021-08-12,19.905000686645508,19.814218521118164,151652000,0.0104575061680241,0.004146380281677686,3018633164.1311646
2021-08-13,20.187999725341797,20.095924377441406,183063000,0.014217358914407674,0.001607306655808216,3695675793.7202454
2021-08-16,19.950000762939453,19.85901641845703,210876000,-0.011788856015517046,0.002620850702215849,4206976360.88562
2021-08-17,19.45800018310547,19.369260787963867,204585000,-0.024661625740838966,-0.00706069881494753,3980814967.4606323
2021-08-18,19.040000915527344,18.953161239624023,285913000,-0.02148246920184016,-0.010748470745585936,5443783781.761169
2021-08-19,19.79800033569336,19.70770263671875,766555000,0.039810846726574534,0.0012566922329095842,15176256147.327423
2021-08-20,20.81599998474121,20.721057891845703,675741000,0.05141924829121902,0.008141567655737925,14066224645.68901
2021-08-23,21.95800018310547,21.857851028442383,575807000,0.05486173256839555,0.00852379036424833,12643570211.43341
2021-08-24,21.792999267578125,21.693605422973633,297299000,-0.007514261363343877,0.0014957363013194946,6479036889.251709
2021-08-25,22.21299934387207,22.111690521240234,347701000,0.019272273562413345,0.002220118224179668,7723482084.863663
2021-08-26,22.06800079345703,21.967355728149414,237940000,-0.0065275331595372466,-0.005824918819612557,5250860108.795166
2021-08-27,22.63599967956543,22.53276252746582,304722000,0.025738500633095462,0.008807632480425154,6897687094.356537
2021-08-30,22.687999725341797,22.584524154663086,262580000,0.002297171824101607,0.004306570844779589,5957414967.880249
2021-08-31,22.385000228881836,22.286832809448242,259850000,-0.013181209538717598,-0.0013491160395050494,5816742309.474945
2021-09-01,22.44099998474121,22.342594146728516,201767000,0.002501985713135202,0.0003116886257619189,4527853243.92128
2021-09-02,22.395999908447266,22.29779052734375,187834000,-0.002005300686685252,0.002842638410522902,4206730246.8032837
2021-09-03,22.843000411987305,22.742826461791992,280532000,0.019958745863295047,-0.0003350311257153127,6408192591.575623
2021-09-07,22.66200065612793,22.5626220703125,198107000,-0.00792357061609017,-0.003395574405981705,4489500963.983536
2021-09-08,22.339000701904297,22.241037368774414,254434000,-0.014252984450828565,-0.001318566739775151,5683801304.588318
2021-09-09,22.177000045776367,22.079748153686523,196856000,-0.007251874650160639,-0.004605608657393345,4365675521.011353
2021-09-10,22.47800064086914,22.37942886352539,248376000,0.013572650727396551,-0.007722578759925436,5582995887.176514
2021-09-13,22.152000427246094,22.054855346679688,297500000,-0.014503208228638154,0.0022764876184568905,6590220127.105713
2021-09-14,22.242000579833984,22.14446258544922,199755000,0.0040629257077862135,-0.00574663850657553,4442950825.824738
2021-09-15,22.340999603271484,22.243026733398438,166538000,0.004450961389055541,0.008473996979569742,3720625391.9296265
2021-09-16,22.242000579833984,22.14446258544922,156033000,-0.0044312381192809225,-0.0015511404489350067,3470486076.473236
2021-09-17,21.899999618530273,21.80396270751953,294503000,-0.01537629900097126,-0.009110872450405094,6449615587.656021
2021-09-20,21.113000869750977,21.020416259765625,349440000,-0.03593596532265597,-0.01697731100841482,7377727023.925781
2021-09-21,21.246000289916992,21.152830123901367,204688000,0.0062992979063498655,-0.0008123585165593639,4348801307.342529
2021-09-22,21.94099998474121,21.844783782958984,268726000,0.03271210778910172,0.009519611195260236,5896117161.899567
2021-09-23,22.48200035095215,22.383407592773438,248555000,0.02465686157235547,0.012134715784494876,5588013597.230911
2021-09-24,22.08099937438965,21.984169006347656,217655000,-0.017836363152975765,0.001461009046688222,4806039918.832779
2021-09-27,21.65999984741211,21.565017700195312,245215000,-0.019066051849916166,-0.0027763826213396126,5311356862.58316
2021-09-28,20.698999404907227,20.608230590820312,343069000,-0.044367555022518435,-0.020364110556098214,7101185026.842117
2021-09-29,20.517000198364258,20.427024841308594,218394000,-0.008792882470581187,0.0015691842194003325,4480789741.321564
2021-09-30,20.715999603271484,20.62515640258789,221009000,0.009699482074287502,-0.011909714125195148,4578422356.3194275
2021-10-01,20.742000579833984,20.651039123535156,240978000,0.0012549102873236073,0.01149147763018199,4998365815.727234
2021-10-04,19.73200035095215,19.645471572875977,345635000,-0.048693314880856264,-0.012985898136748442,6820069941.301346
2021-10-05,20.451000213623047,20.361316680908203,279282000,0.03643817382427095,0.010524514660609219,5711596241.661072
2021-10-06,20.700000762939453,20.609230041503906,297202000,0.012175703785804792,0.004102792854185466,6152081626.747131
2021-10-07,21.075000762939453,20.98257827758789,256919000,0.018115583907410304,0.008298280656405366,5414568121.013641
2021-10-08,20.83099937438965,20.73965072631836,151258000,-0.011577583462610508,-0.0019137230947889883,3150855303.3714294
2021-10-11,20.69499969482422,20.604249954223633,163388000,-0.006528594617213335,-0.006865763848056816,3381314610.1379395
2021-10-12,20.67099952697754,20.580352783203125,162134000,-0.0011598175654828902,-0.0024167805585421087,3351471837.3069763
2021-10-13,20.93899917602539,20.847179412841797,180652000,0.012965114468613148,0.00302251448379387,3782672079.147339
2021-10-14,21.746000289916992,21.650636672973633,243589000,0.038540334124860465,0.01706310194558336,5297086464.62059
2021-10-15,21.86199951171875,21.766128540039062,226994000,0.005334340454273834,0.007460210377712606,4962542717.163086
2021-10-18,22.222000122070312,22.124549865722656,189494000,0.016466930489005938,0.00337476955709759,4210935691.131592
2021-10-19,22.290000915527344,22.19225311279297,161473000,0.0030600960237028296,0.007393339551406308,3599233317.832947
2021-10-20,22.10300064086914,22.006074905395508,146276000,-0.008389333270993449,0.0036640298040166996,3233138521.7437744
2021-10-21,22.691999435424805,22.592487335205078,187590000,0.026647752147103354,0.002995871849622578,4256792174.091339
2021-10-22,22.72599983215332,22.6263427734375,249384000,0.0014985263787075098,-0.0010725536274130976,5667500742.141724
2021-10-25,23.166000366210938,23.064411163330078,230235000,0.019360989722424504,0.004748196569493546,5333624094.314575
2021-10-26,24.716999053955078,24.608610153198242,485898000,0.06695158956944347,0.0018197952535197182,12009940406.318665
2021-10-27,24.451000213623047,24.34377098083496,245990000,-0.010762053229115942,-0.005051568068462853,6014701542.549133
2021-10-28,24.94099998474121,24.831626892089844,234204000,0.020040276900360032,0.009829281576461124,5841281960.426331
2021-10-29,25.566999435424805,25.45488166809082,292503000,0.025099232471132105,0.001949334719149265,7478424035.860062
2021-11-01,25.82699966430664,25.7137393951416,265740000,0.010169276385805226,0.0018000771431341267,6863266890.792847
2021-11-02,26.400999069213867,26.285228729248047,294112000,0.022225057403141513,0.0036803630854131963,7764850638.244629
2021-11-03,26.597999572753906,26.481361389160156,239910000,0.007461706418170566,0.006461279195357994,6381126077.49939
2021-11-04,29.801000595092773,29.670312881469727,1153631000,0.12042249057538745,0.004181942361150437,34379358117.51747
2021-11-05,29.75200080871582,29.621530532836914,851260000,-0.0016441467546262079,0.003732799652949259,25326688208.42743
2021-11-08,30.804000854492188,30.668916702270508,503101000,0.03535894839304521,0.0008877879113036169,15497523633.895874
2021-11-09,30.656999588012695,30.522563934326172,646746000,-0.004772022740976101,-0.003498775895770745,19827291855.54886
2021-11-10,29.458999633789062,29.329816818237305,636206000,-0.03907755320474515,-0.008225823395229703,18741992321.014404
2021-11-11,30.389999389648438,30.256729125976562,332172000,0.031603071832446705,0.0005509400447352153,10094706877.2583
2021-11-12,30.389999389648438,30.256729125976562,413054000,0.0,0.007222656026415475,12552710807.891846
2021-11-15,30.024999618530273,29.893333435058594,384909000,-0.012010408970676845,-1.0739820344718431e-05,11556892578.168869
2021-11-16,30.202999114990234,30.0705509185791,264484000,0.005928327929887844,0.003865229864862485,7988210017.929077
2021-11-17,29.26099967956543,29.132680892944336,428508000,-0.031188987131436363,-0.002601625374463401,12538572450.691223
2021-11-18,31.674999237060547,31.536096572875977,781711000,0.08249895328080581,0.0033847802152713324,24760695328.601837
2021-11-19,32.98500061035156,32.84035110473633,533867000,0.041357513249820954,-0.001398665559303236,17609603320.846558
2021-11-22,31.95599937438965,31.81586265563965,754335000,-0.031196026066509508,-0.0031971365563219223,24105528788.080215
2021-11-23,31.746000289916992,31.606788635253906,532163000,-0.006571376757835035,0.001657132912945114,16894046752.283096
2021-11-24,32.67399978637695,32.53071212768555,435162000,0.029231805328084004,0.0022938506357221833,14218483095.039368
2021-11-26,31.503000259399414,31.36485481262207,283069000,-0.03583866564271321,-0.022724822637582465,8917522780.427933
2021-11-29,33.375999450683594,33.229637145996094,454964000,0.059454518266208733,0.013200199537034996,15184878214.08081
2021-11-30,32.67599868774414,32.5327033996582,622066000,-0.020973257796221945,-0.01896131033450521,20326627799.690247
2021-12-01,31.434999465942383,31.300981521606445,484368000,-0.037861036721119734,-0.011815187417889228,15226107821.31958
2021-12-02,32.125999450683594,31.98902702331543,472890000,0.021981595089407557,0.01419443613158311,15192063880.233765
2021-12-03,30.69300079345703,30.56214714050293,544325000,-0.044605291738711195,-0.008448563730297565,16706967656.898499
2021-12-06,30.03700065612793,29.90894317626953,658938000,-0.021372973607856616,0.011730872577451423,19792521138.347626
2021-12-07,32.426998138427734,32.28875732421875,593053000,0.07956864720774948,0.020707080374404274,19230928526.988983
2021-12-08,31.826000213623047,31.6903133392334,475551000,-0.018534128736397038,0.0030852853123166657,15134886227.588654
2021-12-09,30.489999771118164,30.36000633239746,488507000,-0.041978348165746415,-0.007181080169894716,14894578318.189621
2021-12-10,30.197999954223633,30.06925392150879,488825000,-0.009576823130580392,0.009549073338481762,14761537327.623367
2021-12-13,28.160999298095703,28.040935516357422,598344000,-0.06745489630191637,-0.009136167611567658,16849964964.019775
2021-12-14,28.336999893188477,28.216188430786133,667035000,0.006249895419019769,-0.0074706775774360246,18901770723.752975
2021-12-15,30.458999633789062,30.329137802124023,698297000,0.07488429475586056,0.016348464630746795,21269428067.276
2021-12-16,28.386999130249023,28.265974044799805,707366000,-0.06802579653879015,-0.008743415379980468,20079998026.76773
2021-12-17,27.801000595092773,27.682472229003906,713758000,-0.020643258741803283,-0.010287680637092622,19843186582.752228
2021-12-20,27.7189998626709,27.60082244873047,461847000,-0.0029495118643301232,-0.01138805785140995,12801936929.574966
2021-12-21,29.075000762939453,28.951038360595703,524385000,0.048919408628975036,0.017777934551572505,15246494275.074005
2021-12-22,29.399999618530273,29.2746524810791,395184000,0.011177979748175693,0.010180197220578835,11618409449.249268
2021-12-23,29.639999389648438,29.513633728027344,343022000,0.008163418749469464,0.006223699921661829,10167171870.635986
2021-12-27,30.94499969482422,30.813068389892578,403686000,0.044028284481664404,0.01383893524747526,12492063146.80481
2021-12-28,30.32200050354004,30.192729949951172,420591000,-0.02013231633058954,-0.0010101548486260992,12753160513.784409
2021-12-29,30.000999450683594,29.873096466064453,343139000,-0.010586438669724751,0.0014018951394270118,10294512950.508118
2021-12-30,29.586000442504883,29.459863662719727,308864000,-0.013832941751256156,-0.0029897555945093135,9138050440.673828
2021-12-31,29.410999298095703,29.285614013671875,266530000,-0.0059148151886513345,-0.0026261799136575448,7838913642.921448
2022-01-03,30.121000289916992,29.992582321166992,391547000,0.024140463886639818,0.006374052530970564,11793787300.516129
2022-01-04,29.290000915527344,29.165122985839844,527154000,-0.027588799339334558,-0.000629621957060511,15440341142.623901
2022-01-05,27.604000091552734,27.486316680908203,498064000,-0.05756211985619708,-0.019392757790687165,13748558701.599121
2022-01-06,28.17799949645996,28.0578670501709,454186000,0.0207939963690984,-0.0009637690162076495,12798052879.299164
2022-01-07,27.246999740600586,27.130840301513672,409939000,-0.033039815428578034,-0.004050216740091761,11169607826.662064
2022-01-10,27.399999618530273,27.283187866210938,594681000,0.00561529104901215,-0.0014410312534549607,16294259173.147202
2022-01-11,27.816999435424805,27.698406219482422,404089000,0.015218835691327426,0.009159984668711818,11240543484.861374
2022-01-12,27.999000549316406,27.879629135131836,383413000,0.006542719975055622,0.002817754443029452,10735180797.615051
2022-01-13,26.575000762939453,26.461700439453125,540171000,-0.050858951129014174,-0.0142436152864307,14355044737.117767
2022-01-14,26.941999435424805,26.827136993408203,395832000,0.013810017795010232,0.0008199802697488323,10664505520.523071
2022-01-18,25.902999877929688,25.792560577392578,424270000,-0.03856454813906662,-0.018387945694007368,10989865758.209229
2022-01-19,25.066999435424805,24.960126876831055,488315000,-0.032274178364871564,-0.009689541868338813,12240591829.309464
2022-01-20,24.149999618530273,24.04703712463379,435181000,-0.036581935528734455,-0.01103737849414832,10509620983.991623
2022-01-21,23.374000549316406,23.274349212646484,718958000,-0.03213235410177673,-0.018914821867908604,16804924686.935425
2022-01-24,23.371999740600586,23.272354125976562,913982000,-8.572040625898225e-05,0.002771738943381896,21361587066.913605
2022-01-25,22.323999404907227,22.22882652282715,664616000,-0.04483979564339091,-0.012171906253646725,14836887188.491821
2022-01-26,22.77199935913086,22.67491340637207,755959000,0.020067945695956046,-0.0014966358477518371,17214697863.529205
2022-01-27,21.944000244140625,21.850440979003906,573353000,-0.036360554617883234,-0.00538408875771057,12581658371.97876
2022-01-28,22.84000015258789,22.742626190185547,543774000,0.040831451046637435,0.024347646888076113,12419798242.973328
2022-01-31,24.486000061035156,24.381608963012695,564680000,0.07206655727096467,0.018885951732779516,13826754514.465332
2022-02-01,24.63800048828125,24.532958984375,518925000,0.006207548549888697,0.00686300355780145,12785274403.381348
2022-02-02,25.242000579833984,25.13438606262207,543419000,0.02451506475962062,0.00942251544733641,13716982713.092804
2022-02-03,23.947999954223633,23.845901489257812,410178000,-0.05126381723245643,-0.024391082077444004,9822942725.223541
2022-02-04,24.319000244140625,24.215320587158203,354829000,0.015491932568236333,0.0051569298644233985,8629086537.628174
2022-02-07,24.72800064086914,24.622577667236328,376868000,0.01681815768708428,-0.0037017126347429485,9319192145.523071
2022-02-08,25.107999801635742,25.000953674316406,410359000,0.015367034767588938,0.008401207191663262,10303293690.599442
2022-02-09,26.704999923706055,26.591148376464844,524282000,0.06360536173394271,0.014517207887505545,14000950770.000458
2022-02-10,25.823999404907227,25.71390151977539,513200000,-0.0329901832094579,-0.01811572566845976,13252876494.598389
2022-02-11,23.948999404907227,23.846895217895508,605472000,-0.07260688544070426,-0.01896945434456343,14500448567.687988
2022-02-14,24.267000198364258,24.163545608520508,440424000,0.013278474523902517,-0.0038405967262932217,10687769295.36438
2022-02-15,26.4950008392334,26.38204002380371,699869000,0.09181162612580018,0.01576672117072042,18543029742.35344
2022-02-16,26.51099967956543,26.39797019958496,732676000,0.0006038265337660054,0.0008812077558950637,19423973201.22528
2022-02-17,24.506999969482422,24.40251922607422,810595000,-0.0755910760722851,-0.021173138152195015,19865251640.262604
2022-02-18,23.642000198364258,23.54120445251465,761255000,-0.03529614158194172,-0.0071661613961429005,17997590861.005783
2022-02-22,23.389999389648438,23.290279388427734,633422000,-0.010658973061172805,-0.010142945264832837,14815740193.389893
2022-02-23,22.386999130249023,22.29155158996582,566511000,-0.04288174400166933,-0.018412122845487655,12682481264.276505
2022-02-24,23.74799919128418,23.646753311157227,735801000,0.0607944097440678,0.014956856067329216,17473801552.94609
2022-02-25,24.156999588012695,24.054012298583984,528866000,0.01722261750134635,0.022372677655603468,12775815744.113922
2022-02-28,24.385000228881836,24.281036376953125,477319000,0.009438096046143096,-0.002442603440647617,11639423924.24965
2022-03-01,23.476999282836914,23.37690544128418,412056000,-0.037236093288304684,-0.015473503680411893,9673838416.488647
2022-03-02,24.219999313354492,24.120851516723633,389642000,0.031823975902542934,0.018642691757321028,9437128972.454071
2022-03-03,23.714000701904297,23.616918563842773,365095000,-0.020892005099051758,-0.005254666430088317,8657863086.26175
2022-03-04,22.93600082397461,22.84210777282715,431415000,-0.03280744644654243,-0.007934042550334475,9894934795.475006
2022-03-07,21.351999282836914,21.264591217041016,450821000,-0.06906177711247552,-0.029518158313449172,9625929668.68782
2022-03-08,21.513999938964844,21.425926208496094,557467000,0.0075870252951670825,-0.00723375351819977,11993345003.974915
2022-03-09,23.013999938964844,22.919788360595703,492742000,0.06972217385436719,0.02569824789143582,11339964357.925415
2022-03-10,22.658000946044922,22.565242767333984,428066000,-0.015468973259424312,-0.004291813651667864,9699119832.969666
2022-03-11,22.100000381469727,22.009532928466797,367209000,-0.024626805241893868,-0.012961545123475138,8115319040.079117
2022-03-14,21.329999923706055,21.242679595947266,385354000,-0.034841872156573306,-0.007421002465963666,8219600790.599823
2022-03-15,22.972999572753906,22.87895393371582,491996000,0.07702768054180553,0.021408574170870942,11302623897.79663
2022-03-16,24.496000289916992,24.395721435546875,671422000,0.06629531691988122,0.02238376135718223,16447153506.656647
2022-03-17,24.766000747680664,24.664615631103516,471941000,0.011022186667734246,0.01234781757145198,11688091158.86116
2022-03-18,26.452999114990234,26.344703674316406,730719000,0.06811734139064396,0.011662294827948783,19329709060.30655
2022-03-21,26.733999252319336,26.624555587768555,591727000,0.010622701128537582,-0.00043466036210393355,15819229175.577164
2022-03-22,26.52400016784668,26.415422439575195,547007000,-0.007854897239653269,0.0113041136006502,14508813759.813309
2022-03-23,25.634000778198242,25.52906608581543,502120000,-0.03355450232860324,-0.012272698789159042,12871344470.748901
2022-03-24,28.149999618530273,28.03476333618164,877379000,0.09815076046821924,0.01434391292056647,24698218515.306473
2022-03-25,27.691999435424805,27.57863426208496,579016000,-0.01627012393958749,0.005066170567449069,16034110745.101929
2022-03-28,28.2189998626709,28.10348129272461,425494000,0.019030929002934904,0.007144955276586762,12007015127.567291
2022-03-29,28.6560001373291,28.53868865966797,488984000,0.01548588811507945,0.012256547427530462,14012325571.151733
2022-03-30,27.690000534057617,27.57664680480957,463487000,-0.033710093211745784,-0.0062937001746978805,12833955277.528763
2022-03-31,27.285999298095703,27.17429542541504,523440000,-0.01459029381789656,-0.015652540713177343,14282583472.595215
2022-04-01,26.711999893188477,26.602643966674805,517235000,-0.021036477663578745,0.0034102225843584133,13816381264.753342
2022-04-04,27.360000610351562,27.247997283935547,397120000,0.024258991627643445,0.008090938687879357,10865203442.382812
2022-04-05,25.930999755859375,25.824840545654297,436615000,-0.05222977393352479,-0.012551720801807331,11321863458.404541
2022-04-06,24.406999588012695,24.307086944580078,703833000,-0.05877107347056287,-0.009716916613271898,17178451741.02974
2022-04-07,24.20800018310547,24.108896255493164,557992000,-0.008153617483608211,0.004253385628492534,13507870438.171387
2022-04-08,23.118999481201172,23.024354934692383,524781000,-0.04498510878753603,-0.002651026482054286,12132411666.744232
2022-04-11,21.91699981689453,21.8272762298584,575207000,-0.05199184551443237,-0.01687729010355421,12606811713.676453
2022-04-12,21.503999710083008,21.41596794128418,662258000,-0.0188437752948567,-0.003417447717741773,14241195840.000153
2022-04-13,22.202999114990234,22.112104415893555,516943000,0.03250548733160041,0.011174577597236057,11477684971.500397
2022-04-14,21.257999420166016,21.17097282409668,569097000,-0.04256182831338373,-0.01214413784439794,12097863696.018219
2022-04-18,21.783000946044922,21.693828582763672,525701000,0.024696822532022766,-0.0002048682840329885,11451345380.336761
2022-04-19,22.197999954223633,22.107128143310547,512781000,0.019051480884072935,0.016057604355527166,11382712614.526749
2022-04-20,21.48200035095215,21.39405632019043,468974000,-0.03225528971911662,-0.0006184750715809706,10074499632.587433
2022-04-21,20.183000564575195,20.100372314453125,656209000,-0.06046931850489723,-0.014752948498371943,13244266617.479324
2022-04-22,19.514999389648438,19.435110092163086,624713000,-0.03309700994004394,-0.027740054250753654,12191273813.705444
2022-04-25,19.902000427246094,19.820528030395508,641566000,0.019831013892112503,0.005697936985382235,12768446806.106567
2022-04-26,18.788000106811523,18.71108627319336,653143000,-0.05597437946662065,-0.028146308431003852,12271250753.763199
2022-04-27,18.415000915527344,18.339616775512695,499460000,-0.01985290924626082,0.0020980468517017847,9197556357.269287
2022-04-28,19.781999588012695,19.701019287109375,570327000,0.0742328767422471,0.02474690007293945,11282208479.032516
2022-04-29,18.547000885009766,18.4710750579834,500435000,-0.062430487032249404,-0.036284507106413955,9281568387.889862
2022-05-02,19.533000946044922,19.453039169311523,572049000,0.05316226089957388,0.005675242812353654,11173833658.184052
2022-05-03,19.601999282836914,19.52175521850586,475751000,0.003532406869500404,0.004837126381486367,9325670760.808945
2022-05-04,20.333999633789062,20.250755310058594,648855000,0.037342958324857456,0.02986242108440229,13193817332.382202
2022-05-05,18.8439998626709,18.766857147216797,626331000,-0.0732761884740537,-0.035649708609806985,11802581277.986526
2022-05-06,18.674999237060547,18.59855079650879,633297000,-0.008968275795341096,-0.0056742248424840325,11826820991.832733
2022-05-09,16.950000762939453,16.880613327026367,644455000,-0.09236942642890777,-0.03203710063235676,10923512741.680145
2022-05-10,17.594999313354492,17.522974014282227,761474000,0.03805316043981777,0.0024578974498534745,13398134507.137299
2022-05-11,16.6299991607666,16.56191635131836,670167000,-0.05484557941936974,-0.01646320750393837,11144876647.573471
2022-05-12,16.174999237060547,16.10878562927246,708728000,-0.02735980018458606,-0.0012959645058717717,11463674859.283447
2022-05-13,17.70599937438965,17.633516311645508,670437000,0.09465211825789943,0.02386969542307149,11870757102.567673
2022-05-16,17.263999938964844,17.193326950073242,521446000,-0.024963220822925458,-0.003946400929555671,9002243712.173462
2022-05-17,18.177000045776367,18.102590560913086,585830000,0.05288468098583854,0.020169632234863677,10648631936.81717
2022-05-18,16.937999725341797,16.8686580657959,545161000,-0.06816331016078336,-0.04039526078745259,9233936868.26706
2022-05-19,17.124000549316406,17.053903579711914,621310000,0.010981639036932833,-0.005833781800992588,10639312781.295776
2022-05-20,16.694000244140625,16.625659942626953,739105000,-0.02511117968289789,0.00014614176965843662,12338619050.445557
2022-05-23,16.898000717163086,16.828826904296875,639889000,0.012220084037026124,0.018555039930923556,10812844780.90477
2022-05-24,16.15399932861328,16.08786964416504,588550000,-0.04402904993589596,-0.008120797617175213,9507436304.855347
2022-05-25,16.975000381469727,16.905506134033203,781132000,0.05082316726532632,0.009450764734207695,13259715997.97821
2022-05-26,17.85099983215332,17.77791976928711,996575000,0.05160529524150781,0.019883256167224195,17789860157.728195
2022-05-27,18.81100082397461,18.733991622924805,738379000,0.05377861223613989,0.02474226295510973,13889647977.405548
2022-05-31,18.672000885009766,18.595561981201172,664100000,-0.007389222996888489,-0.006274368617659065,12400075787.734985
2022-06-01,18.31999969482422,18.24500274658203,544514000,-0.018851768770071664,-0.007482768681131846,9975496313.827515
2022-06-02,19.591999053955078,19.511798858642578,648656000,0.06943249774505333,0.018431018038486124,12708467738.342285
2022-06-03,18.719999313354492,18.64336585998535,598779000,-0.04450809507358988,-0.016347313992415624,11209142468.85109
2022-06-06,18.785999298095703,18.709095001220703,422406000,0.003525604857459008,0.003137400778913113,7935318819.511414
2022-06-07,18.926000595092773,18.848522186279297,388914000,0.007452374636480075,0.009523393173235029,7360586595.439911
2022-06-08,18.648000717163086,18.575590133666992,363252000,-0.014480289219225062,-0.010793945785935621,6773923556.510925
2022-06-09,18.04800033569336,17.977916717529297,395574000,-0.03217520476264457,-0.02379869397635359,7139319684.791565
2022-06-10,16.974000930786133,16.908084869384766,465248000,-0.059508110141671566,-0.029110303335524668,7897119985.046387
2022-06-13,15.647000312805176,15.58624267578125,604153000,-0.07817811442364808,-0.038768430665237275,9453182179.982185
2022-06-14,15.836000442504883,15.774506568908691,469680000,0.01207885037103762,-0.0037736797459957394,7437852687.835693
2022-06-15,16.527000427246094,16.46282386779785,563936000,0.043634791103122295,0.014592504858983224,9320170512.939453
2022-06-16,15.60099983215332,15.540420532226562,545749000,-0.056029472402699954,-0.03251195148816344,8514230057.397842
2022-06-17,15.880000114440918,15.81833553314209,630334000,0.01788336424610959,0.002200865698254617,10009703992.136002
2022-06-21,16.56599998474121,16.50167465209961,483089000,0.04319917968144038,0.024477242280086964,8002852366.628647
2022-06-22,16.360000610351562,16.296470642089844,437135000,-0.01243534455356965,-0.0013015723144006452,7151528866.80603
2022-06-23,16.225000381469727,16.1619930267334,463680000,-0.008251947204391707,0.009532217409177868,7523208176.879883
2022-06-24,17.125999450683594,17.059499740600586,472153000,0.055531932997535005,0.03056329358583576,8086092018.638611
2022-06-27,16.868999481201172,16.803489685058594,427968000,-0.01500689114187237,-0.0029730715337762392,7219391969.970703
2022-06-28,15.982000350952148,15.919937133789062,461149000,-0.05258149157285896,-0.020143036075892073,7370083479.841232
2022-06-29,15.541999816894531,15.481645584106445,482352000,-0.02753098495297268,-0.0007117454091590814,7496714695.678711
2022-06-30,15.159000396728516,15.100132942199707,686070000,-0.024642899867078794,-0.008759278267998716,10400135402.183533
2022-07-01,14.52299976348877,14.466602325439453,577610000,-0.0419553006046558,0.010553814029047315,8388629893.388748
2022-07-05,14.96399974822998,14.905893325805664,651397000,0.030365872406246996,0.0015841285142366157,9747504543.997765
2022-07-06,15.130000114440918,15.071246147155762,529066000,0.011093117180963175,0.0035731642904301975,8004768640.546799
2022-07-07,15.857999801635742,15.796420097351074,492903000,0.048116389521789316,0.014964587965241805,7816455676.225662
2022-07-08,15.838000297546387,15.77649974822998,467972000,-0.0012610673176788323,-0.000830271529819071,7411740675.243378
2022-07-11,15.152000427246094,15.093162536621094,437321000,-0.04331361344493112,-0.011527461422777274,6626287978.843689
2022-07-12,15.081999778747559,15.02343463897705,458483000,-0.00461983348253614,-0.009243878717321574,6914840504.559517
2022-07-13,15.163999557495117,15.105114936828613,521918000,0.005436859134704708,-0.0044569025122100925,7914364321.048737
2022-07-14,15.371999740600586,15.312308311462402,456235000,0.013716769154044517,-0.00299863390215227,7013244301.652908
2022-07-15,15.76200008392334,15.700789451599121,385935000,0.02537051450602723,0.01920124935943668,6083107502.388954
2022-07-18,16.10099983215332,16.038476943969727,670517000,0.02150767599371961,-0.008363571580831342,10795994104.455948
2022-07-19,16.992000579833984,16.9260196685791,702366000,0.055338342144955366,0.02762829164595959,11934603479.255676
2022-07-20,17.80699920654297,17.737852096557617,760538000,0.04796357583617694,0.005895806193263242,13542899562.545776
2022-07-21,18.049999237060547,17.979904174804688,557049000,0.01364607602597201,0.00986137270919718,10054734025.00534
2022-07-22,17.319000244140625,17.251745223999023,536671000,-0.040498488964476054,-0.00933246697634671,9294605180.023193
2022-07-25,17.02400016784668,16.9578914642334,480748000,-0.017033277268484248,0.0013151670479691902,8184254032.691956
2022-07-26,16.533000946044922,16.468799591064453,397865000,-0.028841549917954734,-0.01154320266205866,6577902421.398163
2022-07-27,17.790000915527344,17.720918655395508,569776000,0.07602977116865417,0.026156273782937722,10136315561.645508
2022-07-28,17.983999252319336,17.91416358947754,474646000,0.010904904979245789,0.012133338697180918,8536033309.116364
2022-07-29,18.163000106811523,18.092466354370117,435460000,0.009953172750823303,0.014207760082581844,7909260026.512146
2022-08-01,18.44099998474121,18.3693904876709,476469000,0.015306046609498969,-0.0028230841271976725,8786564821.72966
2022-08-02,18.525999069213867,18.454059600830078,489527000,0.004609250002933329,-0.006662395550704803,9068976746.355057
2022-08-03,18.89299964904785,18.81963539123535,418146000,0.019810047128536956,0.015638477163140152,7900032231.250763
2022-08-04,19.21500015258789,19.1403865814209,409652000,0.017043432750823984,-0.0007773401640558397,7871463242.507935
2022-08-05,18.98900032043457,18.915266036987305,386068000,-0.01176154637608584,-0.0016257460597355333,7331045375.709534
2022-08-08,17.792999267578125,17.723905563354492,981859000,-0.06298407177055831,-0.0012375507238541195,17470216467.86499
2022-08-09,17.086000442504883,17.019651412963867,668263000,-0.039734704513813446,-0.004248692893594086,11417941913.70964
2022-08-10,18.097000122070312,18.026723861694336,597422000,0.059171155994615754,0.021290637641290244,10811546006.92749
2022-08-11,17.941999435424805,17.872329711914062,509327000,-0.008564737051769633,-0.0007054739583503,9138344746.44661
2022-08-12,18.708999633789062,18.636348724365234,478094000,0.04274870846534684,0.017322368774566943,8944660470.916748
2022-08-15,19.031999588012695,18.958091735839844,457666000,0.017264272966407868,0.0039695418998517695,8710299123.447418
2022-08-16,18.878999710083008,18.805688858032227,451240000,-0.008038935560138794,0.0018756797165810912,8518959829.177856
2022-08-17,18.334999084472656,18.2637996673584,446799000,-0.0288151736830623,-0.007237794954094601,8192059255.943298
2022-08-18,18.773000717163086,18.700103759765625,415447000,0.02388900997348342,0.002269561170191503,7799186828.943253
2022-08-19,17.849000930786133,17.77968406677246,441588000,-0.049220031333382264,-0.012900001139847905,7881904623.023987
2022-08-22,17.034000396728516,16.967851638793945,409593000,-0.04566067793610051,-0.0214000649197158,6977007324.497223
2022-08-23,17.180999755859375,17.11427879333496,369986000,0.008629681450433857,-0.0022378626777133093,6356729375.671387
2022-08-24,17.222000122070312,17.155120849609375,522661000,0.002386431632183106,0.0029161604463010526,9001267805.801392
2022-08-25,17.913000106811523,17.843441009521484,770691000,0.04012330580158996,0.014091605518061545,13805387965.31868
2022-08-26,16.260000228881836,16.196857452392578,769127000,-0.09227948556840959,-0.03368805871951874,12506005196.0392
2022-08-29,15.800999641418457,15.739641189575195,496132000,-0.028228702028234687,-0.006666355799502699,7839381554.096222
2022-08-30,15.468000411987305,15.40793514251709,530181000,-0.02107456218746606,-0.011028155571448206,8200839926.427841
2022-08-31,15.093999862670898,15.03538703918457,573710000,-0.02417897660436663,-0.007817025105971265,8659578661.212921
2022-09-01,13.937000274658203,13.882882118225098,1178865000,-0.076652826957887,0.0029962320243361873,16429841828.784943
2022-09-02,13.647000312805176,13.594006538391113,743157000,-0.02080804096540989,-0.010736500458081055,10141863811.463356
2022-09-06,13.46500015258789,13.412714004516602,535751000,-0.013336210583871577,-0.004095056983834944,7213887296.749115
2022-09-07,13.71399974822998,13.66480541229248,512657000,0.01879495884956528,0.018341016392734,7030577968.928337
2022-09-08,13.989999771118164,13.939814567565918,624873000,0.020125361977423095,0.006610721877456038,8741973126.97792
2022-09-09,14.38700008392334,14.335390090942383,486612000,0.028377387766467033,0.015271449816332883,7000886884.838104
2022-09-12,14.505000114440918,14.452967643737793,484159000,0.008201908148261605,0.0105842727693497,7022726350.4076
2022-09-13,13.130999565124512,13.08389663696289,714956000,-0.0947259442158992,-0.0432366134006168,9388086925.08316
2022-09-14,13.128000259399414,13.080907821655273,588507000,-0.00022843464684474402,0.0033870120853238816,7725920048.658371
2022-09-15,12.928999900817871,12.882620811462402,523625000,-0.015158505273205058,-0.011317739184353415,6769947573.065758
2022-09-16,13.197999954223633,13.150655746459961,670751000,0.020805932187266896,-0.007182134089448455,8852571667.295456
2022-09-19,13.381999969482422,13.333998680114746,569685000,0.013941733187270211,0.006857100716286535,7623524652.6145935
2022-09-20,13.175999641418457,13.128734588623047,524818000,-0.01539403868382061,-0.011272103097361819,6915001779.809952
2022-09-21,13.26099967956543,13.213430404663086,807679000,0.006451178936424995,-0.017116493600784488,10710630960.191727
2022-09-22,12.560999870300293,12.515942573547363,759162000,-0.052786279547026305,-0.00842758097968943,9535833783.536911
2022-09-23,12.515999794006348,12.471101760864258,663309000,-0.0035826956235702756,-0.017232619015461026,8301975307.362556
2022-09-26,12.227999687194824,12.184135437011719,547343000,-0.023010502949552758,-0.010340526208282075,6692910032.788277
2022-09-27,12.413000106811523,12.368473052978516,553854000,0.015129314420359696,-0.0021203598092424114,6874989761.1579895
2022-09-28,12.736000061035156,12.690311431884766,542414000,0.026020865916730695,0.019672139926234733,6908184737.106323
2022-09-29,12.220000267028809,12.176164627075195,532763000,-0.04051490836684768,-0.021126437880238824,6510364002.263069
2022-09-30,12.138999938964844,12.09545612335205,565638000,-0.006628401158742525,-0.015066695771983274,6866279647.476196
2022-10-03,12.51200008392334,12.46711540222168,547478000,0.030727181768043232,0.025883894952576147,6850044781.946182
2022-10-04,13.166999816894531,13.119766235351562,584182000,0.052349786784966934,0.030583700679551518,7691924287.033081
2022-10-05,13.208999633789062,13.161614418029785,507131000,0.003189704902322177,-0.002017948757084831,6698693193.283081
2022-10-06,13.130000114440918,13.082900047302246,644157000,-0.005980601484549708,-0.010245080846639998,8457781483.717918
2022-10-07,12.076000213623047,12.032683372497559,672478000,-0.0802739966679824,-0.028003617786773516,8120844471.656799
2022-10-10,11.670000076293945,11.628137588500977,698699000,-0.03362057917365546,-0.00749246363390188,8153817383.306503
2022-10-11,11.586000442504883,11.544439315795898,667482000,-0.007197908699312916,-0.006519175777754405,7733446747.364044
2022-10-12,11.5,11.458747863769531,492590000,-0.007422746976470163,-0.0032907731480149582,5664785000.0
2022-10-13,11.960000038146973,11.917096138000488,850103000,0.039999856849994186,0.02596564246086497,10167231912.428856
2022-10-14,11.22700023651123,11.186726570129395,713432000,-0.06128754517152357,-0.02366266361565439,8009701232.73468
2022-10-17,11.887999534606934,11.845354080200195,580774000,0.058875803027979234,0.026480052302171098,6904241041.711807
2022-10-18,11.967000007629395,11.924072265625,659362000,0.006645490281829813,0.011427569666488724,7890585059.030533
2022-10-19,12.050999641418457,12.007768630981445,523131000,0.0070191092012859,-0.0066720972934503076,6304251493.414879
2022-10-20,12.194000244140625,12.150259017944336,652398000,0.011866516697802476,-0.007950909706564868,7955341371.276855
2022-10-21,12.465999603271484,12.421282768249512,609494000,0.022306005979371157,0.02372481982226482,7597951962.19635
2022-10-24,12.598999977111816,12.553804397583008,517457000,0.01066891655282487,0.011881976654619875,6519440731.156349
2022-10-25,13.26099967956543,13.213430404663086,505482000,0.0525439130792158,0.016266654579669915,6703196640.026093
2022-10-26,12.895999908447266,12.849738121032715,532953000,-0.027524440852393806,-0.007387716072364547,6872961839.206696
2022-10-27,13.175999641418457,13.128734588623047,583113000,0.021712229849545794,-0.006082610618211248,7683096678.906441
2022-10-28,13.833999633789062,13.78437328338623,521040000,0.049939214654498354,0.024626377895927698,7208067169.189453
2022-10-31,13.496999740600586,13.448583602905273,486341000,-0.02436017028686177,-0.00745440410765752,6564144350.84343
2022-11-01,13.543000221252441,13.494418144226074,432817000,0.0034081314935574536,-0.004101230608784645,5861640726.761818
2022-11-02,13.218999862670898,13.171581268310547,672628000,-0.023923734425975285,-0.02500198485734284,8891469439.628601
2022-11-03,13.420999526977539,13.372857093811035,500065000,0.015281067732143772,-0.010585992315429671,6711372128.458023
2022-11-04,14.156000137329102,14.105219841003418,612576000,0.05476486752642562,0.013618724670070526,8671625940.124512
2022-11-07,14.300999641418457,14.249699592590332,410061000,0.010242998919230972,0.009613981920559844,5864282213.959694
2022-11-08,14.60200023651123,14.549619674682617,595292000,0.021047467011040766,0.005597892802462701,8692453924.793243
2022-11-09,13.776000022888184,13.726583480834961,454414000,-0.056567540062906096,-0.02077788695478977,6260007274.400711
2022-11-10,15.75,15.693502426147461,700819000,0.14329268080864477,0.05543448436034493,11037899250.0
2022-11-11,16.32699966430664,16.268428802490234,655487000,0.036634675978057585,0.009240746788147902,10702136028.957367
2022-11-14,16.295000076293945,16.236543655395508,527852000,-0.0019599401688898954,-0.008935777048800997,8601348380.271912
2022-11-15,16.666000366210938,16.60621452331543,545876000,0.022767830134653,0.008713116550319144,9097569615.905762
2022-11-16,15.90999984741211,15.852925300598145,649547000,-0.0453618867599026,-0.008252046497990273,10334292670.886993
2022-11-17,15.677000045776367,15.62076473236084,710894000,-0.014644651623290317,-0.0030893228355314273,11144685270.542145
2022-11-18,15.409000396728516,15.35372543334961,492072000,-0.017095148898697454,0.00475858190881473,7582337643.218994
2022-11-21,15.317000389099121,15.262056350708008,404739000,-0.005970478177399818,-0.003883688698329779,6199387420.483589
2022-11-22,16.038000106811523,15.980467796325684,472866000,0.04707173326511471,0.013579987927526016,7583824958.507538
2022-11-23,16.518999099731445,16.459741592407227,427241000,0.029991224424089857,0.0059146891478476515,7057593694.368362
2022-11-25,16.270000457763672,16.211637496948242,167934000,-0.015073389461559561,-0.0002830441976333642,2732286256.8740845
2022-11-28,15.82699966430664,15.770224571228027,303741000,-0.027228151739965067,-0.015444192913123267,4807308705.036163
2022-11-29,15.638999938964844,15.582901000976562,298384000,-0.011878307084683293,-0.0015918653377758885,4666427357.788086
2022-11-30,16.92300033569336,16.86660385131836,565298000,0.08237893895760151,0.030947872397389053,9566538243.766785
2022-12-01,17.135000228881836,17.077899932861328,470977000,0.01252748231983003,-0.0008676332180498347,8070191002.79808
2022-12-02,16.875999450683594,16.81976318359375,371389000,-0.015115251306214272,-0.001194660488065602,6267560559.989929
2022-12-05,16.610000610351562,16.554651260375977,352255000,-0.01576192960174183,-0.017894212283564803,5850955764.99939
2022-12-06,15.987000465393066,15.933728218078613,352694000,-0.03750746738975774,-0.014399194981406072,5638519142.141342
2022-12-07,16.1200008392334,16.0662841796875,372388000,0.008319205636913463,-0.0018623708845491027,6002894872.520447
2022-12-08,17.16900062561035,17.111793518066406,515456000,0.0650747445200015,0.00752178195750397,8849864386.47461
2022-12-09,17.000999450683594,16.94434928894043,465338000,-0.009785311454885814,-0.007349578247904498,7911211082.382202
2022-12-12,17.53499984741211,17.47657012939453,457328000,0.031409930908440575,0.014279296218109305,8019246410.217285
2022-12-13,18.07200050354004,18.01177978515625,656589000,0.030624410384822998,0.0072896644387934195,11865876738.61885
2022-12-14,17.673999786376953,17.6151065826416,496888000,-0.022022987580691655,-0.006052724634100337,8781998405.853271
2022-12-15,16.95199966430664,16.8955135345459,478542000,-0.040850905143248406,-0.024921675023714007,8112243823.356628
2022-12-16,16.570999145507812,16.515779495239258,478232000,-0.022475436365411827,-0.011137750774080746,7924782063.354492
2022-12-19,16.253999710083008,16.199832916259766,354039000,-0.01912998287913481,-0.009007516001852345,5754549803.358078
2022-12-20,16.084999084472656,16.031396865844727,403260000,-0.010397394299417773,0.0010373383615349674,6486436730.804443
2022-12-21,16.500999450683594,16.446012496948242,325025000,0.02586272640950349,0.014867993802734736,5363237346.458435
2022-12-22,15.33899974822998,15.287886619567871,565045000,-0.0704198587709498,-0.01445169956861636,8667225112.73861
2022-12-23,15.206000328063965,15.155326843261719,349326000,-0.008670902630614874,0.005868102525282026,5311851270.601273
2022-12-27,14.121000289916992,14.073944091796875,464902000,-0.07135331112609045,-0.004049622110409712,6564881276.7829895
2022-12-28,14.03600025177002,13.989228248596191,351066000,-0.00601933918794384,-0.012020638322615351,4927562464.387894
2022-12-29,14.602999687194824,14.554338455200195,354923000,0.040396095950519184,0.01746133164481911,5182940457.978249
2022-12-30,14.61400032043457,14.565302848815918,310490000,0.0007533419433298771,-0.0025407424823445934,4537500959.49173
2023-01-03,14.3149995803833,14.26729679107666,401277000,-0.020459997353469705,-0.004000548879248611,5744280086.61747
2023-01-04,14.74899959564209,14.69985294342041,431324000,0.030318017398663022,0.007538970575044379,6361597501.590729
2023-01-05,14.265000343322754,14.217466354370117,389168000,-0.03281574250483965,-0.011645528874622113,5551481653.6102295
2023-01-06,14.859000205993652,14.809483528137207,405044000,0.04164013186393922,0.02284078102943865,6018548879.436493
2023-01-09,15.628000259399414,15.575923919677734,504231000,0.05175335048547325,-0.0007676325452631305,7880122198.797226
2023-01-10,15.909000396728516,15.855985641479492,384101000,0.017980424355305447,0.006978233159061986,6110662961.38382
2023-01-11,16.000999450683594,15.947677612304688,353285000,0.0057827985530793935,0.012849424614881588,5652913090.934753
2023-01-12,16.51099967956543,16.455978393554688,551409000,0.03187302838739425,0.0034159058663651987,9104313822.309494
2023-01-13,16.89900016784668,16.842689514160156,447287000,0.02349973434316932,0.003996858363534361,7558703088.075638
2023-01-17,17.70199966430664,17.643014907836914,511102000,0.04751767186611744,-0.0020304911890052235,9047527432.426453
2023-01-18,17.37700080871582,17.319095611572266,439624000,-0.018359633994344482,-0.015562598500411085,7639346603.530884
2023-01-19,16.764999389648438,16.709131240844727,452932000,-0.035219181440396485,-0.007638350296294338,7593404703.552246
2023-01-20,17.839000701904297,17.779556274414062,564967000,0.06406227936930264,0.018918401045981525,10078446709.552765
2023-01-23,19.19300079345703,19.129045486450195,655163000,0.07590117499040927,0.01188134498366522,12574543978.843689
2023-01-24,19.264999389648438,19.2007999420166,496204000,0.00375107349800774,-0.0007115031258156934,9559369757.141113
2023-01-25,19.322999954223633,19.258607864379883,449537000,0.0030107038528526253,-0.0001817250594663422,8686403430.42183
2023-01-26,19.802000045776367,19.73601531982422,489535000,0.024789302467045582,0.011007853469181317,9693772092.409134
2023-01-27,20.364999771118164,20.297138214111328,542142000,0.028431417649107615,0.002494840970949097,11040721705.913544
2023-01-30,19.16200065612793,19.098148345947266,488611000,-0.05907186794099284,-0.012968740984683369,9362764302.591324
2023-01-31,19.53700065612793,19.471899032592773,498017000,0.01956999599517828,0.014642470285510134,9729758455.762863
2023-02-01,20.94300079345703,20.873214721679688,660477000,0.07196605152591129,0.010452303944590291,13832370335.06012
2023-02-02,21.708999633789062,21.636655807495117,564276000,0.036575156055022706,0.014699373244309921,12249867477.355957
2023-02-03,21.100000381469727,21.029687881469727,429366000,-0.028052760621867123,-0.010354610691310495,9059622763.79013
2023-02-06,21.089000701904297,21.018726348876953,452197000,-0.0005212408598052054,-0.006140463017754394,9536382850.399017
2023-02-07,22.17300033569336,22.09911346435547,664150000,0.05140116948790485,0.01287251059802652,14726198172.950745
2023-02-08,22.204999923706055,22.13100814819336,559651000,0.001443256259547887,-0.011080724476164705,12427050412.302017
2023-02-09,22.336999893188477,22.26256561279297,523876000,0.0059444858417057045,-0.00882979617773516,11701818156.044006
2023-02-10,21.264999389648438,21.194133758544922,550737000,-0.04799230568619117,0.0021952617756952897,11711421968.856812
2023-02-13,21.788000106811523,21.71539878845215,474919000,0.0245947787178169,0.011448609342766147,10347535222.726822
2023-02-14,22.97100067138672,22.894458770751953,675474000,0.054296031760043384,-0.0002804145319874607,15516313707.504272
2023-02-15,22.763999938964844,22.688142776489258,420575000,-0.009011612649531875,0.002773175690496066,9573969274.33014
2023-02-16,22.00200080871582,21.928686141967773,412026000,-0.033473724226933066,-0.013788741489130674,9065396385.211945
2023-02-17,21.38800048828125,21.316730499267578,465888000,-0.027906625993839973,-0.002767405825327751,9964412771.484375
2023-02-21,20.655000686645508,20.58617401123047,410015000,-0.03427150744633234,-0.020041234255327334,8468860106.534958
2023-02-22,20.753999710083008,20.684837341308594,513184000,0.004792698731891587,-0.0015735561458868341,10650620587.219238
2023-02-23,23.663999557495117,23.58514404296875,1117995000,0.1402141411026765,0.005329429416074394,26456233185.281754
2023-02-24,23.285999298095703,23.20840072631836,589716000,-0.01597375517249411,-0.010537551485558128,13732126362.075806
2023-02-27,23.500999450683594,23.422685623168945,452994000,0.009233074668845598,0.0030730045671669703,10645811745.162964
2023-02-28,23.215999603271484,23.13863754272461,455963000,-0.012127050032356923,-0.0030360018281855305,10585636827.106476
2023-03-01,22.697999954223633,22.622365951538086,460026000,-0.022312099847419664,-0.004725264845680033,10441670126.94168
2023-03-02,23.31399917602539,23.23630714416504,389415000,0.027138681866527348,0.0075821940867943916,9078820989.131927
2023-03-03,23.889999389648438,23.810386657714844,412393000,0.024706142417039167,0.0161477371607488,9852068518.295288
2023-03-06,23.554000854492188,23.475513458251953,437429000,-0.014064164697400572,0.0006871667698291617,10303203039.779663
2023-03-07,23.288000106811523,23.214340209960938,515154000,-0.011125347641723682,-0.015326919115337678,11996906407.024384
2023-03-08,24.180999755859375,24.104516983032227,513573000,0.038345986361022044,0.0014147940136839399,12418708587.615967
2023-03-09,23.43600082397461,23.36187171936035,501257000,-0.030809381668781888,-0.01845935787384867,11747459465.02304
2023-03-10,22.96500015258789,22.892364501953125,474866000,-0.020097157584258896,-0.01447813845705137,10905297762.458801
2023-03-13,22.965999603271484,22.893362045288086,421890000,4.357537356503016e-05,-0.001509761003189447,9689125572.624207
2023-03-14,24.062999725341797,23.98689079284668,474910000,0.04776619289885664,0.016476655480623936,11427759199.562073
2023-03-15,24.22800064086914,24.151371002197266,524486000,0.006857087513802984,-0.00698088356543769,12707247144.126892
2023-03-16,25.541000366210938,25.460214614868164,583253000,0.05419334631362416,0.017562006217166637,14896865086.593628
2023-03-17,25.725000381469727,25.643634796142578,848547000,0.007204188340474538,-0.011019457310067593,21828871898.694992
2023-03-20,25.899999618530273,25.81808090209961,432747000,0.006802705909041862,0.008918403718310097,11208147134.92012
2023-03-21,26.198999404907227,26.116132736206055,547408000,0.011544306303657326,0.012982193897784988,14341541866.241455
2023-03-22,26.468000411987305,26.38428497314453,797295000,0.01026768548188306,-0.01646322377571363,21102804388.475418
2023-03-23,27.19099998474121,27.104990005493164,564889000,0.027315693151518383,0.0029845287333754023,15359896790.380478
2023-03-24,26.77899932861328,26.69429588317871,454920000,-0.015151974681828717,0.005639807253104534,12182302374.572754
2023-03-27,26.5310001373291,26.44708251953125,361026000,-0.009260905952692355,0.0016469543057482383,9578380855.579376
2023-03-28,26.40999984741211,26.326465606689453,356104000,-0.00456068879252447,-0.0015738434957162095,9404706585.662842
2023-03-29,26.983999252319336,26.89864730834961,393694000,0.02173408729483106,0.014237268879836451,10623438601.642609
2023-03-30,27.382999420166016,27.29638671875,364516000,0.014786595245513734,0.005715269388667954,9981541416.641235
2023-03-31,27.777000427246094,27.68914222717285,433933000,0.014388553051714492,0.014436542471763847,12053357126.39618
2023-04-03,27.96500015258789,27.876548767089844,398716000,0.006768232052095868,0.0036988464765423945,11150093000.839233
2023-04-04,27.452999114990234,27.366165161132812,368592000,-0.018308708521320716,-0.005796972083329965,10118955849.79248
2023-04-05,26.881000518798828,26.795974731445312,515015000,-0.020835598496544927,-0.002492370531228194,13844118482.189178
2023-04-06,27.03700065612793,26.951486587524414,397654000,0.005803552870820017,0.0035791630944272956,10751371458.911896
2023-04-10,27.57900047302246,27.491769790649414,395279000,0.02004650843174982,0.0009963029974375814,10901399727.975845
2023-04-11,27.16900062561035,27.083065032958984,314378000,-0.01486644042208729,-4.1352477946232646e-05,8541336078.678131
2023-04-12,26.4950008392334,26.411195755004883,446259000,-0.024807726789285667,-0.004134884052006904,11823632579.515457
2023-04-13,26.46299934387207,26.37929916381836,353615000,-0.0012076920515982081,0.01326268999363811,9357713512.983322
2023-04-14,26.757999420166016,26.67336654663086,395660000,0.011147657145336165,-0.0020693734728036706,10587070050.582886
2023-04-17,27.00200080871582,26.916595458984375,321471000,0.009118793157522731,0.00330615690296554,8680360201.978683
2023-04-18,27.66699981689453,27.57948875427246,604812000,0.024627679837823768,0.0008552202959737354,16733333493.255615
2023-04-19,27.930999755859375,27.8426513671875,358660000,0.009541968499117814,-8.42619976980652e-05,10017732372.436523
2023-04-20,27.104000091552734,27.01827049255371,427713000,-0.0296085621933736,-0.00595254815297297,11592733191.158295
2023-04-21,27.118999481201172,27.033220291137695,345103000,0.0005533218193261025,0.0009031888869577287,9358848077.960968
2023-04-24,27.04199981689453,26.956470489501953,339282000,-0.0028390920803802455,0.0008515791660903549,9174863781.87561
2023-04-25,26.240999221801758,26.157997131347656,378527000,-0.029620842182037865,-0.015810858882773227,9932926712.430954
2023-04-26,26.95599937438965,26.870737075805664,406337000,0.027247496850737907,-0.003841187197329843,10953219917.791367
2023-04-27,27.22599983215332,27.1398868560791,377161000,0.010016464360993682,0.01956614972249704,10268585322.694778
2023-04-28,27.749000549316406,27.661230087280273,292216000,0.01920948432710201,0.008253202753460531,8108701944.519043
2023-05-01,28.90999984741211,28.818553924560547,570329000,0.04183920359393034,-0.0003861064902076494,16488211302.9747
2023-05-02,28.209999084472656,28.120769500732422,402730000,-0.02421302698444694,-0.011586262936400304,11361012931.289673
2023-05-03,27.802000045776367,27.714061737060547,383387000,-0.014462895962405353,-0.006998305064656485,10658925391.550064
2023-05-04,27.562000274658203,27.474822998046875,321850000,-0.008632395398533443,-0.007218732334382416,8870829788.398743
2023-05-05,28.68000030517578,28.58928680419922,361494000,0.040563093208337175,0.018474751389515376,10367648030.319214
2023-05-08,29.150999069213867,29.058794021606445,344979000,0.016422487927829854,0.0004521286642489297,10056482507.89833
2023-05-09,28.570999145507812,28.480627059936523,314869000,-0.019896454107490857,-0.004579421277258522,8996121929.9469
2023-05-10,28.885000228881836,28.79364013671875,369350000,0.010990385714594764,0.004483965263404999,10668674834.537506
2023-05-11,28.577999114990234,28.487606048583984,322149000,-0.010628530699197669,-0.0016966239932159066,9206373836.894989
2023-05-12,28.34000015258789,28.250362396240234,274222000,-0.008327960304531867,-0.0015833068345566526,7771451521.842957
2023-05-15,28.952999114990234,28.861419677734375,293926000,0.02163006877304574,0.0029581644391338813,8510039217.87262
2023-05-16,29.21299934387207,29.120595932006836,449405000,0.008980024446697765,-0.006377683373153031,13128467970.132828
2023-05-17,30.17799949645996,30.082548141479492,432535000,0.033033397108998,0.011890829058788244,13053041012.20131
2023-05-18,31.67799949645996,31.577804565429688,748725000,0.04970511197781313,0.009445048649426635,23718110172.986984
2023-05-19,31.263999938964844,31.16511344909668,473908000,-0.013069024969038168,-0.0014458676054706077,14816259683.074951
2023-05-22,31.176000595092773,31.077388763427734,372000000,-0.00281483607663513,0.0001550346964389604,11597472221.374512
2023-05-23,30.687999725341797,30.590930938720703,356253000,-0.015653111283258858,-0.011222026747550129,10932691966.152191
2023-05-24,30.538000106811523,30.441408157348633,721419000,-0.004887814028006976,-0.007318600335353365,22030693499.055862
2023-05-25,37.97999954223633,37.859867095947266,1543911000,0.24369631326689456,0.008757581265902425,58637739073.25363
2023-05-26,38.94599914550781,38.82280731201172,714397000,0.025434326370562754,0.01304908677799732,27822904951.553345
2023-05-30,40.111000061035156,39.984127044677734,923401000,0.029913337367200254,1.660326849850513e-05,37038537567.359924
2023-05-31,37.83399963378906,37.71432876586914,1002580000,-0.056767483663513585,-0.006108624209833935,37931611352.84424
2023-06-01,39.77000045776367,39.64421463012695,635873000,0.051171157684883006,0.009854453563032717,25288669501.07956
2023-06-02,39.32699966430664,39.202613830566406,482731000,-0.011139098193282404,0.014534424705965554,18984361874.95041
2023-06-05,39.17100143432617,39.04710388183594,396094000,-0.003966826023452996,-0.0020035816359177394,15515398642.12799
2023-06-06,38.65399932861328,38.53174591064453,388729000,-0.013198366074753665,0.0023538963079141606,15025930505.012512
2023-06-07,37.474998474121094,37.360328674316406,511998000,-0.030401353705711953,-0.0038120096998572883,19187124268.75305
2023-06-08,38.5099983215332,38.39216613769531,417772000,0.027618532812540453,0.0061886426142414575,16088399018.78357
2023-06-09,38.77000045776367,38.651371002197266,427717000,0.006751504032679545,0.001148059539441082,16582588285.793304
2023-06-12,39.481998443603516,39.36119079589844,388701000,0.018364673109805496,0.009321148810237156,15346692277.02713
2023-06-13,41.02199935913086,40.896480560302734,613208000,0.03900516557960132,0.006932489951473775,25155018183.013916
2023-06-14,42.99700164794922,42.86543273925781,740465000,0.04814478292458002,0.0008194255259321714,31837774825.24872
2023-06-15,42.65299987792969,42.522491455078125,568622000,-0.008000415772441483,0.01217813742034668,24253434096.588135
2023-06-16,42.69200134277344,42.56137466430664,655709000,0.0009144151223969832,-0.0036716195284263176,27993529508.468628
2023-06-20,43.80799865722656,43.673954010009766,451153000,0.026140587668475046,-0.0047351076976228645,19764110018.203735
2023-06-21,43.04499816894531,42.913291931152344,551603000,-0.017416835642659723,-0.005245281583003636,23743750124.98474
2023-06-22,43.025001525878906,42.89335250854492,417737000,-0.0004646444425520091,0.003710798414438443,17973135062.416077
2023-06-23,42.20899963378906,42.07984161376953,358140000,-0.018965896746199307,-0.007658808766684566,15116731128.845215
2023-06-26,40.63199996948242,40.507667541503906,594322000,-0.03736169177383908,-0.004486838293256468,24148491485.862732
2023-06-27,41.875999450683594,41.747867584228516,462175000,0.030616426913593786,0.011455854954693034,19354040046.11969
2023-06-28,41.117000579833984,40.991188049316406,582639000,-0.01812498646512828,-0.00035407668843834283,23956368100.833893
2023-06-29,40.821998596191406,40.69709014892578,380514000,-0.007174661540348515,0.004473544672805918,15533341973.831177
2023-06-30,42.301998138427734,42.17255783081055,501148000,0.036254869242136945,0.012269004495714109,21199561763.076782
2023-07-03,42.41299819946289,42.28322219848633,198209000,0.002624084792763881,0.0011706778016009611,8406637960.11734
2023-07-05,42.31700134277344,42.187522888183594,323618000,-0.00226329275128323,-0.0019683184132291975,13694543340.545654
2023-07-06,42.10300064086914,41.97418212890625,303582000,-0.0050569634022551435,-0.007922511336500904,12781713140.556335
2023-07-07,42.50299835205078,42.372947692871094,355881000,0.009500258104855996,-0.0028651005386203243,15126009556.526184
2023-07-10,42.18000030517578,42.05093765258789,353908000,-0.007599425053390396,0.002405026057131332,14927839548.00415
2023-07-11,42.404998779296875,42.275245666503906,298244000,0.0053341976763796595,0.0067422110558885695,12647036455.932617
2023-07-12,43.902000427246094,43.767662048339844,481277000,0.03530237041338902,0.007411233485312474,21129023059.62372
2023-07-13,45.97700119018555,45.83632278442383,478204000,0.047264593064149096,0.008470153458069118,21986385877.15149
2023-07-14,45.46900177001953,45.32986831665039,772075000,-0.011049194983536959,-0.0010244071333035398,35105479541.58783
2023-07-17,46.46099853515625,46.3188362121582,510488000,0.021817135858401615,0.0038553825145495324,23717782220.214844
2023-07-18,47.49399948120117,47.34867477416992,569164000,0.02223368819748961,0.007117275205842377,27031874720.718384
2023-07-19,47.07699966430664,46.932945251464844,427502000,-0.008780172300236644,0.002357910335732072,20125511510.490417
2023-07-20,45.52000045776367,45.380714416503906,537865000,-0.033073373653499605,-0.006756896218903741,24483615046.215057
2023-07-21,44.308998107910156,44.17341613769531,963769000,-0.026603774187599072,0.0003240945218980773,42703638797.46246
2023-07-24,44.61199951171875,44.475494384765625,382516000,0.006838462439234583,0.004034153877153557,17064803605.22461
2023-07-25,45.67900085449219,45.53923416137695,348081000,0.023917435687363486,0.002814673351556163,15899992296.432495
2023-07-26,45.45199966430664,45.312923431396484,364237000,-0.004969576984507285,-0.00015543889679858758,16555300001.728058
2023-07-27,45.900001525878906,45.759559631347656,455976000,0.00985670678757633,-0.006424666064487883,20929299095.76416
2023-07-28,46.75,46.606956481933594,331194000,0.01851846603011076,0.009877842794752345,15483319500.0
2023-07-31,46.729000091552734,46.58601379394531,251055000,-0.000449346826506436,0.0014687129405193122,11731549117.984772
2023-08-01,46.50699996948242,46.36470031738281,237858000,-0.004750642060541876,-0.002665087639215691,11062061998.74115
2023-08-02,44.26900100708008,44.13355255126953,530142000,-0.0481216906577695,-0.013839541336347905,23468856731.895447
2023-08-03,44.51499938964844,44.37879180908203,324176000,0.005556753164785544,-0.0025479738404268204,14430694442.138672
2023-08-04,44.68000030517578,44.54328918457031,362666000,0.0037066663778488884,-0.005300074155050516,16203916990.67688
2023-08-07,45.41699981689453,45.27803421020508,322154000,0.016495077913763145,0.00902409277936278,14631268159.01184
2023-08-08,44.66400146484375,44.52732849121094,353843000,-0.016579909708733354,-0.004218283044793103,15804044270.324707
2023-08-09,42.55400085449219,42.423789978027344,586449000,-0.04724151626565254,-0.007038730380597102,24955751247.11609
2023-08-10,42.38800048828125,42.2582893371582,492705000,-0.0039011281395381348,0.00025071394456976925,20884779780.578613
2023-08-11,40.85499954223633,40.72998809814453,533085000,-0.03616571477420927,-0.0010696923700230787,21779187430.973053
2023-08-14,43.75299835205078,43.61912155151367,690286000,0.07093381531090492,0.005750475751703066,30202082220.443726
2023-08-15,43.939998626708984,43.80554962158203,676512000,0.004273998728933304,-0.011550909428841738,29725936350.95215
2023-08-16,43.486000061035156,43.35293960571289,527451000,-0.010332252871589342,-0.007555395210577687,22936734218.193054
2023-08-17,43.34400177001953,43.21137619018555,452395000,-0.0032653706257254056,-0.007712913029036983,19608609680.747986
2023-08-18,43.29899978637695,43.1665153503418,583768000,-0.0010381719768957076,-0.00014870682600087726,25276570507.2937
2023-08-21,46.96699905395508,46.82329559326172,692573000,0.08471335277451275,0.006879188518795987,32528075435.79483
2023-08-22,45.667999267578125,45.528263092041016,755293000,-0.027657867410064818,-0.002777466728829614,34492720170.806885
2023-08-23,47.11600112915039,46.97182846069336,779046000,0.031707016051413905,0.011044879965972587,36705532215.660095
2023-08-24,47.16299819946289,47.01869201660156,1156044000,0.0009976949470344998,-0.013457974663146133,54522501090.49988
2023-08-25,46.018001556396484,45.877197265625,925341000,-0.024277467152287402,0.006717966037625089,42582343578.19748
2023-08-28,46.834999084472656,46.69169235229492,685192000,0.017753810939104886,0.006264619755036449,32090966692.68799
2023-08-29,48.784000396728516,48.63473129272461,701397000,0.04161423247992824,0.01450830719454621,34216951526.26419
2023-08-30,49.263999938964844,49.113258361816406,735206000,0.009839204543181657,0.003833182103508026,36219188339.12659
2023-08-31,49.35499954223633,49.203983306884766,528570000,0.0018472597439980198,-0.0015969365120942491,26087572108.039856
2023-09-01,48.50899887084961,48.36056900024414,463830000,-0.01714117943216631,0.0017991292600010311,22499928946.266174
2023-09-05,48.54800033569336,48.39944839477539,382653000,0.000803948244096464,-0.004194177587506065,18577037972.45407
2023-09-06,47.06100082397461,46.92086410522461,468670000,-0.030549610348666545,-0.006971599351452862,22056079256.17218
2023-09-07,46.24100112915039,46.10330581665039,433330000,-0.017424195060448233,-0.0032112659361860363,20037613019.29474
2023-09-08,45.571998596191406,45.43629837036133,473069000,-0.014467670690290757,0.0014266227216406246,21558699803.901672
2023-09-11,45.178001403808594,45.043479919433594,473966000,-0.008645476524645201,0.006723453106275201,21412836613.357544
2023-09-12,44.869998931884766,44.736392974853516,349256000,-0.006817567051421114,-0.005695885604828921,15671116346.954346
2023-09-13,45.48500061035156,45.34956359863281,398355000,0.013706304487354659,0.0012416323054647016,18119177418.136597
2023-09-14,45.58100128173828,45.44527816772461,370097000,0.0021105951523352484,0.00842991886716793,16869391831.367493
2023-09-15,43.900001525878906,43.7692756652832,506831000,-0.0368795740727077,-0.012159612938677844,22249881673.362732
2023-09-18,43.965999603271484,43.8350830078125,500271000,0.0015035054048539997,0.0007212876971294246,21994914587.52823
2023-09-19,43.52000045776367,43.390411376953125,373064000,-0.010144195022514846,-0.002151010615372817,16235745450.775146
2023-09-20,42.23899841308594,42.113224029541016,367108000,-0.029434783097965544,-0.0093947947580596,15506274229.431152
2023-09-21,41.016998291015625,40.89486312866211,450736000,-0.028930601466756967,-0.01640093410321941,18487837741.69922
2023-09-22,41.61000061035156,41.48610305786133,479236000,0.014457559800092223,-0.002295598477193961,19941010252.50244
2023-09-25,42.22200012207031,42.096275329589844,419091000,0.014707871473912615,0.0040230650909416354,17694860253.15857
2023-09-26,41.9109992980957,41.78620147705078,402282000,-0.007365826313880719,-0.014734533990868215,16860040619.636536
2023-09-27,42.46799850463867,42.34153747558594,444935000,0.013289937321537826,0.00022931406074522265,18895498914.661407
2023-09-28,43.0890007019043,42.96070098876953,424663000,0.0146230758280943,0.005893173970516585,18298304305.072784
2023-09-29,43.499000549316406,43.369468688964844,397830000,0.009514921562899348,-0.002709582086142026,17305207388.534546
2023-10-02,44.78200149536133,44.64865493774414,433298000,0.029495086922860514,7.936755559079245e-05,19403951683.937073
2023-10-03,43.516998291015625,43.38741683959961,470850000,-0.028248064805157957,-0.013744071674259506,20489978645.324707
2023-10-04,44.04100036621094,43.90985870361328,361821000,0.012041322163637957,0.008109754957160709,15934958793.502808
2023-10-05,44.6879997253418,44.554935455322266,393483000,0.014690932076625085,-0.001304030159777203,17583968195.926666
2023-10-06,45.762001037597656,45.6257438659668,434436000,0.024033440957810237,0.011814893014644445,19880660682.769775
2023-10-09,45.27299880981445,45.13819122314453,409675000,-0.010685911099981849,0.00630385429964031,18547215787.410736
2023-10-10,45.79800033569336,45.661624908447266,368582000,0.011596248567318446,0.005207990781392224,16880318559.73053
2023-10-11,46.805999755859375,46.6666259765625,378137000,0.022009752612402345,0.00429300817103373,17699080329.681396
2023-10-12,46.94499969482422,46.805206298828125,481325000,0.002969580923532389,-0.00624643434611849,22595801978.111267
2023-10-13,45.46099853515625,45.325626373291016,474115000,-0.03161143903716013,-0.005018858888767519,21553741320.495605
2023-10-16,46.095001220703125,45.95774841308594,375099000,0.013946239475852273,0.01059436938392988,17290188862.88452
2023-10-17,43.9379997253418,43.80717086791992,812333000,-0.0467946672634133,-9.824505308242415e-05,35692287130.88608
2023-10-18,42.19599914550781,42.070350646972656,627294000,-0.03964693876680225,-0.013399820506516447,26469297087.982178
2023-10-19,42.10100173950195,41.97564697265625,501233000,-0.00225107879682529,-0.008482848196321058,21102411404.895782
2023-10-20,41.387001037597656,41.26376724243164,477266000,-0.016959350994359745,-0.012585283719027562,19752608437.210083
2023-10-23,42.974998474121094,42.8470344543457,478530000,0.038369429592118864,-0.0016855698941634634,20564826019.821167
2023-10-24,43.66299819946289,43.53298568725586,401463000,0.016009304766262167,0.007265792222727274,17529078246.15097
2023-10-25,41.77899932861328,41.65458297729492,398379000,-0.043148952002867835,-0.014339628627712542,16643875973.53363
2023-10-26,40.32600021362305,40.20591735839844,541001000,-0.03477806078832002,-0.011832519778109618,21816406441.570282
2023-10-27,40.5,40.379398345947266,416784000,0.004314812319848427,-0.004800280229768528,16879752000.0
2023-10-30,41.1609992980957,41.03843688964844,388028000,0.016321158083013376,0.012010022325859904,15971620235.64148
2023-10-31,40.779998779296875,40.658565521240234,517969000,-0.009256477517154749,0.006474957307233353,21122775187.713623
2023-11-01,42.32500076293945,42.19896697998047,437593000,0.037886271662376236,0.010505999486313922,18521124058.856964
2023-11-02,43.50600051879883,43.37644958496094,409172000,0.02790311444209226,0.01885855702012762,17801437244.277954
2023-11-03,45.005001068115234,44.87098693847656,424610000,0.034455041106771445,0.009393730253031363,19109573503.53241
2023-11-06,45.750999450683594,45.614768981933594,400733000,0.016576012568585652,0.0017529924220356374,18333935262.87079
2023-11-07,45.95500183105469,45.81816101074219,343165000,0.0044589073527732115,0.0028401189192852616,15770148203.353882
2023-11-08,46.57400131225586,46.43531799316406,346719000,0.013469702161926111,0.0010049156221052513,16148091160.98404
2023-11-09,46.95000076293945,46.81019592285156,540496000,0.008073120759993335,-0.008083839306732843,25376287612.365723
2023-11-10,48.334999084472656,48.19106674194336,421245000,0.029499359954989757,0.015616441094852496,20360876689.338684
2023-11-13,48.619998931884766,48.4752197265625,384136000,0.005896382957047752,-0.0008358389332403515,18676691909.698486
2023-11-14,49.65599822998047,49.50813293457031,416954000,0.021308066550997262,0.019075017703661823,20704267085.983276
2023-11-15,48.88800048828125,48.7424201965332,475497000,-0.015466403046325183,0.0015970120755575135,23246097568.17627
2023-11-16,49.47999954223633,49.332664489746094,339756000,0.012109458062053102,0.0011904273935798848,16811126724.472046
2023-11-17,49.29800033569336,49.151206970214844,325205000,-0.0036782428317644333,0.0012820490603360213,16031956199.169159
2023-11-20,50.409000396728516,50.25890350341797,414120000,0.02253650726978851,0.007390278097329839,20875375244.293213
2023-11-21,49.944000244140625,49.79527282714844,565747000,-0.009224846623205774,-0.0020209310950652926,28255668306.121826
2023-11-22,48.715999603271484,48.57093811035156,899420000,-0.024587368384280994,0.00406112922094648,43816144363.17444
2023-11-24,47.7760009765625,47.63373565673828,294645000,-0.01929553947432494,0.0005968736678840791,14076959807.739258
2023-11-27,48.242000579833984,48.09834671020508,395662000,0.009753823567710818,-0.001954157460090089,19087526433.418274
2023-11-28,47.82099914550781,47.67859649658203,401491000,-0.008726915628765042,0.0009801185306033133,19199700767.929077
2023-11-29,48.13999938964844,47.99665832519531,382005000,0.006670956193856936,-0.0009462486392383118,18389720466.84265
2023-11-30,46.77000045776367,46.6307258605957,526247000,-0.028458907604460792,0.0037840728581564065,24612572430.89676
2023-12-01,46.76499938964844,46.6257438659668,369317000,-0.00010683931114008338,0.005873742123607695,17271109279.586792
2023-12-04,45.5099983215332,45.374481201171875,437543000,-0.026836304604423655,-0.005408509126972105,19912581195.598602
2023-12-05,46.566001892089844,46.431419372558594,371718000,0.023293669556257557,-0.0005688697261614362,17309421091.323853
2023-12-06,45.50299835205078,45.371490478515625,380590000,-0.022827837450719812,-0.003906202808869552,17317986142.807007
2023-12-07,46.59600067138672,46.461341857910156,350823000,0.02402062105300673,0.007968189065892917,16346948743.537903
2023-12-08,47.50600051879883,47.36870574951172,359224000,0.019529437922316095,0.00409549786994079,17065295530.36499
2023-12-11,46.62699890136719,46.49223709106445,509728000,-0.018503116025210375,0.003924494286698943,23767086895.996094
2023-12-12,47.65700149536133,47.51926803588867,372387000,0.022090374847150818,0.00459935752021523,17746847815.85312
2023-12-13,48.0880012512207,47.94902801513672,447792000,0.009043909912995085,0.013650676351045998,21533422256.28662
2023-12-14,48.349998474121094,48.21025848388672,391232000,0.0054480868447954744,0.0026470624846992585,18916066603.027344
2023-12-15,48.88999938964844,48.748695373535156,479948000,0.011168512814101472,-7.62494933082003e-05,23464657427.06299
2023-12-18,50.07699966430664,49.93227767944336,412587000,0.024279261154355858,0.004528344366900416,20661119060.497284
2023-12-19,49.604000091552734,49.46063995361328,464444000,-0.009445548005198368,0.005866407818910568,23038280218.52112
2023-12-20,48.111000061035156,47.97195053100586,397894000,-0.030098466659622458,-0.014684266911006771,19143078258.285522
2023-12-21,48.9900016784668,48.84841537475586,300425000,0.01827036078475719,0.010301467821202559,14717821254.253387
2023-12-22,48.83000183105469,48.68887710571289,252507000,-0.003265986579483071,0.0016600585268868873,12329917272.354126
2023-12-26,49.27899932861328,49.13658142089844,244200000,0.009195207238267056,0.0042316894655107795,12033931636.047363
2023-12-27,49.41699981689453,49.27418899536133,233648000,0.002800511767071523,0.0014304577464787638,11546183173.217773
2023-12-28,49.52199935913086,49.37887954711914,246587000,0.0021246529652201307,0.0003701746080437829,12211481255.970001
2023-12-29,49.52199935913086,49.37887954711914,389293000,0.0,-0.0028264750133749628,19278567696.51413
2024-01-02,48.167999267578125,48.02879333496094,411254000,-0.027341369924562597,-0.005660579005492328,19809282370.788574
2024-01-03,47.569000244140625,47.431522369384766,320896000,-0.012435685431668064,-0.008016314922730805,15264701902.34375
2024-01-04,47.99800109863281,47.859283447265625,306535000,0.009018497752392607,-0.0034283812973570083,14713067266.76941
2024-01-05,49.09700012207031,48.95510482788086,415039000,0.022896736049604183,0.0018256861788026324,20377169833.66394
2024-01-08,52.25299835205078,52.10198974609375,642510000,0.06428103727439427,0.014114629309846638,33573073971.176147
2024-01-09,53.13999938964844,52.98642349243164,773100000,0.016975047414656608,-0.0014779006799081618,41082533528.13721
2024-01-10,54.349998474121094,54.192928314208984,533796000,0.02277007471451009,0.00566597189372442,29011811785.491943
2024-01-11,54.821998596191406,54.66355895996094,596759000,0.008684355328120397,-0.0006710555783868699,32715521060.264587
2024-01-12,54.709999084472656,54.551883697509766,352994000,-0.0020429563053692146,0.0007509755941104146,19312301416.82434
2024-01-16,56.38199996948242,56.219051361083984,449580000,0.030561138325097437,-0.0037313402367431525,25348219546.279907
2024-01-17,56.053001403808594,55.89100646972656,474394000,-0.005835119650996146,-0.005616897183990499,26591207547.958374
2024-01-18,57.106998443603516,56.941959381103516,491650000,0.018803613993714663,0.008805260963896,28076655784.79767
2024-01-19,59.49100112915039,59.319068908691406,543501000,0.04174618424487764,0.012313502764936146,32333418604.694366
2024-01-22,59.65399932861328,59.48160171508789,452955000,0.0027399756838171196,0.0021943252026270788,27020577265.89203
2024-01-23,59.87300109863281,59.69996643066406,294654000,0.0036711303878822488,0.002921374261968035,17641819265.716553
2024-01-24,61.36199951171875,61.18465805053711,560271000,0.024869220347006005,0.0008119284117831249,34379348828.430176
2024-01-25,61.617000579833984,61.43892288208008,482777000,0.00415569588266651,0.005260365527706368,29747270688.93051
2024-01-26,61.03099822998047,60.8546142578125,390309000,-0.00951039824361899,-0.0006517852510764532,23820947888.145447
2024-01-29,62.46500015258789,62.28446960449219,348733000,0.023496251913159183,0.007556774896180896,21783606898.212433
2024-01-30,62.77399826049805,62.59257888793945,410735000,0.004946807533302788,-0.0006006499345398986,25783478175.525665
2024-01-31,61.527000427246094,61.349178314208984,453795000,-0.019864983929749114,-0.016105744611597972,27920645158.88214
2024-02-01,63.027000427246094,62.8448486328125,369146000,0.024379630823141873,0.012493688211609788,23266165099.716187
2024-02-02,66.16000366210938,65.96879577636719,476578000,0.04970888165881604,0.01068444607751462,31530402225.28076
2024-02-05,69.33200073242188,69.13163757324219,680078000,0.0479445131543248,-0.0031863375266721894,47151168394.104004
2024-02-06,68.2229995727539,68.02584838867188,683111000,-0.01599541430504625,0.0023104108269635937,46603881461.14349
2024-02-07,70.0989990234375,69.89640045166016,495575000,0.027497666068061477,0.008241457963390042,34739311441.04004
2024-02-08,69.64099884033203,69.43972778320312,414422000,-0.006533564897563848,0.0005705832608251526,28860762021.40808
2024-02-09,72.13300323486328,71.92453002929688,436637000,0.03578358276189553,0.0057423415255595245,31495938133.461
2024-02-12,72.24800109863281,72.0391845703125,613710000,0.0015940951017534566,-0.0009489536011326738,44339320754.24194
2024-02-13,72.12799835205078,71.9195556640625,602580000,-0.001660608833422339,-0.013674255653625456,43462889246.97876
2024-02-14,73.9000015258789,73.6864242553711,504917000,0.02456729014792125,0.009579763275017639,37313367070.4422
2024-02-15,72.65799713134766,72.44801330566406,420122000,-0.016806500820492176,0.005821250684729495,30525223070.81604
2024-02-16,72.61299896240234,72.40314483642578,495327000,-0.0006193195256987138,-0.0048034698371121065,35967178937.049866
2024-02-20,69.4520034790039,69.25129699707031,704833000,-0.04353191904130915,-0.006005322001165325,48952063968.11676
2024-02-21,67.47200012207031,67.27700805664062,673755000,-0.02850905363567713,0.001264199922982101,45459597442.24548
2024-02-22,78.53800201416016,78.31103515625,865100000,0.16400888532854796,0.02112288421741404,67943225542.44995
2024-02-23,78.81700134277344,78.58922576904297,829388000,0.0035523807371198313,0.0003479475462115911,65369875109.680176
2024-02-26,79.09200286865234,78.86343383789062,503973000,0.003489130554021447,-0.003786751350190576,39860233961.72333
2024-02-27,78.70099639892578,78.4735336303711,391705000,-0.004943992273034881,0.0017063496993998672,30827573794.441223
2024-02-28,77.66300201416016,77.43856048583984,393110000,-0.013188817893765581,-0.001658155060430544,30530102721.7865
2024-02-29,79.11199951171875,78.88336944580078,507289000,0.018657487315058452,0.005229094697149161,40132647120.30029
2024-03-01,82.27899932861328,82.04119873046875,479135000,0.040031622721664384,0.00800782894888763,39422748343.315125
2024-03-04,85.23699951171875,84.99065399169922,615616000,0.035950904019824925,-0.0011932620709189656,52473260691.40625
2024-03-05,85.96399688720703,85.71958923339844,520639000,0.008576651754796716,-0.010193100883444606,44756209375.35858
2024-03-06,88.69999694824219,88.44779968261719,582520000,0.03182715262190938,0.005141103203274655,51669522222.29004
2024-03-07,92.66899871826172,92.405517578125,608119000,0.04474636915456953,0.010304127925951478,56353778831.5506
2024-03-08,87.52799987792969,87.27913665771484,1142269000,-0.055477000235143015,-0.0065285190034379825,99980520892.56287
2024-03-11,85.77400207519531,85.53012084960938,678364000,-0.02003933442839423,-0.001122238087346461,58185995143.73779
2024-03-12,91.91300201416016,91.65167236328125,668075000,0.07157187962397038,0.011201787981366396,61404778820.61005
2024-03-13,90.88800048828125,90.62958526611328,635713000,-0.011151865217654766,-0.0019245297153407392,57778683454.40674
2024-03-14,87.94400024414062,87.69395446777344,602318000,-0.032391528546887094,-0.0028710915621273925,52970254339.05029
2024-03-15,87.83699798583984,87.5872573852539,642086000,-0.001216698268051597,-0.006482917484461503,56398906688.73596
2024-03-18,88.45500183105469,88.2034912109375,668976000,0.007035656145426339,0.006318059504952345,59174273304.93164
2024-03-19,89.39800262451172,89.1438217163086,672171000,0.010660921608219631,0.0056491496501236416,60090744822.12067
2024-03-20,90.37200164794922,90.11504364013672,479063000,0.01089499984551856,0.008904173912846591,43293882225.4715
2024-03-21,91.43499755859375,91.1750259399414,480372000,0.011762545486163178,0.0032365354015160275,43922812647.2168
2024-03-22,94.28900146484375,94.02091217041016,586719000,0.031213440315809526,-0.0014021878490156903,55321148650.45166
2024-03-25,95.00199890136719,94.73188018798828,552136000,0.007561807274210519,-0.0030549644525015296,52454023665.40527
2024-03-26,92.56099700927734,92.29782104492188,513648000,-0.0256941922638525,-0.002799795225030266,47543770991.82129
2024-03-27,90.25,89.99339294433594,586067000,-0.02496730772727951,0.008630626525532925,52892546750.0
2024-03-28,90.35600280761719,90.09910583496094,435212000,0.0011746739084543822,0.0011164855071790214,39324016693.90869
2024-04-01,90.36299896240234,90.1060791015625,452441000,7.739551393926014e-05,-0.0020135845401164643,40883925613.54828
2024-04-02,89.4520034790039,89.19766235351562,433064000,-0.010081636634338031,-0.0072390590731691296,38738442434.63135
2024-04-03,88.96399688720703,88.71105194091797,370067000,-0.005455416652838774,0.001091122364688113,32922639436.058044
2024-04-04,85.90499877929688,85.6607437133789,434965000,-0.034384759968471346,-0.012334336350379616,37365667794.036865
2024-04-05,88.00800323486328,87.75778198242188,399678000,0.02448073852895405,0.011099194174331695,35174862716.90369
2024-04-08,87.13300323486328,86.88526153564453,283220000,-0.009942371229848423,-0.00037463099831791524,24677809176.17798
2024-04-09,85.35399627685547,85.1113052368164,501700000,-0.02041722919945821,0.0014454931932483817,42822099932.09839
2024-04-10,87.03900146484375,86.79153442382812,431929000,0.019741551164520255,-0.009456980649108493,37594668863.708496
2024-04-11,90.61599731445312,90.35836029052734,431637000,0.041096472027805975,0.007444797710585593,39113217232.8186
2024-04-12,88.18599700927734,87.93525695800781,426805000,-0.026816592562421193,-0.01455068829580164,37638224453.54462
2024-04-15,86.0009994506836,85.7564697265625,443077000,-0.02477717478537378,-0.01202135494776202,38105064833.610535
2024-04-16,87.41500091552734,87.16645812988281,370453000,0.01644177293930249,-0.0020565070133361507,32383149334.15985
2024-04-17,84.03500366210938,83.79607391357422,495400000,-0.03866606821727847,-0.005780602724641426,41630940814.208984
2024-04-18,84.6709976196289,84.43024444580078,447260000,0.0075680220159315414,-0.002208160119998248,37869950395.355225
2024-04-19,76.19999694824219,75.98333740234375,875198000,-0.10004598587748315,-0.00875854812743615,66690084929.107666
2024-04-22,79.51799774169922,79.29190063476562,596341000,0.04354327337456243,0.008731248071466746,47419842291.28265
2024-04-23,82.4229965209961,82.18865203857422,438559000,0.036532752785831235,0.011964576270872662,36147346931.251526
2024-04-24,79.677001953125,79.45045471191406,512208000,-0.03331600237676391,0.0002130100613548791,40811197816.40625
2024-04-25,82.63200378417969,82.39705657958984,424641000,0.03708728764813385,-0.004576430353515626,35088936718.91785
2024-04-26,87.73500061035156,87.48555755615234,551011000,0.06175585861671351,0.01020914263474304,48342950421.310425
2024-04-29,87.75700378417969,87.50747680664062,388971000,0.00025054707428950884,0.0031784486665891176,34134929518.936157
2024-04-30,86.4020004272461,86.15633392333984,363709000,-0.015440313589275445,-0.01573051358686217,31425185173.39325
2024-05-01,83.04100036621094,82.80489349365234,559863000,-0.03889952458596424,-0.0034354388154940185,46491583588.027954
2024-05-02,85.81700134277344,85.57300567626953,377898000,0.03342933087438116,0.009128437077573048,32430073173.431396
2024-05-03,88.78900146484375,88.53654479980469,398341000,0.03463170540890537,0.012556739721478527,35368299632.507324
2024-05-06,92.13999938964844,91.87801361083984,376203000,0.037741125075422266,0.01032612390701182,34663344190.38391
2024-05-07,90.55400085449219,90.29653930664062,437342000,-0.017212761160659618,0.0013434298232750663,39603067841.70532
2024-05-08,90.41200256347656,90.15493774414062,325721000,-0.001568183715425997,-5.835618166138978e-06,29449087886.97815
2024-05-09,88.74700164794922,88.49466705322266,378013000,-0.018415748848164104,0.005090947698625836,33547520333.946228
2024-05-10,89.87799835205078,89.62244415283203,335325000,0.01274401200844233,0.001649398844549843,30138339797.40143
2024-05-13,90.39900207519531,90.1419677734375,289680000,0.005796802637066278,-0.00024130405535727206,26186782921.14258
2024-05-14,91.35600280761719,91.09626007080078,296507000,0.010586548318556765,0.004837813139759728,27087694324.47815
2024-05-15,94.62999725341797,94.36094665527344,417735000,0.03583776745538536,0.011715927882596233,39530261902.656555
2024-05-16,94.35900115966797,94.09071350097656,323952000,-0.0028638241123640773,-0.0020816677921287052,30567787143.676758
2024-05-17,92.47899627685547,92.21604919433594,359691000,-0.019924009893082295,0.0011647735102702228,33263862649.81842
2024-05-20,94.77999877929688,94.5105209350586,318764000,0.02488147953386388,0.0009163899374069473,30212451530.88379
2024-05-21,95.38600158691406,95.11479187011719,328946000,0.006393689602809394,0.002501874243978186,31376843678.009033
2024-05-22,94.94999694824219,94.68002319335938,548648000,-0.004570989098640954,-0.002706123039226127,52094125925.65918
2024-05-23,103.79900360107422,103.50389862060547,835065000,0.0931968025528005,-0.0073807894850155265,86678914942.13104
2024-05-24,106.46900177001953,106.1662826538086,429494000,0.02572254831638876,0.0070010425881694704,45727797446.21277
2024-05-28,113.9010009765625,113.57715606689453,652728000,0.06980439766598612,0.0002488018529340774,74346372565.42969
2024-05-29,114.82499694824219,114.4985122680664,557442000,0.00811216122218461,-0.007367046509680453,64008275948.82202
2024-05-30,110.5,110.18582153320312,484553000,-0.037665910669357094,-0.005975035585443322,53543106500.0
2024-05-31,109.63300323486328,109.32128143310547,613263000,-0.007846200972755235,0.00802787620486467,67233864462.82196
2024-06-03,115.0,114.67301940917969,438392000,0.04895421921438947,0.0011160825806737495,50415080000.0
2024-06-04,116.43699645996094,116.10592651367188,403324000,0.012495590609498564,0.0015028090913065117,46961835160.217285
2024-06-05,122.44000244140625,122.09187316894531,528402000,0.051555909633679065,0.011847649793331305,64697542170.043945
2024-06-06,120.99800109863281,120.65396118164062,664696000,-0.011777294835299768,-0.00019981663563317653,80426887338.25684
2024-06-07,120.88800048828125,120.5442886352539,412386000,-0.0009089842166193352,-0.0011152197300303701,49852518969.36035
2024-06-10,121.79000091552734,121.44371795654297,313434100,0.007461401377634624,0.0025808546645145203,38173139325.95749
2024-06-11,120.91000366210938,120.57612609863281,222551200,-0.007143983011295929,0.0027103813151374556,26908666407.006836
2024-06-12,125.19999694824219,124.85427856445312,299595000,0.03548092482520726,0.008503672791998707,37509293085.70862
2024-06-13,129.61000061035156,129.2521209716797,260704500,0.03522380216194421,0.0023446558536817097,33789910404.1214
2024-06-14,131.8800048828125,131.51583862304688,309320400,0.01751396908885683,-0.000393860697500914,40793175862.353516
2024-06-17,130.97999572753906,130.61831665039062,288504400,-0.006824440174302837,0.007664386564552705,37788305079.37622
2024-06-18,135.5800018310547,135.20562744140625,294335100,0.03511996562697939,0.0025213273947457537,39905953396.943665
2024-06-20,130.77999877929688,130.41888427734375,517768400,-0.035403431459514634,-0.0025259318472709014,67713750719.958496
2024-06-21,126.56999969482422,126.22049713134766,649445800,-0.03219155852512867,-0.001562130321101196,82200354707.80487
2024-06-24,118.11000061035156,117.78385162353516,476060900,-0.06684053461644313,-0.003065171894990004,56227553189.564514
2024-06-25,126.08999633789062,125.7418212890625,414192600,0.06756418266030972,0.003933590015736899,52225543417.1814
2024-06-26,126.4000015258789,126.05097198486328,362975900,0.0024586147443346196,0.0015724312002203256,45880154313.85727
2024-06-27,123.98999786376953,123.64762115478516,252571700,-0.019066499783648827,0.0009073212238914774,31316364543.44864
2024-06-28,123.54000091552734,123.19886779785156,315516700,-0.0036292922802925176,-0.004083652583445674,38978933406.86417
2024-07-01,124.30000305175781,123.95675659179688,284885500,0.006151751290351726,0.0026755639309195,35411268519.40155
2024-07-02,122.66999816894531,122.33126068115234,218374000,-0.01311341112286013,0.006195317856513505,26787938180.145264
2024-07-03,128.27999877929688,127.92579650878906,215749000,0.04573267533160208,0.005084444409779065,27676281456.63452
2024-07-05,125.83000183105469,125.48253631591797,214176700,-0.01909904225378989,0.005448765178485582,26949854553.16925
2024-07-08,128.1999969482422,127.84599304199219,237677300,0.018834945447101292,0.0010166989647510949,30470229134.666443
2024-07-09,131.3800048828125,131.01724243164062,285366600,0.024805230998572014,0.0007410719362856977,37491465301.3916
2024-07-10,134.91000366210938,134.53746032714844,248978600,0.026868355875712346,0.010208065293514812,33589703837.786865
2024-07-11,127.4000015258789,127.0481948852539,374782700,-0.05566676688918637,-0.008763028841120457,47747316551.87302
2024-07-12,129.24000549316406,128.88311767578125,252680500,0.014442730116587477,0.0055170270744306915,32656429208.01544
2024-07-15,128.44000244140625,128.0853271484375,208326200,-0.006190031260344564,0.0028262026252154904,26757417636.608887
2024-07-16,126.36000061035156,126.01107025146484,214769500,-0.016194336565724,0.006389375498743188,27138274151.0849
2024-07-17,117.98999786376953,117.66417694091797,390086200,-0.06623936527076557,-0.013927543241993745,46026269904.685974
2024-07-18,121.08999633789062,120.755615234375,320979500,0.026273402609269247,-0.007816403936922511,38867406479.537964
2024-07-19,117.93000030517578,117.60433959960938,217223800,-0.02609630722885481,-0.007140265531926926,25617202800.291443
2024-07-22,123.54000091552734,123.19886779785156,258068900,0.04757076326680698,0.01079203564940956,31881832142.269135
2024-07-23,122.58999633789062,122.2514877319336,173911000,-0.007689843931621643,-0.001558102589770738,21319748853.118896
2024-07-24,114.25,113.93451690673828,327776900,-0.06803165327061145,-0.02314909375473495,37448510825.0
2024-07-25,112.27999877929688,111.96995544433594,460067000,-0.01724289983175553,-0.005142620237842288,51656322198.394775
2024-07-26,113.05999755859375,112.74779510498047,293399100,0.006946860499834839,0.011090468702846357,33171701529.693604
2024-07-29,111.58999633789062,111.28185272216797,248152100,-0.013001960538984836,0.0008133101292933098,27691291930.23987
2024-07-30,103.7300033569336,103.44355773925781,486833300,-0.07043641700034997,-0.004960171878030217,50499219843.26706
2024-07-31,117.0199966430664,116.69686889648438,473174200,0.12812118460419897,0.0157933986591674,55370843295.58563
2024-08-01,109.20999908447266,108.90843200683594,523462300,-0.06674075288649906,-0.013693502993456064,57167317303.75595
2024-08-02,107.2699966430664,106.97378540039062,482027500,-0.017763974476502242,-0.018381860868696753,51707088306.86569
2024-08-05,100.44999694824219,100.17262268066406,552842400,-0.0635778447427151,-0.02996879838863975,55533017392.85889
2024-08-06,104.25,103.96212768554688,409012100,0.0378297473249074,0.010354085880061037,42639511425.0
2024-08-07,98.91000366210938,98.63687896728516,411440400,-0.05122296779428126,-0.007734647858502863,40695571470.739746
2024-08-08,104.97000122070312,104.68013763427734,391910000,0.06126774012179115,0.023042611519136447,41138793178.40576
2024-08-09,104.75,104.46075439453125,290844200,-0.0020957484839441154,0.004671676849538509,30465929950.0
2024-08-12,109.0199966430664,108.71894836425781,325559900,0.04076357666003494,4.303397765514916e-05,35492539205.117035
2024-08-13,116.13999938964844,115.81929779052734,312646700,0.06530921732686501,0.016847579753558328,36310787547.1756
2024-08-14,118.08000183105469,117.7539291381836,339246400,0.01670387737245016,0.0038237284285767004,40058215533.17871
2024-08-15,122.86000061035156,122.52074432373047,318086700,0.04048115608909364,0.016133247764330783,39080132156.144714
2024-08-16,124.58000183105469,124.2359848022461,302589900,0.013999592379095649,0.001989779357261412,37696650296.058655
2024-08-19,130.0,129.64102172851562,318333600,0.043506210659279176,0.009722284736913167,41383368000.0
2024-08-20,127.25,126.89861297607422,300087400,-0.021153865619667478,-0.0019845553982971165,38186121650.0
2024-08-21,128.5,128.14517211914062,257883600,0.009823268464734358,0.004239676828782013,33138042600.0
2024-08-22,123.73999786376953,123.3982925415039,376189100,-0.03704298413383378,-0.008932805548120926,46549638430.37338
2024-08-23,129.3699951171875,129.0127716064453,323230300,0.04549883915981279,0.01148337085011919,41816302332.72705
2024-08-26,126.45999908447266,126.11078643798828,331964700,-0.022493782067635637,-0.0031537266931381813,41980255658.07724
2024-08-27,128.3000030517578,127.94571685791016,303134600,0.014550146516009166,0.0015951960865450143,38892170105.09338
2024-08-28,125.61000061035156,125.26315307617188,448101100,-0.020966421132466606,-0.00597597320797616,56285979444.49921
2024-08-29,117.58999633789062,117.2652816772461,453023300,-0.06384855564079817,-3.937906806072977e-05,53271008187.979126
2024-08-30,119.37000274658203,119.04037475585938,333751600,0.01513741367627408,0.010093051774424433,39839929408.67615
2024-09-03,108.0,107.70176696777344,477155100,-0.09525010158394043,-0.02115107439771169,51532750800.0
2024-09-04,106.20999908447266,105.91671752929688,372470300,-0.01657400327527292,-0.0016025435809103872,39560070221.993256
2024-09-05,107.20999908447266,106.91395568847656,306850700,0.009415304613304754,-0.003018017615584734,32897463266.069794
2024-09-06,102.83000183105469,102.54605102539062,413638100,-0.04085439206657959,-0.01726024985928465,42534406580.39398
2024-09-09,106.47000122070312,106.1760025024414,273912000,0.03539825708307376,0.0115800702824842,29163410974.365234
2024-09-10,108.0999984741211,107.80148315429688,268283700,0.015309303548304953,0.004472672652839682,29001467560.63156
2024-09-11,116.91000366210938,116.5871810913086,441422400,0.08149885956983272,0.010665025888896507,51606694400.53711
2024-09-12,119.13999938964844,118.82117462158203,366052700,0.019161570846488063,0.007495302358939249,43611518454.57916
2024-09-13,119.0999984741211,118.78128051757812,238358300,-0.00033574911316069933,0.005407711405364557,28388473166.294098
2024-09-16,116.77999877929688,116.46749114990234,248772300,-0.019479410876812153,0.0012566297656613212,29051628890.322876
2024-09-17,115.58999633789062,115.28067016601562,231925900,-0.010190148102007246,0.00026455008109871336,26808313931.661987
2024-09-18,113.37000274658203,113.06661987304688,310318900,-0.019205737525469724,-0.002896455862498093,35180854545.316315
2024-09-19,117.87000274658203,117.55458068847656,293506400,0.03969306609208667,0.01697685316676334,34595600174.139404
2024-09-20,116.0,115.68958282470703,382462400,-0.015864952712577263,-0.0019410273951238066,44365638400.0
2024-09-23,116.26000213623047,115.94888305664062,206228500,0.0022413446881079935,0.0028092730585327352,23976125850.551605
2024-09-24,120.87000274658203,120.54655456542969,354966800,0.0396525726474064,0.0025111788443470395,42904838090.945435
2024-09-25,123.51000213623047,123.17948150634766,284692900,0.02184157772413875,-0.0018612489301417234,35162420687.16965
2024-09-26,124.04000091552734,123.70805358886719,302582900,0.004291072474536195,0.00403867571712313,37532383193.02292
2024-09-27,121.4000015258789,121.07511901855469,271009200,-0.0212834532104339,-0.0012532169669905446,32900517293.52722
2024-09-30,121.44000244140625,121.11502075195312,226553700,0.00032956179371845806,0.004236552581176722,27512681881.10962
2024-10-01,117.0,116.6868896484375,302094500,-0.0365613701423918,-0.009324107094664358,35345056500.0
2024-10-02,118.8499984741211,118.53195190429688,221845900,0.015812078472725588,0.00013839090212397487,26366384876.49002
2024-10-03,122.8499984741211,122.521240234375,277118000,0.03365580559492587,-0.001681413492255035,34043945877.15149
2024-10-04,124.91999816894531,124.58570098876953,243678100,0.01684981926762541,0.008970249395274354,30440267805.812073
2024-10-07,127.72000122070312,127.37820434570312,346250200,0.022414316689403302,-0.009586022165882668,44223075966.6687
2024-10-08,132.88999938964844,132.5343780517578,285722500,0.040479246292881355,0.009689347495581924,37969662850.608826
2024-10-09,132.64999389648438,132.29502868652344,246191600,-0.0018059417394399313,0.007113411987488272,32657314237.365723
2024-10-10,134.80999755859375,134.44924926757812,242311300,0.016283458285943464,-0.002070122839989974,32665985761.419678
2024-10-11,134.8000030517578,134.43927001953125,170209500,-7.422315930538659e-05,0.006051847587953629,22944241119.43817
2024-10-14,138.07000732421875,137.7005157470703,232347700,0.024258133260209425,0.0077076668832223305,32080248640.76538
2024-10-15,131.60000610351562,131.2478485107422,377831000,-0.046860153001753835,-0.007609466332438197,49722561906.09741
2024-10-16,135.72000122070312,135.35678100585938,264879700,0.031306665531975364,0.004679145956573816,35949473207.33948
2024-10-17,136.92999267578125,136.56356811523438,306435900,0.008915601423195474,-0.00017116047891174713,41960265542.596436
2024-10-18,138.0,137.63070678710938,176090200,0.007814226638941824,0.00397155273894878,24300447600.0
2024-10-21,143.7100067138672,143.325439453125,264554500,0.0413769048997501,-0.0018227694906369774,38019128971.18378
2024-10-22,143.58999633789062,143.2057342529297,226311600,-0.0008351985568790798,-0.0004748538883844189,32496081815.222168
2024-10-23,139.55999755859375,139.18653869628906,285930000,-0.02806588421621392,-0.009191323428069387,39904390101.92871
2024-10-24,140.41000366210938,140.03427124023438,172354900,0.006090621635437721,0.002145772011323821,24200352140.182495
2024-10-25,141.5399932861328,141.16123962402344,205122100,0.008047804111150025,-0.00029944716993013376,29032980656.837463
2024-10-28,140.52000427246094,140.14395141601562,173586700,-0.007206568961262372,0.0026514435020339455,24392403825.642395
2024-10-29,141.25,140.87200927734375,157593600,0.005195071595825773,0.001614127248163344,22260096000.0
2024-10-30,139.33999633789062,138.96710205078125,179418100,-0.013522254962745506,-0.003300233889343751,25000117396.951294
2024-10-31,132.75999450683594,132.40472412109375,270039600,-0.04722252844626118,-0.018614700871699585,35850455812.628174
2024-11-01,135.39999389648438,135.0376739501953,207127800,0.019885618482113454,0.004092509543626166,28045102855.792236
2024-11-04,136.0500030517578,135.6859130859375,187528200,0.004800431737155497,-0.002812083478299976,25513212182.29065
2024-11-05,139.91000366210938,139.53558349609375,160537400,0.028371923972078328,0.012265644545291332,22460788221.905518
2024-11-06,145.61000061035156,145.2203369140625,242043900,0.0407405285127711,0.025295927786425976,35244012426.73187
2024-11-07,148.8800048828125,148.48159790039062,207323300,0.022457329707601836,0.007431229727488331,30866293916.3208
2024-11-08,147.6300048828125,147.23492431640625,175665800,-0.008396148759260424,0.0037568333092317108,25933542911.743164
2024-11-11,145.25999450683594,144.8712615966797,182325600,-0.016053682444574613,0.0009690634297987444,26484615654.455566
2024-11-12,148.2899932861328,147.89317321777344,198634700,0.02085928974310125,-0.00289265965137242,29455538329.393005
2024-11-13,146.27000427246094,145.87855529785156,191903300,-0.013622115721023453,0.00023222772482434095,28069696510.899353
2024-11-14,146.75999450683594,146.36724853515625,194463300,0.0033500005282263157,-0.006049734794859041,28539432839.78119
2024-11-15,141.97999572753906,141.6000518798828,250132900,-0.0325701050131334,-0.013203489851361216,35513868073.316956
2024-11-18,140.14999389648438,139.7749481201172,221205300,-0.012889146123433837,0.003917814394541086,31001921444.869995
2024-11-19,147.00999450683594,146.6165771484375,227834900,0.04894746247690174,0.003963584828470035,33494007397.465515
2024-11-20,145.88999938964844,145.49957275390625,309871700,-0.007618540933474249,2.195086225209586e-05,45207182123.86932
2024-11-21,146.6699981689453,146.27749633789062,400946600,0.005346569541479829,0.0053404615405816536,58806837087.84485
2024-11-22,141.9499969482422,141.5701446533203,236406200,-0.032180969748734745,0.003467959094991535,33557859368.545532
2024-11-25,136.02000427246094,135.65599060058594,344941900,-0.041775432717237604,0.003020480305938378,46918998711.75079
2024-11-26,136.9199981689453,136.55360412597656,190287700,0.006616836613087651,0.005722005647630368,26054191535.572815
2024-11-27,135.33999633789062,134.9778289794922,226370900,-0.011539608614289376,-0.003801238017440034,30637036777.005005
2024-11-29,138.25,137.88003540039062,141863200,0.021501356503069724,0.005607785488815242,19612587400.0
2024-12-02,138.6300048828125,138.25904846191406,171682800,0.0027488610691375204,0.0024484564662998753,23800387402.29492
2024-12-03,140.25999450683594,139.8846435546875,164414000,0.011757603649509063,0.0004514491145146682,23060706736.846924
2024-12-04,145.13999938964844,144.7515869140625,231224300,0.034792549315624255,0.006051417924264779,33559894760.871887
2024-12-05,145.05999755859375,144.68177795410156,172621200,-0.00048226732051226406,-0.0018697756269248078,25040430850.561523
2024-12-06,142.44000244140625,142.06863403320312,188505600,-0.018061320214957766,0.0024954538421815275,26850738124.21875
2024-12-09,138.80999755859375,138.44805908203125,189308600,-0.02548468897311773,-0.006144213927296471,26277926303.8208
2024-12-10,135.07000732421875,134.7178497314453,210020900,-0.026943023797652232,-0.002963883313944371,28367524501.239014
2024-12-11,139.30999755859375,138.94676208496094,184905200,0.03139088370209131,0.008165786048233592,25759142960.57129
2024-12-12,137.33999633789062,136.98190307617188,159211400,-0.014141092453724302,-0.005414022527810203,21866093092.95044
2024-12-13,134.25,133.8999786376953,231514900,-0.02249877078115048,-2.6466639124200775e-05,31080875325.0
2024-12-16,132.0,131.65582275390625,237951100,-0.016759942059895838,0.0037993543260221863,31409545200.0
2024-12-17,130.38999938964844,130.05001831054688,259410300,-0.012196987643766977,-0.003863994965801476,33824508858.668518
2024-12-18,128.91000366210938,128.57388305664062,277444500,-0.011350519385405877,-0.02949284635160343,35765371511.032104
2024-12-19,130.67999267578125,130.33926391601562,209719200,0.01373047789648929,-0.0008651123249070469,27406103519.970703
2024-12-20,134.6999969482422,134.34878540039062,306528600,0.030762192173791503,0.010869123768910471,41289401484.54895
2024-12-23,139.6699981689453,139.3058319091797,176053500,0.03689684647327418,0.007287273468533639,24589392022.636414
2024-12-24,140.22000122070312,139.85440063476562,105157000,0.0039378733687442935,0.01104275925539211,14745114668.365479
2024-12-26,139.92999267578125,139.56515502929688,116205600,-0.0020681909482714866,-0.00040565878647391695,16260648756.884766
2024-12-27,137.00999450683594,136.65277099609375,170582600,-0.020867558471824643,-0.011055736101235558,23371521088.961792
2024-12-30,137.49000549316406,137.1315155029297,167734700,0.003503364793456143,-0.010701995701766776,23061844824.394226
2024-12-31,134.2899932861328,133.9398651123047,155659200,-0.0232743755432121,-0.004284800394927402,20903472922.924805
