date,training_start,training_end,training_size,method,alpha,var,es,realized_return,exceedance
2020-12-31,2020-01-02,2020-12-30,252,historical,0.95,-0.056072121871138414,-0.08115073079893541,-0.006903525937662303,0
2020-12-31,2020-01-02,2020-12-30,252,normal,0.95,-0.05614803293165073,-0.0713951051205374,-0.006903525937662303,0
2020-12-31,2020-01-02,2020-12-30,252,historical,0.99,-0.08518030909764127,-0.1332213053967849,-0.006903525937662303,0
2020-12-31,2020-01-02,2020-12-30,252,normal,0.99,-0.08101476427367321,-0.09337950312569951,-0.006903525937662303,0
2021-01-04,2020-01-03,2020-12-31,252,historical,0.95,-0.056072121871138414,-0.08115073079893541,0.004481345776824908,0
2021-01-04,2020-01-03,2020-12-31,252,normal,0.95,-0.056241150127205264,-0.07148516787726825,0.004481345776824908,0
2021-01-04,2020-01-03,2020-12-31,252,historical,0.99,-0.08518030909764127,-0.1332213053967849,0.004481345776824908,0
2021-01-04,2020-01-03,2020-12-31,252,normal,0.99,-0.08110289992859566,-0.0934651617582844,0.004481345776824908,0
2021-01-05,2020-01-06,2021-01-04,252,historical,0.95,-0.056072121871138414,-0.08115073079893541,0.022209761145725038,0
2021-01-05,2020-01-06,2021-01-04,252,normal,0.95,-0.05612462915446945,-0.07135969899451715,0.022209761145725038,0
2021-01-05,2020-01-06,2021-01-04,252,historical,0.99,-0.08518030909764127,-0.1332213053967849,0.022209761145725038,0
2021-01-05,2020-01-06,2021-01-04,252,normal,0.99,-0.08097178564432658,-0.0933267910926432,0.022209761145725038,0
2021-01-06,2020-01-07,2021-01-05,252,historical,0.95,-0.056072121871138414,-0.08115073079893541,-0.058952961074343446,1
2021-01-06,2020-01-07,2021-01-05,252,normal,0.95,-0.05608330704205232,-0.07132604144375487,-0.058952961074343446,1
2021-01-06,2020-01-07,2021-01-05,252,historical,0.99,-0.08518030909764127,-0.1332213053967849,-0.058952961074343446,0
2021-01-06,2020-01-07,2021-01-05,252,normal,0.99,-0.08094296380692387,-0.09330418489468284,-0.058952961074343446,0
2021-01-07,2020-01-08,2021-01-06,252,historical,0.95,-0.05677105749206312,-0.08136179823615092,0.05783033008786509,0
2021-01-07,2020-01-08,2021-01-06,252,normal,0.95,-0.05671151856760151,-0.07204220883526198,0.05783033008786509,0
2021-01-07,2020-01-08,2021-01-06,252,historical,0.99,-0.08518030909764127,-0.1332213053967849,0.05783033008786509,0
2021-01-07,2020-01-08,2021-01-06,252,normal,0.99,-0.0817146241770535,-0.09414717379920913,0.05783033008786509,0
2021-01-08,2020-01-09,2021-01-07,252,historical,0.95,-0.05677105749206312,-0.08136179823615092,-0.0050397309384955236,0
2021-01-08,2020-01-09,2021-01-07,252,normal,0.95,-0.0567498289844519,-0.07214665948717924,-0.0050397309384955236,0
2021-01-08,2020-01-09,2021-01-07,252,historical,0.99,-0.08518030909764127,-0.1332213053967849,-0.0050397309384955236,0
2021-01-08,2020-01-09,2021-01-07,252,normal,0.99,-0.08186080392356478,-0.09434699051445004,-0.0050397309384955236,0
2021-01-11,2020-01-10,2021-01-08,252,historical,0.95,-0.05677105749206312,-0.08136179823615092,0.02596657052145912,0
2021-01-11,2020-01-10,2021-01-08,252,normal,0.95,-0.05681584473201701,-0.07221329405765223,0.02596657052145912,0
2021-01-11,2020-01-10,2021-01-08,252,historical,0.99,-0.08518030909764127,-0.1332213053967849,0.02596657052145912,0
2021-01-11,2020-01-10,2021-01-08,252,normal,0.99,-0.08192782892082766,-0.09441451735125016,0.02596657052145912,0
2021-01-12,2020-01-13,2021-01-11,252,historical,0.95,-0.05677105749206312,-0.08136179823615092,-0.010039497887173399,0
2021-01-12,2020-01-13,2021-01-11,252,normal,0.95,-0.05677736453657061,-0.07218582232075439,-0.010039497887173399,0
2021-01-12,2020-01-13,2021-01-11,252,historical,0.99,-0.08518030909764127,-0.1332213053967849,-0.010039497887173399,0
2021-01-12,2020-01-13,2021-01-11,252,normal,0.99,-0.08190730262353467,-0.09440291845414456,-0.010039497887173399,0
2021-01-13,2020-01-14,2021-01-12,252,historical,0.95,-0.05677105749206312,-0.08136179823615092,0.003485622668426114,0
2021-01-13,2020-01-14,2021-01-12,252,normal,0.95,-0.056891117914448626,-0.0722867467124075,0.003485622668426114,0
2021-01-13,2020-01-14,2021-01-12,252,historical,0.99,-0.08518030909764127,-0.1332213053967849,0.003485622668426114,0
2021-01-13,2020-01-14,2021-01-12,252,normal,0.99,-0.08200013297108312,-0.09448534502958242,0.003485622668426114,0
2021-01-14,2020-01-15,2021-01-13,252,historical,0.95,-0.05677105749206312,-0.08136179823615092,-0.02449822534275581,0
2021-01-14,2020-01-15,2021-01-13,252,normal,0.95,-0.056758603593530216,-0.07214288563545297,-0.02449822534275581,0
2021-01-14,2020-01-15,2021-01-13,252,historical,0.99,-0.08518030909764127,-0.1332213053967849,-0.02449822534275581,0
2021-01-14,2020-01-15,2021-01-13,252,normal,0.99,-0.08184911301639723,-0.09432512332957348,-0.02449822534275581,0
2021-01-15,2020-01-16,2021-01-14,252,historical,0.95,-0.05677105749206312,-0.08136179823615092,-0.025813729482839443,0
2021-01-15,2020-01-16,2021-01-14,252,normal,0.95,-0.056889287189199306,-0.07228904269410484,-0.025813729482839443,0
2021-01-15,2020-01-16,2021-01-14,252,historical,0.99,-0.08518030909764127,-0.1332213053967849,-0.025813729482839443,0
2021-01-15,2020-01-16,2021-01-14,252,normal,0.99,-0.082005032568331,-0.09449359121383939,-0.025813729482839443,0
2021-01-19,2020-01-17,2021-01-15,252,historical,0.95,-0.05677105749206312,-0.08136179823615092,0.012889268829615386,0
2021-01-19,2020-01-17,2021-01-15,252,normal,0.95,-0.057114224579809726,-0.07253130736446904,0.012889268829615386,0
2021-01-19,2020-01-17,2021-01-15,252,historical,0.99,-0.08518030909764127,-0.1332213053967849,0.012889268829615386,0
2021-01-19,2020-01-17,2021-01-15,252,normal,0.99,-0.08225822933918096,-0.0947608396850104,0.012889268829615386,0
2021-01-20,2020-01-21,2021-01-19,252,historical,0.95,-0.05677105749206312,-0.08136179823615092,0.026141704213030748,0
2021-01-20,2020-01-21,2021-01-19,252,normal,0.95,-0.057075898492948404,-0.07249482135157855,0.026141704213030748,0
2021-01-20,2020-01-21,2021-01-19,252,historical,0.99,-0.08518030909764127,-0.1332213053967849,0.026141704213030748,0
2021-01-20,2020-01-21,2021-01-19,252,normal,0.99,-0.0822229042629081,-0.09472700683188934,0.026141704213030748,0
2021-01-21,2020-01-22,2021-01-20,252,historical,0.95,-0.05677105749206312,-0.08136179823615092,0.03753970518846028,0
2021-01-21,2020-01-22,2021-01-20,252,normal,0.95,-0.05698833162794976,-0.07241678103758091,0.03753970518846028,0
2021-01-21,2020-01-22,2021-01-20,252,historical,0.99,-0.08518030909764127,-0.1332213053967849,0.03753970518846028,0
2021-01-21,2020-01-22,2021-01-20,252,normal,0.99,-0.08215087442570232,-0.09466270262973199,0.03753970518846028,0
2021-01-22,2020-01-23,2021-01-21,252,historical,0.95,-0.05677105749206312,-0.08136179823615092,-0.011177136467600768,0
2021-01-22,2020-01-23,2021-01-21,252,normal,0.95,-0.05697285412386875,-0.07242639245930813,-0.011177136467600768,0
2021-01-22,2020-01-23,2021-01-21,252,historical,0.99,-0.08518030909764127,-0.1332213053967849,-0.011177136467600768,0
2021-01-22,2020-01-23,2021-01-21,252,normal,0.99,-0.08217631491361373,-0.09470848918880075,-0.011177136467600768,0
2021-01-25,2020-01-24,2021-01-22,252,historical,0.95,-0.05677105749206312,-0.08136179823615092,-0.004320647010703116,0
2021-01-25,2020-01-24,2021-01-22,252,normal,0.95,-0.057076180622603966,-0.07253361615449505,-0.004320647010703116,0
2021-01-25,2020-01-24,2021-01-22,252,historical,0.99,-0.08518030909764127,-0.1332213053967849,-0.004320647010703116,0
2021-01-25,2020-01-24,2021-01-22,252,normal,0.99,-0.0822859974219455,-0.09482133216071423,-0.004320647010703116,0
2021-01-26,2020-01-27,2021-01-25,252,historical,0.95,-0.05677105749206312,-0.08136179823615092,-0.01596700581815791,0
2021-01-26,2020-01-27,2021-01-25,252,normal,0.95,-0.05704637217074954,-0.0725013679302007,-0.01596700581815791,0
2021-01-26,2020-01-27,2021-01-25,252,historical,0.99,-0.08518030909764127,-0.1332213053967849,-0.01596700581815791,0
2021-01-26,2020-01-27,2021-01-25,252,normal,0.99,-0.08225220990020489,-0.09478556608540578,-0.01596700581815791,0
2021-01-27,2020-01-28,2021-01-26,252,historical,0.95,-0.05677105749206312,-0.08136179823615092,-0.03851792626747186,0
2021-01-27,2020-01-28,2021-01-26,252,normal,0.95,-0.05680300600179885,-0.07222145425151466,-0.03851792626747186,0
2021-01-27,2020-01-28,2021-01-26,252,historical,0.99,-0.08518030909764127,-0.1332213053967849,-0.03851792626747186,0
2021-01-27,2020-01-28,2021-01-26,252,normal,0.99,-0.08194923772332362,-0.09445295540429426,-0.03851792626747186,0
2021-01-28,2020-01-29,2021-01-27,252,historical,0.95,-0.05677105749206312,-0.08136179823615092,0.01031521342039654,0
2021-01-28,2020-01-29,2021-01-27,252,normal,0.95,-0.05717017357564441,-0.07261045740804178,0.01031521342039654,0
2021-01-28,2020-01-29,2021-01-27,252,historical,0.99,-0.08518030909764127,-0.1332213053967849,0.01031521342039654,0
2021-01-28,2020-01-29,2021-01-27,252,normal,0.99,-0.08235201735183201,-0.09487344277853864,0.01031521342039654,0
2021-01-29,2020-01-30,2021-01-28,252,historical,0.95,-0.05677105749206312,-0.08136179823615092,-0.004693371856309803,0
2021-01-29,2020-01-30,2021-01-28,252,normal,0.95,-0.05707825541257104,-0.0725154660234973,-0.004693371856309803,0
2021-01-29,2020-01-30,2021-01-28,252,historical,0.99,-0.08518030909764127,-0.1332213053967849,-0.004693371856309803,0
2021-01-29,2020-01-30,2021-01-28,252,normal,0.99,-0.08225508701516035,-0.0947740201875867,-0.004693371856309803,0
2021-02-01,2020-01-31,2021-01-29,252,historical,0.95,-0.05677105749206312,-0.08136179823615092,0.0190344017965538,0
2021-02-01,2020-01-31,2021-01-29,252,normal,0.95,-0.057106868464355545,-0.07254550796740032,0.0190344017965538,0
2021-02-01,2020-01-31,2021-01-29,252,historical,0.99,-0.08518030909764127,-0.1332213053967849,0.0190344017965538,0
2021-02-01,2020-01-31,2021-01-29,252,normal,0.99,-0.08228603047346407,-0.0948061224177303,0.0190344017965538,0
2021-02-02,2020-02-03,2021-02-01,252,historical,0.95,-0.05677105749206312,-0.08136179823615092,0.024155816975667266,0
2021-02-02,2020-02-03,2021-02-01,252,normal,0.95,-0.05674441301390444,-0.07214863146176503,0.024155816975667266,0
2021-02-02,2020-02-03,2021-02-01,252,historical,0.99,-0.08518030909764127,-0.1332213053967849,0.024155816975667266,0
2021-02-02,2020-02-03,2021-02-01,252,normal,0.99,-0.08186743708904304,-0.09435961499492268,0.024155816975667266,0
2021-02-03,2020-02-04,2021-02-02,252,historical,0.95,-0.05677105749206312,-0.08136179823615092,-0.0019362442969957927,0
2021-02-03,2020-02-04,2021-02-02,252,normal,0.95,-0.05673636758222583,-0.07214626453643215,-0.0019362442969957927,0
2021-02-03,2020-02-04,2021-02-02,252,historical,0.99,-0.08518030909764127,-0.1332213053967849,-0.0019362442969957927,0
2021-02-03,2020-02-04,2021-02-02,252,normal,0.99,-0.08186865283813238,-0.09436543577553314,-0.0019362442969957927,0
2021-02-04,2020-02-05,2021-02-03,252,historical,0.95,-0.05677105749206312,-0.08136179823615092,0.009884842617866596,0
2021-02-04,2020-02-05,2021-02-03,252,normal,0.95,-0.05680626380762003,-0.07220344168563238,0.009884842617866596,0
2021-02-04,2020-02-05,2021-02-03,252,historical,0.99,-0.08518030909764127,-0.1332213053967849,0.009884842617866596,0
2021-02-04,2020-02-05,2021-02-03,252,normal,0.99,-0.08191780528749432,-0.09440427358522989,0.009884842617866596,0
2021-02-05,2020-02-06,2021-02-04,252,historical,0.95,-0.05677105749206312,-0.08136179823615092,-0.00536063499528705,0
2021-02-05,2020-02-06,2021-02-04,252,normal,0.95,-0.05681806958680849,-0.07221340407889815,-0.00536063499528705,0
2021-02-05,2020-02-06,2021-02-04,252,historical,0.99,-0.08518030909764127,-0.1332213053967849,-0.00536063499528705,0
2021-02-05,2020-02-06,2021-02-04,252,normal,0.99,-0.0819266046545709,-0.09441157804329998,-0.00536063499528705,0
2021-02-08,2020-02-07,2021-02-05,252,historical,0.95,-0.05677105749206312,-0.08136179823615092,0.062375904170212326,0
2021-02-08,2020-02-07,2021-02-05,252,normal,0.95,-0.0568927437262272,-0.07228761393388382,0.062375904170212326,0
2021-02-08,2020-02-07,2021-02-05,252,historical,0.99,-0.08518030909764127,-0.1332213053967849,0.062375904170212326,0
2021-02-08,2020-02-07,2021-02-05,252,normal,0.99,-0.0820005215839417,-0.09448511845738335,0.062375904170212326,0
2021-02-09,2020-02-10,2021-02-08,252,historical,0.95,-0.05677105749206312,-0.08136179823615092,-0.012154882905965225,0
2021-02-09,2020-02-10,2021-02-08,252,normal,0.95,-0.05688941946752612,-0.07235687294560432,-0.012154882905965225,0
2021-02-09,2020-02-10,2021-02-08,252,historical,0.99,-0.08518030909764127,-0.1332213053967849,-0.012154882905965225,0
2021-02-09,2020-02-10,2021-02-08,252,normal,0.99,-0.08211557472013577,-0.09465903359492896,-0.012154882905965225,0
2021-02-10,2020-02-11,2021-02-09,252,historical,0.95,-0.05677105749206312,-0.08136179823615092,0.03512520916583539,0
2021-02-10,2020-02-11,2021-02-09,252,normal,0.95,-0.056988428144261145,-0.07242318211114265,0.03512520916583539,0
2021-02-10,2020-02-11,2021-02-09,252,historical,0.99,-0.08518030909764127,-0.1332213053967849,0.03512520916583539,0
2021-02-10,2020-02-11,2021-02-09,252,normal,0.99,-0.08216125316075266,-0.09467819409744421,0.03512520916583539,0
2021-02-11,2020-02-12,2021-02-10,252,historical,0.95,-0.05677105749206312,-0.08136179823615092,0.03295108382804246,0
2021-02-11,2020-02-12,2021-02-10,252,normal,0.95,-0.056990571087611665,-0.07244241828814041,0.03295108382804246,0
2021-02-11,2020-02-12,2021-02-10,252,historical,0.99,-0.08518030909764127,-0.1332213053967849,0.03295108382804246,0
2021-02-11,2020-02-12,2021-02-10,252,normal,0.99,-0.08219127377422938,-0.09472207660962292,0.03295108382804246,0
2021-02-12,2020-02-13,2021-02-11,252,historical,0.95,-0.05677105749206312,-0.08136179823615092,-0.018982627605881097,0
2021-02-12,2020-02-13,2021-02-11,252,normal,0.95,-0.056987496621228866,-0.07245428196620972,-0.018982627605881097,0
2021-02-12,2020-02-13,2021-02-11,252,historical,0.99,-0.08518030909764127,-0.1332213053967849,-0.018982627605881097,0
2021-02-12,2020-02-13,2021-02-11,252,normal,0.99,-0.08221256220324298,-0.09475547924999436,-0.018982627605881097,0
2021-02-16,2020-02-14,2021-02-12,252,historical,0.95,-0.05677105749206312,-0.08136179823615092,0.02466399145538456,0
2021-02-16,2020-02-14,2021-02-12,252,normal,0.95,-0.05707397647522899,-0.07255010507352119,0.02466399145538456,0
2021-02-16,2020-02-14,2021-02-12,252,historical,0.99,-0.08518030909764127,-0.1332213053967849,0.02466399145538456,0
2021-02-16,2020-02-14,2021-02-12,252,normal,0.99,-0.08231428014145203,-0.09486477417647972,0.02466399145538456,0
2021-02-17,2020-02-18,2021-02-16,252,historical,0.95,-0.05677105749206312,-0.08136179823615092,-0.02767415064362,0
2021-02-17,2020-02-18,2021-02-16,252,normal,0.95,-0.05690171200870648,-0.07228816892415645,-0.02767415064362,0
2021-02-17,2020-02-18,2021-02-16,252,historical,0.99,-0.08518030909764127,-0.1332213053967849,-0.02767415064362,0
2021-02-17,2020-02-18,2021-02-16,252,normal,0.99,-0.08199576847293553,-0.09447354251772314,-0.02767415064362,0
2021-02-18,2020-02-19,2021-02-17,252,historical,0.95,-0.05677105749206312,-0.08136179823615092,-0.00516564269148212,0
2021-02-18,2020-02-19,2021-02-17,252,normal,0.95,-0.05715618335043837,-0.07255580271228149,-0.00516564269148212,0
2021-02-18,2020-02-19,2021-02-17,252,historical,0.99,-0.08518030909764127,-0.1332213053967849,-0.00516564269148212,0
2021-02-18,2020-02-19,2021-02-17,252,normal,0.99,-0.08227170669133772,-0.09476015493050761,-0.00516564269148212,0
2021-02-19,2020-02-20,2021-02-18,252,historical,0.95,-0.05677105749206312,-0.08136179823615092,0.006574859961817836,0
2021-02-19,2020-02-20,2021-02-18,252,normal,0.95,-0.05712794595010586,-0.07245355694782171,0.006574859961817836,0
2021-02-19,2020-02-20,2021-02-18,252,historical,0.99,-0.08518030909764127,-0.1332213053967849,0.006574859961817836,0
2021-02-19,2020-02-20,2021-02-18,252,normal,0.99,-0.0821227676844924,-0.09455119823082507,0.006574859961817836,0
2021-02-22,2020-02-21,2021-02-19,252,historical,0.95,-0.05677105749206312,-0.08136179823615092,-0.03823722206855573,0
2021-02-22,2020-02-21,2021-02-19,252,normal,0.95,-0.056982677150753426,-0.07229723232768154,-0.03823722206855573,0
2021-02-22,2020-02-21,2021-02-19,252,historical,0.99,-0.08518030909764127,-0.1332213053967849,-0.03823722206855573,0
2021-02-22,2020-02-21,2021-02-19,252,normal,0.99,-0.08195946774303688,-0.09437893248038397,-0.03823722206855573,0
2021-02-23,2020-02-24,2021-02-22,252,historical,0.95,-0.05677105749206312,-0.08136179823615092,-0.014889582153655434,0
2021-02-23,2020-02-24,2021-02-22,252,normal,0.95,-0.05687077869109476,-0.0721661364289991,-0.014889582153655434,0
2021-02-23,2020-02-24,2021-02-22,252,historical,0.99,-0.08518030909764127,-0.1332213053967849,-0.014889582153655434,0
2021-02-23,2020-02-24,2021-02-22,252,normal,0.99,-0.08181625982588074,-0.09422015624183365,-0.014889582153655434,0
2021-02-24,2020-02-25,2021-02-23,252,historical,0.95,-0.056072121871138414,-0.08024732338042455,0.025243654516793113,0
2021-02-24,2020-02-25,2021-02-23,252,normal,0.95,-0.05618552258215068,-0.07136305715056096,0.025243654516793113,0
2021-02-24,2020-02-25,2021-02-23,252,historical,0.99,-0.08518030909764127,-0.1332213053967849,0.025243654516793113,0
2021-02-24,2020-02-25,2021-02-23,252,normal,0.99,-0.080938843735966,-0.09324719048156489,0.025243654516793113,0
2021-02-25,2020-02-26,2021-02-24,252,historical,0.95,-0.056072121871138414,-0.08024732338042455,-0.08217782794253226,1
2021-02-25,2020-02-26,2021-02-24,252,normal,0.95,-0.05578309863596291,-0.07092527537824266,-0.08217782794253226,1
2021-02-25,2020-02-26,2021-02-24,252,historical,0.99,-0.08518030909764127,-0.1332213053967849,-0.08217782794253226,0
2021-02-25,2020-02-26,2021-02-24,252,normal,0.99,-0.08047875405878845,-0.0927584270838813,-0.08217782794253226,1
2021-02-26,2020-02-27,2021-02-25,252,historical,0.95,-0.05677105749206312,-0.08224491903826997,0.030584175112067014,0
2021-02-26,2020-02-27,2021-02-25,252,normal,0.95,-0.05682769395375286,-0.0721308539628354,0.030584175112067014,0
2021-02-26,2020-02-27,2021-02-25,252,historical,0.99,-0.08737057239319863,-0.1332213053967849,0.030584175112067014,0
2021-02-26,2020-02-27,2021-02-25,252,normal,0.99,-0.0817858999565556,-0.09419612368862378,0.030584175112067014,0
2021-03-01,2020-02-28,2021-02-26,252,historical,0.95,-0.05677105749206312,-0.08224491903826997,0.00927860697039029,0
2021-03-01,2020-02-28,2021-02-26,252,normal,0.95,-0.056236079187233855,-0.0714758934175394,0.00927860697039029,0
2021-03-01,2020-02-28,2021-02-26,252,historical,0.99,-0.08737057239319863,-0.1332213053967849,0.00927860697039029,0
2021-03-01,2020-02-28,2021-02-26,252,normal,0.99,-0.08109097339069675,-0.0934498263413944,0.00927860697039029,0
2021-03-02,2020-03-02,2021-03-01,252,historical,0.95,-0.05677105749206312,-0.08224491903826997,-0.03146270228261283,0
2021-03-02,2020-03-02,2021-03-01,252,normal,0.95,-0.05608959374955708,-0.07123182774786253,-0.03146270228261283,0
2021-03-02,2020-03-02,2021-03-01,252,historical,0.99,-0.08737057239319863,-0.1332213053967849,-0.03146270228261283,0
2021-03-02,2020-03-02,2021-03-01,252,normal,0.99,-0.08078534255229133,-0.09306506200963013,-0.03146270228261283,0
2021-03-03,2020-03-03,2021-03-02,252,historical,0.95,-0.05677105749206312,-0.08224491903826997,-0.044867238356314454,0
2021-03-03,2020-03-03,2021-03-02,252,normal,0.95,-0.05638110594089359,-0.07154193819063269,-0.044867238356314454,0
2021-03-03,2020-03-03,2021-03-02,252,historical,0.99,-0.08737057239319863,-0.1332213053967849,-0.044867238356314454,0
2021-03-03,2020-03-03,2021-03-02,252,normal,0.99,-0.08110718697502955,-0.09340198883764803,-0.044867238356314454,0
2021-03-04,2020-03-04,2021-03-03,252,historical,0.95,-0.05677105749206312,-0.08224491903826997,-0.033932946065248215,0
2021-03-04,2020-03-04,2021-03-03,252,normal,0.95,-0.05646232168411987,-0.0716369932800148,-0.033932946065248215,0
2021-03-04,2020-03-04,2021-03-03,252,historical,0.99,-0.08737057239319863,-0.1332213053967849,-0.033932946065248215,0
2021-03-04,2020-03-04,2021-03-03,252,normal,0.99,-0.08121097356323795,-0.09351699855768002,-0.033932946065248215,0
2021-03-05,2020-03-05,2021-03-04,252,historical,0.95,-0.05677105749206312,-0.08224491903826997,0.007376687318518815,0
2021-03-05,2020-03-05,2021-03-04,252,normal,0.95,-0.05659311370965672,-0.07169620803657575,0.007376687318518815,0
2021-03-05,2020-03-05,2021-03-04,252,historical,0.99,-0.08737057239319863,-0.1332213053967849,0.007376687318518815,0
2021-03-05,2020-03-05,2021-03-04,252,normal,0.99,-0.08122502890019818,-0.09347300771845218,0.007376687318518815,0
2021-03-08,2020-03-06,2021-03-05,252,historical,0.95,-0.05677105749206312,-0.08224491903826997,-0.06967456183442067,1
2021-03-08,2020-03-06,2021-03-05,252,normal,0.95,-0.056246024776831216,-0.07130813655407262,-0.06967456183442067,1
2021-03-08,2020-03-06,2021-03-05,252,historical,0.99,-0.08737057239319863,-0.1332213053967849,-0.06967456183442067,0
2021-03-08,2020-03-06,2021-03-05,252,normal,0.99,-0.08081110077097353,-0.09302584445280421,-0.06967456183442067,0
2021-03-09,2020-03-09,2021-03-08,252,historical,0.95,-0.058130684911223016,-0.08318466121745359,0.08033313673468023,0
2021-03-09,2020-03-09,2021-03-08,252,normal,0.95,-0.056816412002904985,-0.071979929789788,0.08033313673468023,0
2021-03-09,2020-03-09,2021-03-08,252,historical,0.99,-0.08737057239319863,-0.1332213053967849,0.08033313673468023,0
2021-03-09,2020-03-09,2021-03-08,252,normal,0.99,-0.08154687292911725,-0.09384385265021573,0.08033313673468023,0
2021-03-10,2020-03-10,2021-03-09,252,historical,0.95,-0.05677105749206312,-0.08164819984626147,-0.004153131403522359,0
2021-03-10,2020-03-10,2021-03-09,252,normal,0.95,-0.056140897703352746,-0.07129185001427481,-0.004153131403522359,0
2021-03-10,2020-03-10,2021-03-09,252,historical,0.99,-0.08737057239319863,-0.1332213053967849,-0.004153131403522359,0
2021-03-10,2020-03-10,2021-03-09,252,normal,0.99,-0.08085086536298668,-0.09313765500779485,-0.004153131403522359,0
2021-03-11,2020-03-11,2021-03-10,252,historical,0.95,-0.05677105749206312,-0.08164819984626147,0.04212668987726054,0
2021-03-11,2020-03-11,2021-03-10,252,normal,0.95,-0.05608524881714969,-0.07115363902399857,0.04212668987726054,0
2021-03-11,2020-03-11,2021-03-10,252,historical,0.99,-0.08737057239319863,-0.1332213053967849,0.04212668987726054,0
2021-03-11,2020-03-11,2021-03-10,252,normal,0.99,-0.08066056441797614,-0.09288039964404136,0.04212668987726054,0
2021-03-12,2020-03-12,2021-03-11,252,historical,0.95,-0.05677105749206312,-0.08164819984626147,-0.010581939954229624,0
2021-03-12,2020-03-12,2021-03-11,252,normal,0.95,-0.05551140107723429,-0.07053289172791488,-0.010581939954229624,0
2021-03-12,2020-03-12,2021-03-11,252,historical,0.99,-0.08737057239319863,-0.1332213053967849,-0.010581939954229624,0
2021-03-12,2020-03-12,2021-03-11,252,normal,0.99,-0.08001022732660698,-0.0921920289710696,-0.010581939954229624,0
2021-03-15,2020-03-13,2021-03-12,252,historical,0.95,-0.05018146143804061,-0.07655907605266672,0.026077118126216714,0
2021-03-15,2020-03-13,2021-03-12,252,normal,0.95,-0.053617136957083415,-0.06827009893828179,0.026077118126216714,0
2021-03-15,2020-03-13,2021-03-12,252,historical,0.99,-0.07998756464697489,-0.11982468347520447,0.026077118126216714,0
2021-03-15,2020-03-13,2021-03-12,252,normal,0.99,-0.07751492300002702,-0.08939786328270284,0.026077118126216714,0
2021-03-16,2020-03-16,2021-03-15,252,historical,0.95,-0.05018146143804061,-0.07655907605266672,0.007580678097082183,0
2021-03-16,2020-03-16,2021-03-15,252,normal,0.95,-0.05287884491526046,-0.06725621897375986,0.007580678097082183,0
2021-03-16,2020-03-16,2021-03-15,252,historical,0.99,-0.07998756464697489,-0.11982468347520447,0.007580678097082183,0
2021-03-16,2020-03-16,2021-03-15,252,normal,0.99,-0.07632716953046476,-0.0879866195159392,0.007580678097082183,0
2021-03-17,2020-03-17,2021-03-16,252,historical,0.95,-0.04503937756512496,-0.06584590782538374,0.0037618939850718736,0
2021-03-17,2020-03-17,2021-03-16,252,normal,0.95,-0.04862181423487641,-0.06211138776201506,0.0037618939850718736,0
2021-03-17,2020-03-17,2021-03-16,252,historical,0.99,-0.07369679161009512,-0.08427876252305348,0.0037618939850718736,0
2021-03-17,2020-03-17,2021-03-16,252,normal,0.99,-0.07062220858352476,-0.08156168941118494,0.0037618939850718736,0
2021-03-18,2020-03-18,2021-03-17,252,historical,0.95,-0.04503937756512496,-0.06584590782538374,-0.04637840865447773,1
2021-03-18,2020-03-18,2021-03-17,252,normal,0.95,-0.04796215480511244,-0.06118081747740068,-0.04637840865447773,0
2021-03-18,2020-03-18,2021-03-17,252,historical,0.99,-0.07369679161009512,-0.08427876252305348,-0.04637840865447773,0
2021-03-18,2020-03-18,2021-03-17,252,normal,0.99,-0.0695207156422678,-0.08024049907944499,-0.04637840865447773,0
2021-03-19,2020-03-19,2021-03-18,252,historical,0.95,-0.04503937756512496,-0.06429754811767024,0.009687327139791035,0
2021-03-19,2020-03-19,2021-03-18,252,normal,0.95,-0.04762916675321591,-0.060783528676458615,0.009687327139791035,0
2021-03-19,2020-03-19,2021-03-18,252,historical,0.99,-0.07369679161009512,-0.08427876252305348,0.009687327139791035,0
2021-03-19,2020-03-19,2021-03-18,252,normal,0.99,-0.0690828583124012,-0.0797504965271981,0.009687327139791035,0
2021-03-22,2020-03-20,2021-03-19,252,historical,0.95,-0.04503937756512496,-0.06429754811767024,0.026506651615834764,0
2021-03-22,2020-03-20,2021-03-19,252,normal,0.95,-0.04757215791829791,-0.060671353504422924,0.026506651615834764,0
2021-03-22,2020-03-20,2021-03-19,252,historical,0.99,-0.07369679161009512,-0.08427876252305348,0.026506651615834764,0
2021-03-22,2020-03-20,2021-03-19,252,normal,0.99,-0.06893587768045656,-0.07955877829950833,0.026506651615834764,0
2021-03-23,2020-03-23,2021-03-22,252,historical,0.95,-0.04503937756512496,-0.06429754811767024,-0.008758868729755065,0
2021-03-23,2020-03-23,2021-03-22,252,normal,0.95,-0.0472337449551251,-0.06030786699757205,-0.008758868729755065,0
2021-03-23,2020-03-23,2021-03-22,252,historical,0.99,-0.07369679161009512,-0.08427876252305348,-0.008758868729755065,0
2021-03-23,2020-03-23,2021-03-22,252,normal,0.99,-0.0685565718122912,-0.07915913883445085,-0.008758868729755065,0
2021-03-24,2020-03-24,2021-03-23,252,historical,0.95,-0.04503937756512496,-0.06429754811767024,-0.032725857108923395,0
2021-03-24,2020-03-24,2021-03-23,252,normal,0.95,-0.047328089289736384,-0.06038334558372385,-0.032725857108923395,0
2021-03-24,2020-03-24,2021-03-23,252,historical,0.99,-0.07369679161009512,-0.08427876252305348,-0.032725857108923395,0
2021-03-24,2020-03-24,2021-03-23,252,normal,0.99,-0.068620147649666,-0.07920741533762823,-0.032725857108923395,0
2021-03-25,2020-03-25,2021-03-24,252,historical,0.95,-0.04503937756512496,-0.06429754811767024,-0.008522503766582368,0
2021-03-25,2020-03-25,2021-03-24,252,normal,0.95,-0.04523908337101959,-0.05755770366010685,-0.008522503766582368,0
2021-03-25,2020-03-25,2021-03-24,252,historical,0.99,-0.07369679161009512,-0.08427876252305348,-0.008522503766582368,0
2021-03-25,2020-03-25,2021-03-24,252,normal,0.99,-0.06532974847959006,-0.07531963512831057,-0.008522503766582368,0
2021-03-26,2020-03-26,2021-03-25,252,historical,0.95,-0.04503937756512496,-0.06429754811767024,0.02425172279486265,0
2021-03-26,2020-03-26,2021-03-25,252,normal,0.95,-0.04519740961439198,-0.057511254225459316,0.02425172279486265,0
2021-03-26,2020-03-26,2021-03-25,252,historical,0.99,-0.07369679161009512,-0.08427876252305348,0.02425172279486265,0
2021-03-26,2020-03-26,2021-03-25,252,normal,0.99,-0.06528028598156826,-0.07526629975483923,0.02425172279486265,0
2021-03-29,2020-03-27,2021-03-26,252,historical,0.95,-0.04503937756512496,-0.06429754811767024,0.008489261114171587,0
2021-03-29,2020-03-27,2021-03-26,252,normal,0.95,-0.04512171456671257,-0.05739308579957847,0.008489261114171587,0
2021-03-29,2020-03-27,2021-03-26,252,historical,0.99,-0.07369679161009512,-0.08427876252305348,0.008489261114171587,0
2021-03-29,2020-03-27,2021-03-26,252,normal,0.99,-0.0651353203177444,-0.07508688995491382,0.008489261114171587,0
2021-03-30,2020-03-30,2021-03-29,252,historical,0.95,-0.04503937756512496,-0.06429754811767024,-0.005907772235461239,0
2021-03-30,2020-03-30,2021-03-29,252,normal,0.95,-0.04497339623834316,-0.05723332082474065,-0.005907772235461239,0
2021-03-30,2020-03-30,2021-03-29,252,historical,0.99,-0.07369679161009512,-0.08427876252305348,-0.005907772235461239,0
2021-03-30,2020-03-30,2021-03-29,252,normal,0.99,-0.06496833344245852,-0.07491062032733556,-0.005907772235461239,0
2021-03-31,2020-03-31,2021-03-30,252,historical,0.95,-0.04503937756512496,-0.06429754811767024,0.03701914769638992,0
2021-03-31,2020-03-31,2021-03-30,252,normal,0.95,-0.04495313492709076,-0.05715066042323359,0.03701914769638992,0
2021-03-31,2020-03-31,2021-03-30,252,historical,0.99,-0.07369679161009512,-0.08427876252305348,0.03701914769638992,0
2021-03-31,2020-03-31,2021-03-30,252,normal,0.99,-0.06484630430364378,-0.07473798813200974,0.03701914769638992,0
2021-04-01,2020-04-01,2021-03-31,252,historical,0.95,-0.04503937756512496,-0.06429754811767024,0.0347234685664255,0
2021-04-01,2020-04-01,2021-03-31,252,normal,0.95,-0.04489241676333424,-0.05711938955829342,0.0347234685664255,0
2021-04-01,2020-04-01,2021-03-31,252,historical,0.99,-0.07369679161009512,-0.08427876252305348,0.0347234685664255,0
2021-04-01,2020-04-01,2021-03-31,252,normal,0.99,-0.06483361228283083,-0.0747491766408651,0.0347234685664255,0
2021-04-05,2020-04-02,2021-04-01,252,historical,0.95,-0.04260125270618159,-0.06175785921971945,0.012724763557136365,0
2021-04-05,2020-04-02,2021-04-01,252,normal,0.95,-0.04380985873820024,-0.05587533651436918,0.012724763557136365,0
2021-04-05,2020-04-02,2021-04-01,252,historical,0.99,-0.06675536056154992,-0.08154255179130214,0.012724763557136365,0
2021-04-05,2020-04-02,2021-04-01,252,normal,0.99,-0.06348766905196146,-0.07327226769352854,0.012724763557136365,0
2021-04-06,2020-04-03,2021-04-05,252,historical,0.95,-0.04260125270618159,-0.06175785921971945,-0.00900818875803533,0
2021-04-06,2020-04-03,2021-04-05,252,normal,0.95,-0.04371557608200259,-0.05571850284033114,-0.00900818875803533,0
2021-04-06,2020-04-03,2021-04-05,252,historical,0.99,-0.06675536056154992,-0.08154255179130214,-0.00900818875803533,0
2021-04-06,2020-04-03,2021-04-05,252,normal,0.99,-0.06329137078669883,-0.07302524316482706,-0.00900818875803533,0
2021-04-07,2020-04-06,2021-04-06,252,historical,0.95,-0.040705856317672796,-0.06141151264399124,0.02034416461709654,0
2021-04-07,2020-04-06,2021-04-06,252,normal,0.95,-0.04331696757830017,-0.05525516671020435,0.02034416461709654,0
2021-04-07,2020-04-06,2021-04-06,252,historical,0.99,-0.06675536056154992,-0.08154255179130214,0.02034416461709654,0
2021-04-07,2020-04-06,2021-04-06,252,normal,0.99,-0.06278719680283329,-0.07246857777885271,0.02034416461709654,0
2021-04-08,2020-04-07,2021-04-07,252,historical,0.95,-0.040705856317672796,-0.06141151264399124,0.012267275503417663,0
2021-04-08,2020-04-07,2021-04-07,252,normal,0.95,-0.04257867712200248,-0.05424861108236011,0.012267275503417663,0
2021-04-08,2020-04-07,2021-04-07,252,historical,0.99,-0.06675536056154992,-0.08154255179130214,0.012267275503417663,0
2021-04-08,2020-04-07,2021-04-07,252,normal,0.99,-0.06161138772875586,-0.07107521685297223,0.012267275503417663,0
2021-04-09,2020-04-08,2021-04-08,252,historical,0.95,-0.040705856317672796,-0.06141151264399124,0.005797234924957095,0
2021-04-09,2020-04-08,2021-04-08,252,normal,0.95,-0.04222762402663455,-0.05385593601239913,0.005797234924957095,0
2021-04-09,2020-04-08,2021-04-08,252,historical,0.99,-0.06675536056154992,-0.08154255179130214,0.005797234924957095,0
2021-04-09,2020-04-08,2021-04-08,252,normal,0.99,-0.061192452587096824,-0.0706225280279848,0.005797234924957095,0
2021-04-12,2020-04-09,2021-04-09,252,historical,0.95,-0.040705856317672796,-0.06141151264399124,0.056180582058449335,0
2021-04-12,2020-04-09,2021-04-09,252,normal,0.95,-0.042240156961964495,-0.05384667413549362,0.056180582058449335,0
2021-04-12,2020-04-09,2021-04-09,252,historical,0.99,-0.06675536056154992,-0.08154255179130214,0.056180582058449335,0
2021-04-12,2020-04-09,2021-04-09,252,normal,0.99,-0.061169439961036694,-0.07058184071931795,0.056180582058449335,0
2021-04-13,2020-04-13,2021-04-12,252,historical,0.95,-0.040705856317672796,-0.06141151264399124,0.030935604316714826,0
2021-04-13,2020-04-13,2021-04-12,252,normal,0.95,-0.04224245995472408,-0.05392130269269202,0.030935604316714826,0
2021-04-13,2020-04-13,2021-04-12,252,historical,0.99,-0.06675536056154992,-0.08154255179130214,0.030935604316714826,0
2021-04-13,2020-04-13,2021-04-12,252,normal,0.99,-0.061289700051249466,-0.0707607538220916,0.030935604316714826,0
2021-04-14,2020-04-14,2021-04-13,252,historical,0.95,-0.040705856317672796,-0.06141151264399124,-0.025670480264738504,0
2021-04-14,2020-04-14,2021-04-13,252,normal,0.95,-0.042251175116233,-0.053936964827310085,-0.025670480264738504,0
2021-04-14,2020-04-14,2021-04-13,252,historical,0.99,-0.06675536056154992,-0.08154255179130214,-0.025670480264738504,0
2021-04-14,2020-04-14,2021-04-13,252,normal,0.99,-0.061309745159374054,-0.0707864326353133,-0.025670480264738504,0
2021-04-15,2020-04-15,2021-04-14,252,historical,0.95,-0.040705856317672796,-0.06141151264399124,0.05631002945482044,0
2021-04-15,2020-04-15,2021-04-14,252,normal,0.95,-0.04238299727574987,-0.054023722623467295,0.05631002945482044,0
2021-04-15,2020-04-15,2021-04-14,252,historical,0.99,-0.06675536056154992,-0.08154255179130214,0.05631002945482044,0
2021-04-15,2020-04-15,2021-04-14,252,normal,0.99,-0.06136807101724812,-0.07080821317631786,0.05631002945482044,0
2021-04-16,2020-04-16,2021-04-15,252,historical,0.95,-0.040705856317672796,-0.06141151264399124,-0.013927175483183007,0
2021-04-16,2020-04-16,2021-04-15,252,normal,0.95,-0.042417396541370514,-0.0541346678589152,-0.013927175483183007,0
2021-04-16,2020-04-16,2021-04-15,252,historical,0.99,-0.06675536056154992,-0.08154255179130214,-0.013927175483183007,0
2021-04-16,2020-04-16,2021-04-15,252,normal,0.99,-0.06152731051733662,-0.07102952826149994,-0.013927175483183007,0
2021-04-19,2020-04-17,2021-04-16,252,historical,0.95,-0.040705856317672796,-0.06141151264399124,-0.03461141305476967,0
2021-04-19,2020-04-17,2021-04-16,252,normal,0.95,-0.042459046260402145,-0.05412310692478127,-0.03461141305476967,0
2021-04-19,2020-04-17,2021-04-16,252,historical,0.99,-0.06675536056154992,-0.08154255179130214,-0.03461141305476967,0
2021-04-19,2020-04-17,2021-04-16,252,normal,0.99,-0.06148217800038161,-0.07094124412681878,-0.03461141305476967,0
2021-04-20,2020-04-20,2021-04-19,252,historical,0.95,-0.040705856317672796,-0.06141151264399124,-0.012400862064394613,0
2021-04-20,2020-04-20,2021-04-19,252,normal,0.95,-0.04271824537021816,-0.05442140296304741,-0.012400862064394613,0
2021-04-20,2020-04-20,2021-04-19,252,historical,0.99,-0.06675536056154992,-0.08154255179130214,-0.012400862064394613,0
2021-04-20,2020-04-20,2021-04-19,252,normal,0.99,-0.061805141012147014,-0.07129591311493252,-0.012400862064394613,0
2021-04-21,2020-04-21,2021-04-20,252,historical,0.95,-0.040705856317672796,-0.06141151264399124,0.012474462363468941,0
2021-04-21,2020-04-21,2021-04-20,252,normal,0.95,-0.04267145178443047,-0.05436839460994658,0.012474462363468941,0
2021-04-21,2020-04-21,2021-04-20,252,historical,0.99,-0.06675536056154992,-0.08154255179130214,0.012474462363468941,0
2021-04-21,2020-04-21,2021-04-20,252,normal,0.99,-0.06174821164768559,-0.0712339438336988,0.012474462363468941,0
2021-04-22,2020-04-22,2021-04-21,252,historical,0.95,-0.040612127722241105,-0.05983980108731283,-0.03321852225029054,0
2021-04-22,2020-04-22,2021-04-21,252,normal,0.95,-0.04189752165033981,-0.05347202942554499,-0.03321852225029054,0
2021-04-22,2020-04-22,2021-04-21,252,historical,0.99,-0.06675536056154992,-0.08154255179130214,-0.03321852225029054,0
2021-04-22,2020-04-22,2021-04-21,252,normal,0.99,-0.06077459993111065,-0.07016104240401208,-0.03321852225029054,0
2021-04-23,2020-04-23,2021-04-22,252,historical,0.95,-0.040612127722241105,-0.05983980108731283,0.027945845672245673,0
2021-04-23,2020-04-23,2021-04-22,252,normal,0.95,-0.04203138917528741,-0.053544175811244994,0.027945845672245673,0
2021-04-23,2020-04-23,2021-04-22,252,historical,0.99,-0.06675536056154992,-0.08154255179130214,0.027945845672245673,0
2021-04-23,2020-04-23,2021-04-22,252,normal,0.99,-0.06080780531130157,-0.07014419451764847,0.027945845672245673,0
2021-04-26,2020-04-24,2021-04-23,252,historical,0.95,-0.040612127722241105,-0.05983980108731283,0.013936804752656684,0
2021-04-26,2020-04-24,2021-04-23,252,normal,0.95,-0.041948713013292366,-0.053476207991532285,0.013936804752656684,0
2021-04-26,2020-04-24,2021-04-23,252,historical,0.99,-0.06675536056154992,-0.08154255179130214,0.013936804752656684,0
2021-04-26,2020-04-24,2021-04-23,252,normal,0.99,-0.06074911725610436,-0.07009743431384559,0.013936804752656684,0
2021-04-27,2020-04-27,2021-04-26,252,historical,0.95,-0.040612127722241105,-0.05983980108731283,-0.006218496041731192,0
2021-04-27,2020-04-27,2021-04-26,252,normal,0.95,-0.04195322617123766,-0.05347611081013069,-0.006218496041731192,0
2021-04-27,2020-04-27,2021-04-26,252,historical,0.99,-0.06675536056154992,-0.08154255179130214,-0.006218496041731192,0
2021-04-27,2020-04-27,2021-04-26,252,normal,0.99,-0.060746111326547836,-0.07009068959159909,-0.006218496041731192,0
2021-04-28,2020-04-28,2021-04-27,252,historical,0.95,-0.040612127722241105,-0.05983980108731283,-0.006826257289339277,0
2021-04-28,2020-04-28,2021-04-27,252,normal,0.95,-0.042031097448178414,-0.05354142219137242,-0.006826257289339277,0
2021-04-28,2020-04-28,2021-04-27,252,historical,0.99,-0.06675536056154992,-0.08154255179130214,-0.006826257289339277,0
2021-04-28,2020-04-28,2021-04-27,252,normal,0.99,-0.06080349843786242,-0.07013789115198274,-0.006826257289339277,0
2021-04-29,2020-04-29,2021-04-28,252,historical,0.95,-0.040612127722241105,-0.05983980108731283,0.003142053485727825,0
2021-04-29,2020-04-29,2021-04-28,252,normal,0.95,-0.04193343685706266,-0.053431480227765255,0.003142053485727825,0
2021-04-29,2020-04-29,2021-04-28,252,historical,0.99,-0.06675536056154992,-0.08154255179130214,0.003142053485727825,0
2021-04-29,2020-04-29,2021-04-28,252,normal,0.99,-0.060685807929758535,-0.07001024096363866,0.003142053485727825,0
2021-04-30,2020-04-30,2021-04-29,252,historical,0.95,-0.040612127722241105,-0.05983980108731283,-0.02057138683683113,0
2021-04-30,2020-04-30,2021-04-29,252,normal,0.95,-0.04196470926840111,-0.05344929867915323,-0.02057138683683113,0
2021-04-30,2020-04-30,2021-04-29,252,historical,0.99,-0.06675536056154992,-0.08154255179130214,-0.02057138683683113,0
2021-04-30,2020-04-30,2021-04-29,252,normal,0.99,-0.06069513802958761,-0.07000866046376358,-0.02057138683683113,0
2021-05-03,2020-05-01,2021-04-30,252,historical,0.95,-0.040612127722241105,-0.05983980108731283,-0.011509311201501116,0
2021-05-03,2020-05-01,2021-04-30,252,normal,0.95,-0.04196340422488402,-0.05344779825633958,-0.011509311201501116,0
2021-05-03,2020-05-01,2021-04-30,252,historical,0.99,-0.06675536056154992,-0.08154255179130214,-0.011509311201501116,0
2021-05-03,2020-05-01,2021-04-30,252,normal,0.99,-0.06069351433837099,-0.07000687832809617,-0.011509311201501116,0
2021-05-04,2020-05-04,2021-05-03,252,historical,0.95,-0.040612127722241105,-0.05983980108731283,-0.03272288150623415,0
2021-05-04,2020-05-04,2021-05-03,252,normal,0.95,-0.04175331380847145,-0.05320550034749203,-0.03272288150623415,0
2021-05-04,2020-05-04,2021-05-03,252,historical,0.99,-0.06675536056154992,-0.08154255179130214,-0.03272288150623415,0
2021-05-04,2020-05-04,2021-05-03,252,normal,0.99,-0.06043089612831653,-0.0697181411866099,-0.03272288150623415,0
2021-05-05,2020-05-05,2021-05-04,252,historical,0.95,-0.040612127722241105,-0.05983980108731283,0.007473135406977027,0
2021-05-05,2020-05-05,2021-05-04,252,normal,0.95,-0.04207037608090817,-0.05353978340018045,0.007473135406977027,0
2021-05-05,2020-05-05,2021-05-04,252,historical,0.99,-0.06675536056154992,-0.08154255179130214,0.007473135406977027,0
2021-05-05,2020-05-05,2021-05-04,252,normal,0.99,-0.06077604408898991,-0.0700772544809554,0.007473135406977027,0
2021-05-06,2020-05-06,2021-05-05,252,historical,0.95,-0.040612127722241105,-0.05983980108731283,0.004461159164384387,0
2021-05-06,2020-05-06,2021-05-05,252,normal,0.95,-0.04207300789600221,-0.05354213842446126,0.004461159164384387,0
2021-05-06,2020-05-06,2021-05-05,252,historical,0.99,-0.06675536056154992,-0.08154255179130214,0.004461159164384387,0
2021-05-06,2020-05-06,2021-05-05,252,normal,0.99,-0.06077822448083986,-0.07007921040701415,0.004461159164384387,0
2021-05-07,2020-05-07,2021-05-06,252,historical,0.95,-0.040612127722241105,-0.05983980108731283,0.019916740687993872,0
2021-05-07,2020-05-07,2021-05-06,252,normal,0.95,-0.042096501620257146,-0.05356219844714735,0.019916740687993872,0
2021-05-07,2020-05-07,2021-05-06,252,historical,0.99,-0.06675536056154992,-0.08154255179130214,0.019916740687993872,0
2021-05-07,2020-05-07,2021-05-06,252,normal,0.99,-0.0607961181178542,-0.070094319455442,0.019916740687993872,0
2021-05-10,2020-05-08,2021-05-07,252,historical,0.95,-0.040612127722241105,-0.05983980108731283,-0.03689510086145842,0
2021-05-10,2020-05-08,2021-05-07,252,normal,0.95,-0.04209447024044006,-0.053555761633313895,-0.03689510086145842,0
2021-05-10,2020-05-08,2021-05-07,252,historical,0.99,-0.06675536056154992,-0.08154255179130214,-0.03689510086145842,0
2021-05-10,2020-05-08,2021-05-07,252,normal,0.99,-0.06078690183441937,-0.07008153054898374,-0.03689510086145842,0
2021-05-11,2020-05-11,2021-05-10,252,historical,0.95,-0.040612127722241105,-0.05983980108731283,0.0028386342017570065,0
2021-05-11,2020-05-11,2021-05-10,252,normal,0.95,-0.042470678475839255,-0.053965118204265555,0.0028386342017570065,0
2021-05-11,2020-05-11,2021-05-10,252,historical,0.99,-0.06675536056154992,-0.08154255179130214,0.0028386342017570065,0
2021-05-11,2020-05-11,2021-05-10,252,normal,0.99,-0.06121717230185937,-0.0705386829323357,0.0028386342017570065,0
2021-05-12,2020-05-12,2021-05-11,252,historical,0.95,-0.040612127722241105,-0.05983980108731283,-0.03828733846916821,0
2021-05-12,2020-05-12,2021-05-11,252,normal,0.95,-0.04248296711769255,-0.053950744138036376,-0.03828733846916821,0
2021-05-12,2020-05-12,2021-05-11,252,historical,0.99,-0.06675536056154992,-0.08154255179130214,-0.03828733846916821,0
2021-05-12,2020-05-12,2021-05-11,252,normal,0.99,-0.0611859762411728,-0.07048586452878598,-0.03828733846916821,0
2021-05-13,2020-05-13,2021-05-12,252,historical,0.95,-0.040612127722241105,-0.05983980108731283,-0.006777527637874536,0
2021-05-13,2020-05-13,2021-05-12,252,normal,0.95,-0.04255713472937527,-0.05403802813677028,-0.006777527637874536,0
2021-05-13,2020-05-13,2021-05-12,252,historical,0.99,-0.06675536056154992,-0.08154255179130214,-0.006777527637874536,0
2021-05-13,2020-05-13,2021-05-12,252,normal,0.99,-0.061281535610495215,-0.07059206074028769,-0.006777527637874536,0
2021-05-14,2020-05-14,2021-05-13,252,historical,0.95,-0.040612127722241105,-0.05983980108731283,0.04227894061842297,0
2021-05-14,2020-05-14,2021-05-13,252,normal,0.95,-0.042579514000006376,-0.0540621671303327,0.04227894061842297,0
2021-05-14,2020-05-14,2021-05-13,252,historical,0.99,-0.06675536056154992,-0.08154255179130214,0.04227894061842297,0
2021-05-14,2020-05-14,2021-05-13,252,normal,0.99,-0.061306784845721975,-0.07061873703732859,0.04227894061842297,0
2021-05-17,2020-05-15,2021-05-14,252,historical,0.95,-0.040612127722241105,-0.05983980108731283,-0.00544170765283114,0
2021-05-17,2020-05-15,2021-05-14,252,normal,0.95,-0.042622609488663935,-0.05412637344959449,-0.00544170765283114,0
2021-05-17,2020-05-15,2021-05-14,252,historical,0.99,-0.06675536056154992,-0.08154255179130214,-0.00544170765283114,0
2021-05-17,2020-05-15,2021-05-14,252,normal,0.99,-0.06138431037750774,-0.07071338257118011,-0.00544170765283114,0
2021-05-18,2020-05-18,2021-05-17,252,historical,0.95,-0.040612127722241105,-0.05983980108731283,-0.010571239563734514,0
2021-05-18,2020-05-18,2021-05-17,252,normal,0.95,-0.042520736171042905,-0.05393535739477745,-0.010571239563734514,0
2021-05-18,2020-05-18,2021-05-17,252,historical,0.99,-0.06675536056154992,-0.08154255179130214,-0.010571239563734514,0
2021-05-18,2020-05-18,2021-05-17,252,normal,0.99,-0.06113705252510622,-0.07039383368136964,-0.010571239563734514,0
2021-05-19,2020-05-19,2021-05-18,252,historical,0.95,-0.040612127722241105,-0.05983980108731283,0.0035673659005572844,0
2021-05-19,2020-05-19,2021-05-18,252,normal,0.95,-0.042608257710518335,-0.05400364594158382,0.0035673659005572844,0
2021-05-19,2020-05-19,2021-05-18,252,historical,0.99,-0.06675536056154992,-0.08154255179130214,0.0035673659005572844,0
2021-05-19,2020-05-19,2021-05-18,252,normal,0.99,-0.06119320662198811,-0.07043439062433572,0.0035673659005572844,0
2021-05-20,2020-05-20,2021-05-19,252,historical,0.95,-0.040612127722241105,-0.05983980108731283,0.03887106031832532,0
2021-05-20,2020-05-20,2021-05-19,252,normal,0.95,-0.04261737643328339,-0.05401231231581642,0.03887106031832532,0
2021-05-20,2020-05-20,2021-05-19,252,historical,0.99,-0.06675536056154992,-0.08154255179130214,0.03887106031832532,0
2021-05-20,2020-05-20,2021-05-19,252,normal,0.99,-0.061201587601185735,-0.07044240476776285,0.03887106031832532,0
2021-05-21,2020-05-21,2021-05-20,252,historical,0.95,-0.040612127722241105,-0.05983980108731283,0.025953805704121535,0
2021-05-21,2020-05-21,2021-05-20,252,normal,0.95,-0.04266564083603078,-0.05409319065330563,0.025953805704121535,0
2021-05-21,2020-05-21,2021-05-20,252,historical,0.99,-0.06675536056154992,-0.08154255179130214,0.025953805704121535,0
2021-05-21,2020-05-21,2021-05-20,252,normal,0.99,-0.061303042671832106,-0.0705703083775795,0.025953805704121535,0
2021-05-24,2020-05-22,2021-05-21,252,historical,0.95,-0.040612127722241105,-0.05983980108731283,0.041372778665653476,0
2021-05-24,2020-05-22,2021-05-21,252,normal,0.95,-0.04247316700469344,-0.05389987214937479,0.041372778665653476,0
2021-05-24,2020-05-22,2021-05-21,252,historical,0.99,-0.06675536056154992,-0.08154255179130214,0.041372778665653476,0
2021-05-24,2020-05-22,2021-05-21,252,normal,0.99,-0.06110919124837779,-0.07037577195992403,0.041372778665653476,0
2021-05-25,2020-05-26,2021-05-24,252,historical,0.95,-0.040612127722241105,-0.05983980108731283,0.0022899621973324624,0
2021-05-25,2020-05-26,2021-05-24,252,normal,0.95,-0.042521702856279014,-0.0539736105897436,0.0022899621973324624,0
2021-05-25,2020-05-26,2021-05-24,252,historical,0.99,-0.06675536056154992,-0.08154255179130214,0.0022899621973324624,0
2021-05-25,2020-05-26,2021-05-24,252,normal,0.99,-0.061198830466998845,-0.0704858494256288,0.0022899621973324624,0
2021-05-26,2020-05-27,2021-05-25,252,historical,0.95,-0.040612127722241105,-0.05983980108731283,0.003339277665641127,0
2021-05-26,2020-05-27,2021-05-25,252,normal,0.95,-0.042214730080044276,-0.05362541782180995,0.003339277665641127,0
2021-05-26,2020-05-27,2021-05-25,252,historical,0.99,-0.06675536056154992,-0.08154255179130214,0.003339277665641127,0
2021-05-26,2020-05-27,2021-05-25,252,normal,0.99,-0.060824631245791655,-0.0700782225124342,0.003339277665641127,0
2021-05-27,2020-05-28,2021-05-26,252,historical,0.95,-0.040612127722241105,-0.05983980108731283,-0.013503332070297747,0
2021-05-27,2020-05-28,2021-05-26,252,normal,0.95,-0.04203983355444155,-0.0534317171154773,-0.013503332070297747,0
2021-05-27,2020-05-28,2021-05-26,252,historical,0.99,-0.06675536056154992,-0.08154255179130214,-0.013503332070297747,0
2021-05-27,2020-05-28,2021-05-26,252,normal,0.99,-0.06061906663489851,-0.06985740849620137,-0.013503332070297747,0
2021-05-28,2020-05-29,2021-05-27,252,historical,0.95,-0.040612127722241105,-0.05983980108731283,0.04884445371689594,0
2021-05-28,2020-05-29,2021-05-27,252,normal,0.95,-0.04210113742936523,-0.05349950517909804,0.04884445371689594,0
2021-05-28,2020-05-29,2021-05-27,252,historical,0.99,-0.06675536056154992,-0.08154255179130214,0.04884445371689594,0
2021-05-28,2020-05-29,2021-05-27,252,normal,0.99,-0.060690945692801805,-0.0699345459603687,0.04884445371689594,0
2021-06-01,2020-06-01,2021-05-28,252,historical,0.95,-0.040612127722241105,-0.05983980108731283,0.0012308854683074077,0
2021-06-01,2020-06-01,2021-05-28,252,normal,0.95,-0.04212178064568836,-0.05352848604190246,0.0012308854683074077,0
2021-06-01,2020-06-01,2021-05-28,252,historical,0.99,-0.06675536056154992,-0.08154255179130214,0.0012308854683074077,0
2021-06-01,2020-06-01,2021-05-28,252,normal,0.99,-0.060725186930601215,-0.06997554868129778,0.0012308854683074077,0
2021-06-02,2020-06-02,2021-06-01,252,historical,0.95,-0.040612127722241105,-0.05983980108731283,0.03158731365135803,0
2021-06-02,2020-06-02,2021-06-01,252,normal,0.95,-0.04207274271897787,-0.05347609665218395,0.03158731365135803,0
2021-06-02,2020-06-02,2021-06-01,252,historical,0.99,-0.06675536056154992,-0.08154255179130214,0.03158731365135803,0
2021-06-02,2020-06-02,2021-06-01,252,normal,0.99,-0.060670683041036316,-0.06991832689518505,0.03158731365135803,0
2021-06-03,2020-06-03,2021-06-02,252,historical,0.95,-0.040612127722241105,-0.05983980108731283,0.011413318553901819,0
2021-06-03,2020-06-03,2021-06-02,252,normal,0.95,-0.042054779031120065,-0.053483237595219855,0.011413318553901819,0
2021-06-03,2020-06-03,2021-06-02,252,historical,0.99,-0.06675536056154992,-0.08154255179130214,0.011413318553901819,0
2021-06-03,2020-06-03,2021-06-02,252,normal,0.99,-0.060693662958884634,-0.06996166562035924,0.011413318553901819,0
2021-06-04,2020-06-04,2021-06-03,252,historical,0.95,-0.040612127722241105,-0.05983980108731283,0.03585810804019274,0
2021-06-04,2020-06-04,2021-06-03,252,normal,0.95,-0.041982639144285364,-0.05341064535266564,0.03585810804019274,0
2021-06-04,2020-06-04,2021-06-03,252,historical,0.99,-0.06675536056154992,-0.08154255179130214,0.03585810804019274,0
2021-06-04,2020-06-04,2021-06-03,252,normal,0.99,-0.06062078531676098,-0.06988842113663671,0.03585810804019274,0
2021-06-07,2020-06-05,2021-06-04,252,historical,0.95,-0.040612127722241105,-0.05983980108731283,0.0023183779204594135,0
2021-06-07,2020-06-05,2021-06-04,252,normal,0.95,-0.04196834424171552,-0.05342875190944787,0.0023183779204594135,0
2021-06-07,2020-06-05,2021-06-04,252,historical,0.99,-0.06675536056154992,-0.08154255179130214,0.0023183779204594135,0
2021-06-07,2020-06-05,2021-06-04,252,normal,0.99,-0.06065933455205681,-0.06995324660243436,0.0023183779204594135,0
2021-06-08,2020-06-08,2021-06-07,252,historical,0.95,-0.040612127722241105,-0.05983980108731283,-0.009194736889050703,0
2021-06-08,2020-06-08,2021-06-07,252,normal,0.95,-0.04200393823275237,-0.05345807377205876,-0.009194736889050703,0
2021-06-08,2020-06-08,2021-06-07,252,historical,0.99,-0.06675536056154992,-0.08154255179130214,-0.009194736889050703,0
2021-06-08,2020-06-08,2021-06-07,252,normal,0.99,-0.060684699213122716,-0.0699735248292608,-0.009194736889050703,0
2021-06-09,2020-06-09,2021-06-08,252,historical,0.95,-0.040612127722241105,-0.05983980108731283,-0.0054290063362743,0
2021-06-09,2020-06-09,2021-06-08,252,normal,0.95,-0.04197676588501124,-0.05342772644711067,-0.0054290063362743,0
2021-06-09,2020-06-09,2021-06-08,252,historical,0.99,-0.06675536056154992,-0.08154255179130214,-0.0054290063362743,0
2021-06-09,2020-06-09,2021-06-08,252,normal,0.99,-0.060652348736476284,-0.06993859957868143,-0.0054290063362743,0
2021-06-10,2020-06-10,2021-06-09,252,historical,0.95,-0.040612127722241105,-0.05983980108731283,0.003845587486949853,0
2021-06-10,2020-06-10,2021-06-09,252,normal,0.95,-0.04204462338893737,-0.053479757041877504,0.003845587486949853,0
2021-06-10,2020-06-10,2021-06-09,252,historical,0.99,-0.06675536056154992,-0.08154255179130214,0.003845587486949853,0
2021-06-10,2020-06-10,2021-06-09,252,normal,0.99,-0.06069439384224732,-0.06996780972203051,0.003845587486949853,0
2021-06-11,2020-06-11,2021-06-10,252,historical,0.95,-0.040612127722241105,-0.05983980108731283,0.022970178749802672,0
2021-06-11,2020-06-11,2021-06-10,252,normal,0.95,-0.04204312348421848,-0.05344600825911399,0.022970178749802672,0
2021-06-11,2020-06-11,2021-06-10,252,historical,0.99,-0.06675536056154992,-0.08154255179130214,0.022970178749802672,0
2021-06-11,2020-06-11,2021-06-10,252,normal,0.99,-0.06064029864733222,-0.06988756203368238,0.022970178749802672,0
2021-06-14,2020-06-12,2021-06-11,252,historical,0.95,-0.03943828152862081,-0.0582749233887631,0.010855165848574488,0
2021-06-14,2020-06-12,2021-06-11,252,normal,0.95,-0.04126539355653479,-0.052555259419006566,0.010855165848574488,0
2021-06-14,2020-06-12,2021-06-11,252,historical,0.99,-0.06675536056154992,-0.08154255179130214,0.010855165848574488,0
2021-06-14,2020-06-12,2021-06-11,252,normal,0.99,-0.05967824409017264,-0.0688338538580348,0.010855165848574488,0
2021-06-15,2020-06-15,2021-06-14,252,historical,0.95,-0.03943828152862081,-0.0582749233887631,-0.012778594989392156,0
2021-06-15,2020-06-15,2021-06-14,252,normal,0.95,-0.041272535516666986,-0.05255954389833428,-0.012778594989392156,0
2021-06-15,2020-06-15,2021-06-14,252,historical,0.99,-0.06675536056154992,-0.08154255179130214,-0.012778594989392156,0
2021-06-15,2020-06-15,2021-06-14,252,normal,0.99,-0.05968072573214015,-0.06883401820239365,-0.012778594989392156,0
2021-06-16,2020-06-16,2021-06-15,252,historical,0.95,-0.03943828152862081,-0.0582749233887631,0.0012226727101949386,0
2021-06-16,2020-06-16,2021-06-15,252,normal,0.95,-0.04139144161006649,-0.052668547880004454,0.0012226727101949386,0
2021-06-16,2020-06-16,2021-06-15,252,historical,0.99,-0.06675536056154992,-0.08154255179130214,0.0012226727101949386,0
2021-06-16,2020-06-16,2021-06-15,252,normal,0.99,-0.059783482288825886,-0.06892874455996313,0.0012226727101949386,0
2021-06-17,2020-06-17,2021-06-16,252,historical,0.95,-0.03943828152862081,-0.0582749233887631,0.04755704369748792,0
2021-06-17,2020-06-17,2021-06-16,252,normal,0.95,-0.04131592926948327,-0.05258665098826951,0.04755704369748792,0
2021-06-17,2020-06-17,2021-06-16,252,historical,0.99,-0.06675536056154992,-0.08154255179130214,0.04755704369748792,0
2021-06-17,2020-06-17,2021-06-16,252,normal,0.99,-0.059697557265974054,-0.06883764193273582,0.04755704369748792,0
2021-06-18,2020-06-18,2021-06-17,252,historical,0.95,-0.03943828152862081,-0.0582749233887631,-0.0009915623232608084,0
2021-06-18,2020-06-18,2021-06-17,252,normal,0.95,-0.04141134652838205,-0.052735630225494226,-0.0009915623232608084,0
2021-06-18,2020-06-18,2021-06-17,252,historical,0.99,-0.06675536056154992,-0.08154255179130214,-0.0009915623232608084,0
2021-06-18,2020-06-18,2021-06-17,252,normal,0.99,-0.05988032974354553,-0.06906385093806773,-0.0009915623232608084,0
2021-06-21,2020-06-19,2021-06-18,252,historical,0.95,-0.03943828152862081,-0.0582749233887631,-0.011347515251600049,0
2021-06-21,2020-06-19,2021-06-18,252,normal,0.95,-0.04140647475359809,-0.052730485767852664,-0.011347515251600049,0
2021-06-21,2020-06-19,2021-06-18,252,historical,0.99,-0.06675536056154992,-0.08154255179130214,-0.011347515251600049,0
2021-06-21,2020-06-19,2021-06-18,252,normal,0.99,-0.059875013245258096,-0.06905831330536959,-0.011347515251600049,0
2021-06-22,2020-06-22,2021-06-21,252,historical,0.95,-0.03943828152862081,-0.0582749233887631,0.02493625691098189,0
2021-06-22,2020-06-22,2021-06-21,252,normal,0.95,-0.04149519124108622,-0.05282557067604573,0.02493625691098189,0
2021-06-22,2020-06-22,2021-06-21,252,historical,0.99,-0.06675536056154992,-0.08154255179130214,0.02493625691098189,0
2021-06-22,2020-06-22,2021-06-21,252,normal,0.99,-0.05997411610757156,-0.06916258069093977,0.02493625691098189,0
2021-06-23,2020-06-23,2021-06-22,252,historical,0.95,-0.03943828152862081,-0.0582749233887631,0.009027247412380479,0
2021-06-23,2020-06-23,2021-06-22,252,normal,0.95,-0.041488616125182724,-0.05281356315866334,0.009027247412380479,0
2021-06-23,2020-06-23,2021-06-22,252,historical,0.99,-0.06675536056154992,-0.08154255179130214,0.009027247412380479,0
2021-06-23,2020-06-23,2021-06-22,252,normal,0.99,-0.05995868118786807,-0.06914274032048522,0.009027247412380479,0
2021-06-24,2020-06-24,2021-06-23,252,historical,0.95,-0.03943828152862081,-0.0582749233887631,0.007779071552678429,0
2021-06-24,2020-06-24,2021-06-23,252,normal,0.95,-0.04140992074084438,-0.05273209794276934,0.007779071552678429,0
2021-06-24,2020-06-24,2021-06-23,252,historical,0.99,-0.06675536056154992,-0.08154255179130214,0.007779071552678429,0
2021-06-24,2020-06-24,2021-06-23,252,normal,0.99,-0.0598754684341421,-0.06905728134903132,0.007779071552678429,0
2021-06-25,2020-06-25,2021-06-24,252,historical,0.95,-0.03943828152862081,-0.0582749233887631,-0.009085642264857863,0
2021-06-25,2020-06-25,2021-06-24,252,normal,0.95,-0.041210193435794386,-0.05251235627627946,-0.009085642264857863,0
2021-06-25,2020-06-25,2021-06-24,252,historical,0.99,-0.06675536056154992,-0.08154255179130214,-0.009085642264857863,0
2021-06-25,2020-06-25,2021-06-24,252,normal,0.99,-0.05964309933775392,-0.06880868144128287,-0.009085642264857863,0
2021-06-28,2020-06-26,2021-06-25,252,historical,0.95,-0.03943828152862081,-0.0582749233887631,0.05012877786927583,0
2021-06-28,2020-06-26,2021-06-25,252,normal,0.95,-0.04130204478006132,-0.05259060244554083,0.05012877786927583,0
2021-06-28,2020-06-26,2021-06-25,252,historical,0.99,-0.06675536056154992,-0.08154255179130214,0.05012877786927583,0
2021-06-28,2020-06-26,2021-06-25,252,normal,0.99,-0.05971276175108818,-0.0688673106258178,0.05012877786927583,0
2021-06-29,2020-06-29,2021-06-28,252,historical,0.95,-0.03943828152862081,-0.0582749233887631,0.0020889522822820084,0
2021-06-29,2020-06-29,2021-06-28,252,normal,0.95,-0.041048144961740335,-0.05235832257005984,0.0020889522822820084,0
2021-06-29,2020-06-29,2021-06-28,252,historical,0.99,-0.06675536056154992,-0.08154255179130214,0.0020889522822820084,0
2021-06-29,2020-06-29,2021-06-28,252,normal,0.99,-0.05949412229643385,-0.06866620404199274,0.0020889522822820084,0
2021-06-30,2020-06-30,2021-06-29,252,historical,0.95,-0.03943828152862081,-0.0582749233887631,-0.0012106893131457186,0
2021-06-30,2020-06-30,2021-06-29,252,normal,0.95,-0.041059336737020044,-0.0523695083182997,-0.0012106893131457186,0
2021-06-30,2020-06-30,2021-06-29,252,historical,0.99,-0.06675536056154992,-0.08154255179130214,-0.0012106893131457186,0
2021-06-30,2020-06-30,2021-06-29,252,normal,0.99,-0.05950530424210308,-0.06867738109998434,-0.0012106893131457186,0
2021-07-01,2020-07-01,2021-06-30,252,historical,0.95,-0.03943828152862081,-0.0582749233887631,0.010473364783251116,0
2021-07-01,2020-07-01,2021-06-30,252,normal,0.95,-0.04109343691699822,-0.052378424182941474,0.010473364783251116,0
2021-07-01,2020-07-01,2021-06-30,252,historical,0.99,-0.06675536056154992,-0.08154255179130214,0.010473364783251116,0
2021-07-01,2020-07-01,2021-06-30,252,normal,0.99,-0.05949833085754739,-0.06864998428734724,0.010473364783251116,0
2021-07-02,2020-07-02,2021-07-01,252,historical,0.95,-0.03943828152862081,-0.0582749233887631,0.01360591101529618,0
2021-07-02,2020-07-02,2021-07-01,252,normal,0.95,-0.041071517014585404,-0.05235807128178425,0.01360591101529618,0
2021-07-02,2020-07-02,2021-07-01,252,historical,0.99,-0.06675536056154992,-0.08154255179130214,0.01360591101529618,0
2021-07-02,2020-07-02,2021-07-01,252,normal,0.99,-0.05947896660639354,-0.06863189080877623,0.01360591101529618,0
2021-07-06,2020-07-06,2021-07-02,252,historical,0.95,-0.03943828152862081,-0.0582749233887631,0.010323696935120363,0
2021-07-06,2020-07-06,2021-07-02,252,normal,0.95,-0.041061130516687486,-0.0523500615183486,0.010323696935120363,0
2021-07-06,2020-07-06,2021-07-02,252,historical,0.99,-0.06675536056154992,-0.08154255179130214,0.010323696935120363,0
2021-07-06,2020-07-06,2021-07-02,252,normal,0.99,-0.05947245636858101,-0.068627308003364,0.010323696935120363,0
2021-07-07,2020-07-07,2021-07-06,252,historical,0.95,-0.03943828152862081,-0.0582749233887631,-0.015786372057828957,0
2021-07-07,2020-07-07,2021-07-06,252,normal,0.95,-0.04106994278392125,-0.052347713178951184,-0.015786372057828957,0
2021-07-07,2020-07-07,2021-07-06,252,historical,0.99,-0.06675536056154992,-0.08154255179130214,-0.015786372057828957,0
2021-07-07,2020-07-07,2021-07-06,252,normal,0.99,-0.05946306659654628,-0.06860886744540032,-0.015786372057828957,0
2021-07-08,2020-07-08,2021-07-07,252,historical,0.95,-0.03943828152862081,-0.0582749233887631,-0.02302202324126812,0
2021-07-08,2020-07-08,2021-07-07,252,normal,0.95,-0.041189833725410414,-0.05247881699736111,-0.02302202324126812,0
2021-07-08,2020-07-08,2021-07-07,252,historical,0.99,-0.06675536056154992,-0.08154255179130214,-0.02302202324126812,0
2021-07-08,2020-07-08,2021-07-07,252,normal,0.99,-0.05960124482588361,-0.06875613884968872,-0.02302202324126812,0
2021-07-09,2020-07-09,2021-07-08,252,historical,0.95,-0.03943828152862081,-0.0582749233887631,0.00741096164589794,0
2021-07-09,2020-07-09,2021-07-08,252,normal,0.95,-0.041380346455204754,-0.052659364663867746,0.00741096164589794,0
2021-07-09,2020-07-09,2021-07-08,252,historical,0.99,-0.06675536056154992,-0.08154255179130214,0.00741096164589794,0
2021-07-09,2020-07-09,2021-07-08,252,normal,0.99,-0.05977550535010617,-0.06892231812370993,0.00741096164589794,0
2021-07-12,2020-07-10,2021-07-09,252,historical,0.95,-0.03943828152862081,-0.0582749233887631,0.023054693353312672,0
2021-07-12,2020-07-10,2021-07-09,252,normal,0.95,-0.04138686382102884,-0.05264609598115698,0.023054693353312672,0
2021-07-12,2020-07-10,2021-07-09,252,historical,0.99,-0.06675536056154992,-0.08154255179130214,0.023054693353312672,0
2021-07-12,2020-07-10,2021-07-09,252,normal,0.99,-0.05974975328432127,-0.06888052039879677,0.023054693353312672,0
2021-07-13,2020-07-13,2021-07-12,252,historical,0.95,-0.03943828152862081,-0.0582749233887631,-0.012797176903486585,0
2021-07-13,2020-07-13,2021-07-12,252,normal,0.95,-0.04132898654296391,-0.052599610855049515,-0.012797176903486585,0
2021-07-13,2020-07-13,2021-07-12,252,historical,0.99,-0.06675536056154992,-0.08154255179130214,-0.012797176903486585,0
2021-07-13,2020-07-13,2021-07-12,252,normal,0.99,-0.05971045567706948,-0.06885046135106458,-0.012797176903486585,0
2021-07-14,2020-07-14,2021-07-13,252,historical,0.95,-0.03839110297840485,-0.058103435836493085,-0.020172572806370415,0
2021-07-14,2020-07-14,2021-07-13,252,normal,0.95,-0.04101480722817944,-0.05223379370745266,-0.020172572806370415,0
2021-07-14,2020-07-14,2021-07-13,252,historical,0.99,-0.06675536056154992,-0.08154255179130214,-0.020172572806370415,0
2021-07-14,2020-07-14,2021-07-13,252,normal,0.99,-0.05931205926803095,-0.06841018881592788,-0.020172572806370415,0
2021-07-15,2020-07-15,2021-07-14,252,historical,0.95,-0.03839110297840485,-0.058103435836493085,-0.044112354188231895,1
2021-07-15,2020-07-15,2021-07-14,252,normal,0.95,-0.041184310872368304,-0.05239345434252948,-0.044112354188231895,1
2021-07-15,2020-07-15,2021-07-14,252,historical,0.99,-0.06675536056154992,-0.08154255179130214,-0.044112354188231895,0
2021-07-15,2020-07-15,2021-07-14,252,normal,0.99,-0.05946550976705503,-0.06855565704559027,-0.044112354188231895,0
2021-07-16,2020-07-16,2021-07-15,252,historical,0.95,-0.03943828152862081,-0.058533776445782316,-0.042456758772911773,1
2021-07-16,2020-07-16,2021-07-15,252,normal,0.95,-0.041534614243372,-0.052802827136632334,-0.042456758772911773,1
2021-07-16,2020-07-16,2021-07-15,252,historical,0.99,-0.06675536056154992,-0.08154255179130214,-0.042456758772911773,0
2021-07-16,2020-07-16,2021-07-15,252,normal,0.99,-0.059912150550024655,-0.06905020066404942,-0.042456758772911773,0
2021-07-19,2020-07-17,2021-07-16,252,historical,0.95,-0.040612127722241105,-0.058679437875918894,0.03407029353454227,0
2021-07-19,2020-07-17,2021-07-16,252,normal,0.95,-0.04189805889943532,-0.05322491828250594,0.03407029353454227,0
2021-07-19,2020-07-17,2021-07-16,252,historical,0.99,-0.06675536056154992,-0.08154255179130214,0.03407029353454227,0
2021-07-19,2020-07-17,2021-07-16,252,normal,0.99,-0.06037124284834994,-0.06955685281662795,0.03407029353454227,0
2021-07-20,2020-07-20,2021-07-19,252,historical,0.95,-0.040612127722241105,-0.058679437875918894,-0.008932473143556496,0
2021-07-20,2020-07-20,2021-07-19,252,normal,0.95,-0.041905683108317736,-0.053262186095620764,-0.008932473143556496,0
2021-07-20,2020-07-20,2021-07-19,252,historical,0.99,-0.06675536056154992,-0.08154255179130214,-0.008932473143556496,0
2021-07-20,2020-07-20,2021-07-19,252,normal,0.99,-0.06042721335830082,-0.06963686305174217,-0.008932473143556496,0
2021-07-21,2020-07-21,2021-07-20,252,historical,0.95,-0.040612127722241105,-0.058679437875918894,0.042875386895309564,0
2021-07-21,2020-07-21,2021-07-20,252,normal,0.95,-0.041985929104491344,-0.053323253228978996,0.042875386895309564,0
2021-07-21,2020-07-21,2021-07-20,252,historical,0.99,-0.06675536056154992,-0.08154255179130214,0.042875386895309564,0
2021-07-21,2020-07-21,2021-07-20,252,normal,0.99,-0.060476180193257956,-0.06967027662983444,0.042875386895309564,0
2021-07-22,2020-07-22,2021-07-21,252,historical,0.95,-0.040612127722241105,-0.058679437875918894,0.00947984588772166,0
2021-07-22,2020-07-22,2021-07-21,252,normal,0.95,-0.04189227337708367,-0.053266507736611846,0.00947984588772166,0
2021-07-22,2020-07-22,2021-07-21,252,historical,0.99,-0.06675536056154992,-0.08154255179130214,0.00947984588772166,0
2021-07-22,2020-07-22,2021-07-21,252,normal,0.99,-0.06044272204917336,-0.06966675114505579,0.00947984588772166,0
2021-07-23,2020-07-23,2021-07-22,252,historical,0.95,-0.040612127722241105,-0.058679437875918894,-0.0018374644828579312,0
2021-07-23,2020-07-23,2021-07-22,252,normal,0.95,-0.041894943772988406,-0.053268652143548686,-0.0018374644828579312,0
2021-07-23,2020-07-23,2021-07-22,252,historical,0.99,-0.06675536056154992,-0.08154255179130214,-0.0018374644828579312,0
2021-07-23,2020-07-23,2021-07-22,252,normal,0.99,-0.06044453459996584,-0.06966813714075976,-0.0018374644828579312,0
2021-07-26,2020-07-24,2021-07-23,252,historical,0.95,-0.040612127722241105,-0.058679437875918894,-0.013498434153423,0
2021-07-26,2020-07-24,2021-07-23,252,normal,0.95,-0.04165992698797297,-0.053001920230080206,-0.013498434153423,0
2021-07-26,2020-07-24,2021-07-23,252,historical,0.99,-0.06675536056154992,-0.08154255179130214,-0.013498434153423,0
2021-07-26,2020-07-24,2021-07-23,252,normal,0.99,-0.060157793026810784,-0.06935567592280192,-0.013498434153423,0
2021-07-27,2020-07-27,2021-07-26,252,historical,0.95,-0.040612127722241105,-0.058679437875918894,-0.004457232928505861,0
2021-07-27,2020-07-27,2021-07-26,252,normal,0.95,-0.041770061438243224,-0.05311998189351226,-0.004457232928505861,0
2021-07-27,2020-07-27,2021-07-26,252,historical,0.99,-0.06675536056154992,-0.08154255179130214,-0.004457232928505861,0
2021-07-27,2020-07-27,2021-07-26,252,normal,0.99,-0.06028085611528407,-0.0694851676501218,-0.004457232928505861,0
2021-07-28,2020-07-28,2021-07-27,252,historical,0.95,-0.040612127722241105,-0.058679437875918894,0.01535842748344729,0
2021-07-28,2020-07-28,2021-07-27,252,normal,0.95,-0.0418370829181672,-0.05317708886260045,0.01535842748344729,0
2021-07-28,2020-07-28,2021-07-27,252,historical,0.99,-0.06675536056154992,-0.08154255179130214,0.01535842748344729,0
2021-07-28,2020-07-28,2021-07-27,252,normal,0.99,-0.06033170783656278,-0.06952797911712667,0.01535842748344729,0
2021-07-29,2020-07-29,2021-07-28,252,historical,0.95,-0.040612127722241105,-0.058679437875918894,0.008152236918478328,0
2021-07-29,2020-07-29,2021-07-28,252,normal,0.95,-0.041654625960322586,-0.05298369028101631,0.008152236918478328,0
2021-07-29,2020-07-29,2021-07-28,252,historical,0.99,-0.06675536056154992,-0.08154255179130214,0.008152236918478328,0
2021-07-29,2020-07-29,2021-07-28,252,normal,0.99,-0.06013140598268794,-0.06931880406330364,0.008152236918478328,0
2021-07-30,2020-07-30,2021-07-29,252,historical,0.95,-0.040612127722241105,-0.058679437875918894,-0.00828998861183916,0
2021-07-30,2020-07-30,2021-07-29,252,normal,0.95,-0.041666482989658825,-0.05298210701131173,-0.00828998861183916,0
2021-07-30,2020-07-30,2021-07-29,252,historical,0.99,-0.06675536056154992,-0.08154255179130214,-0.00828998861183916,0
2021-07-30,2020-07-30,2021-07-29,252,normal,0.99,-0.06012134298034437,-0.0692978415396832,-0.00828998861183916,0
2021-08-02,2020-07-31,2021-07-30,252,historical,0.95,-0.040612127722241105,-0.058679437875918894,0.01287254337605992,0
2021-08-02,2020-07-31,2021-07-30,252,normal,0.95,-0.0417550443936072,-0.05307050495009107,0.01287254337605992,0
2021-08-02,2020-07-31,2021-07-30,252,historical,0.99,-0.06675536056154992,-0.08154255179130214,0.01287254337605992,0
2021-08-02,2020-07-31,2021-07-30,252,normal,0.99,-0.06020963778593264,-0.06938600378184542,0.01287254337605992,0
2021-08-03,2020-08-03,2021-08-02,252,historical,0.95,-0.040612127722241105,-0.058679437875918894,0.0032911105283617292,0
2021-08-03,2020-08-03,2021-08-02,252,normal,0.95,-0.04171557793640673,-0.05303391803906359,0.0032911105283617292,0
2021-08-03,2020-08-03,2021-08-02,252,historical,0.99,-0.06675536056154992,-0.08154255179130214,0.0032911105283617292,0
2021-08-03,2020-08-03,2021-08-02,252,normal,0.99,-0.06017486763371344,-0.06935356882132733,0.0032911105283617292,0
2021-08-04,2020-08-04,2021-08-03,252,historical,0.95,-0.040612127722241105,-0.058679437875918894,0.023164206422620737,0
2021-08-04,2020-08-04,2021-08-03,252,normal,0.95,-0.04170628014827936,-0.0529880145866266,0.023164206422620737,0
2021-08-04,2020-08-04,2021-08-03,252,historical,0.99,-0.06675536056154992,-0.08154255179130214,0.023164206422620737,0
2021-08-04,2020-08-04,2021-08-03,252,normal,0.99,-0.06010586899228738,-0.06925488451473968,0.023164206422620737,0
2021-08-05,2020-08-05,2021-08-04,252,historical,0.95,-0.040612127722241105,-0.058679437875918894,0.017904843201017373,0
2021-08-05,2020-08-05,2021-08-04,252,normal,0.95,-0.04170826429721952,-0.052993940633672534,0.017904843201017373,0
2021-08-05,2020-08-05,2021-08-04,252,historical,0.99,-0.06675536056154992,-0.08154255179130214,0.017904843201017373,0
2021-08-05,2020-08-05,2021-08-04,252,normal,0.99,-0.06011428205557644,-0.06926649429278521,0.017904843201017373,0
2021-08-06,2020-08-06,2021-08-05,252,historical,0.95,-0.040612127722241105,-0.058679437875918894,-0.013131841328620886,0
2021-08-06,2020-08-06,2021-08-05,252,normal,0.95,-0.04168518622140943,-0.0529777519548226,-0.013131841328620886,0
2021-08-06,2020-08-06,2021-08-05,252,historical,0.99,-0.06675536056154992,-0.08154255179130214,-0.013131841328620886,0
2021-08-06,2020-08-06,2021-08-05,252,normal,0.99,-0.06010244002437834,-0.0692602392748317,-0.013131841328620886,0
2021-08-09,2020-08-07,2021-08-06,252,historical,0.95,-0.040612127722241105,-0.058679437875918894,-0.003486609355899728,0
2021-08-09,2020-08-07,2021-08-06,252,normal,0.95,-0.0417846327031759,-0.053084869710326894,-0.003486609355899728,0
2021-08-09,2020-08-07,2021-08-06,252,historical,0.99,-0.06675536056154992,-0.08154255179130214,-0.003486609355899728,0
2021-08-09,2020-08-07,2021-08-06,252,normal,0.99,-0.06021439772801918,-0.06937841806113389,-0.003486609355899728,0
2021-08-10,2020-08-10,2021-08-09,252,historical,0.95,-0.040612127722241105,-0.058679437875918894,-0.01768881329228056,0
2021-08-10,2020-08-10,2021-08-09,252,normal,0.95,-0.04172928813611862,-0.05302404530410073,-0.01768881329228056,0
2021-08-10,2020-08-10,2021-08-09,252,historical,0.99,-0.06675536056154992,-0.08154255179130214,-0.01768881329228056,0
2021-08-10,2020-08-10,2021-08-09,252,normal,0.99,-0.06015011599015808,-0.06930969240253608,-0.01768881329228056,0
2021-08-11,2020-08-11,2021-08-10,252,historical,0.95,-0.040612127722241105,-0.058679437875918894,-0.011887990370352042,0
2021-08-11,2020-08-11,2021-08-10,252,normal,0.95,-0.04183358266532392,-0.05314010827079265,-0.011887990370352042,0
2021-08-11,2020-08-11,2021-08-10,252,historical,0.99,-0.06675536056154992,-0.08154255179130214,-0.011887990370352042,0
2021-08-11,2020-08-11,2021-08-10,252,normal,0.99,-0.0602736038811885,-0.06944272400493716,-0.011887990370352042,0
2021-08-12,2020-08-12,2021-08-11,252,historical,0.95,-0.040612127722241105,-0.058679437875918894,0.0104575061680241,0
2021-08-12,2020-08-12,2021-08-11,252,normal,0.95,-0.041678735106715596,-0.052962380631984475,0.0104575061680241,0
2021-08-12,2020-08-12,2021-08-11,252,historical,0.99,-0.06675536056154992,-0.08154255179130214,0.0104575061680241,0
2021-08-12,2020-08-12,2021-08-11,252,normal,0.99,-0.06008144077764374,-0.06923200611178561,0.0104575061680241,0
2021-08-13,2020-08-13,2021-08-12,252,historical,0.95,-0.040612127722241105,-0.058679437875918894,0.014217358914407674,0
2021-08-13,2020-08-13,2021-08-12,252,normal,0.95,-0.04153440673305834,-0.052737087684715224,0.014217358914407674,0
2021-08-13,2020-08-13,2021-08-12,252,historical,0.99,-0.06675536056154992,-0.08154255179130214,0.014217358914407674,0
2021-08-13,2020-08-13,2021-08-12,252,normal,0.99,-0.059805065787082654,-0.06888997223297529,0.014217358914407674,0
2021-08-16,2020-08-14,2021-08-13,252,historical,0.95,-0.040612127722241105,-0.058679437875918894,-0.011788856015517046,0
2021-08-16,2020-08-14,2021-08-13,252,normal,0.95,-0.04149478306685934,-0.052701488245579464,-0.011788856015517046,0
2021-08-16,2020-08-14,2021-08-13,252,historical,0.99,-0.06675536056154992,-0.08154255179130214,-0.011788856015517046,0
2021-08-16,2020-08-14,2021-08-13,252,normal,0.99,-0.05977200530704826,-0.06886017523304394,-0.011788856015517046,0
2021-08-17,2020-08-17,2021-08-16,252,historical,0.95,-0.040612127722241105,-0.058679437875918894,-0.024661625740838966,0
2021-08-17,2020-08-17,2021-08-16,252,normal,0.95,-0.04160090986198308,-0.052812031330384986,-0.024661625740838966,0
2021-08-17,2020-08-17,2021-08-16,252,historical,0.99,-0.06675536056154992,-0.08154255179130214,-0.024661625740838966,0
2021-08-17,2020-08-17,2021-08-16,252,normal,0.99,-0.05988533471049477,-0.06897708606300523,-0.024661625740838966,0
2021-08-18,2020-08-18,2021-08-17,252,historical,0.95,-0.040612127722241105,-0.058679437875918894,-0.02148246920184016,0
2021-08-18,2020-08-18,2021-08-17,252,normal,0.95,-0.04154310773028131,-0.05264729730965936,-0.02148246920184016,0
2021-08-18,2020-08-18,2021-08-17,252,historical,0.99,-0.06675536056154992,-0.08154255179130214,-0.02148246920184016,0
2021-08-18,2020-08-18,2021-08-17,252,normal,0.99,-0.059653135388085844,-0.0686581694439013,-0.02148246920184016,0
2021-08-19,2020-08-19,2021-08-18,252,historical,0.95,-0.040612127722241105,-0.058679437875918894,0.039810846726574534,0
2021-08-19,2020-08-19,2021-08-18,252,normal,0.95,-0.04166404445185267,-0.05278353104693387,0.039810846726574534,0
2021-08-19,2020-08-19,2021-08-18,252,historical,0.99,-0.06675536056154992,-0.08154255179130214,0.039810846726574534,0
2021-08-19,2020-08-19,2021-08-18,252,normal,0.99,-0.05979902029479809,-0.06881645959157008,0.039810846726574534,0
2021-08-20,2020-08-20,2021-08-19,252,historical,0.95,-0.040612127722241105,-0.058679437875918894,0.05141924829121902,0
2021-08-20,2020-08-20,2021-08-19,252,normal,0.95,-0.041622095335846675,-0.052781110015196475,0.05141924829121902,0
2021-08-20,2020-08-20,2021-08-19,252,historical,0.99,-0.06675536056154992,-0.08154255179130214,0.05141924829121902,0
2021-08-20,2020-08-20,2021-08-19,252,normal,0.99,-0.05982153826072069,-0.06887103318320544,0.05141924829121902,0
2021-08-23,2020-08-21,2021-08-20,252,historical,0.95,-0.040612127722241105,-0.058679437875918894,0.05486173256839555,0
2021-08-23,2020-08-21,2021-08-20,252,normal,0.95,-0.04171205166672756,-0.052945546545016306,0.05486173256839555,0
2021-08-23,2020-08-21,2021-08-20,252,historical,0.99,-0.06675536056154992,-0.08154255179130214,0.05486173256839555,0
2021-08-23,2020-08-21,2021-08-20,252,normal,0.99,-0.060032965722214116,-0.06914286097586528,0.05486173256839555,0
2021-08-24,2020-08-24,2021-08-23,252,historical,0.95,-0.040612127722241105,-0.058679437875918894,-0.007514261363343877,0
2021-08-24,2020-08-24,2021-08-23,252,normal,0.95,-0.041788727500657985,-0.053051962029487504,-0.007514261363343877,0
2021-08-24,2020-08-24,2021-08-23,252,historical,0.99,-0.06675536056154992,-0.08154255179130214,-0.007514261363343877,0
2021-08-24,2020-08-24,2021-08-23,252,normal,0.99,-0.06015814450090937,-0.06929215736926922,-0.007514261363343877,0
2021-08-25,2020-08-25,2021-08-24,252,historical,0.95,-0.040612127722241105,-0.058679437875918894,0.019272273562413345,0
2021-08-25,2020-08-25,2021-08-24,252,normal,0.95,-0.04184228158163287,-0.05310862510444911,0.019272273562413345,0
2021-08-25,2020-08-25,2021-08-24,252,historical,0.99,-0.06675536056154992,-0.08154255179130214,0.019272273562413345,0
2021-08-25,2020-08-25,2021-08-24,252,normal,0.99,-0.06021676909753828,-0.06935330323019477,0.019272273562413345,0
2021-08-26,2020-08-26,2021-08-25,252,historical,0.95,-0.040612127722241105,-0.058679437875918894,-0.0065275331595372466,0
2021-08-26,2020-08-26,2021-08-25,252,normal,0.95,-0.04180909027085358,-0.05308407264514699,-0.0065275331595372466,0
2021-08-26,2020-08-26,2021-08-25,252,historical,0.99,-0.06675536056154992,-0.08154255179130214,-0.0065275331595372466,0
2021-08-26,2020-08-26,2021-08-25,252,normal,0.99,-0.0601976670490203,-0.06934120692948026,-0.0065275331595372466,0
2021-08-27,2020-08-27,2021-08-26,252,historical,0.95,-0.040612127722241105,-0.058679437875918894,0.025738500633095462,0
2021-08-27,2020-08-27,2021-08-26,252,normal,0.95,-0.041852103644872546,-0.05312961418010688,0.025738500633095462,0
2021-08-27,2020-08-27,2021-08-26,252,historical,0.99,-0.06675536056154992,-0.08154255179130214,0.025738500633095462,0
2021-08-27,2020-08-27,2021-08-26,252,normal,0.99,-0.060244803647362524,-0.06939039376077367,0.025738500633095462,0
2021-08-30,2020-08-28,2021-08-27,252,historical,0.95,-0.040612127722241105,-0.058679437875918894,0.002297171824101607,0
2021-08-30,2020-08-28,2021-08-27,252,normal,0.95,-0.04174628524796446,-0.053034284590638574,0.002297171824101607,0
2021-08-30,2020-08-28,2021-08-27,252,historical,0.99,-0.06675536056154992,-0.08154255179130214,0.002297171824101607,0
2021-08-30,2020-08-28,2021-08-27,252,normal,0.99,-0.060156091640026936,-0.06931018773827603,0.002297171824101607,0
2021-08-31,2020-08-31,2021-08-30,252,historical,0.95,-0.040612127722241105,-0.058679437875918894,-0.013181209538717598,0
2021-08-31,2020-08-31,2021-08-30,252,normal,0.95,-0.04172001875078949,-0.05296219022220943,-0.013181209538717598,0
2021-08-31,2020-08-31,2021-08-30,252,historical,0.99,-0.06675536056154992,-0.08154255179130214,-0.013181209538717598,0
2021-08-31,2020-08-31,2021-08-30,252,normal,0.99,-0.06005508362209725,-0.06917201523045725,-0.013181209538717598,0
2021-09-01,2020-09-01,2021-08-31,252,historical,0.95,-0.040612127722241105,-0.058679437875918894,0.002501985713135202,0
2021-09-01,2020-09-01,2021-08-31,252,normal,0.95,-0.04184402788116978,-0.05308702864230498,0.002501985713135202,0
2021-09-01,2020-09-01,2021-08-31,252,historical,0.99,-0.06675536056154992,-0.08154255179130214,0.002501985713135202,0
2021-09-01,2020-09-01,2021-08-31,252,normal,0.99,-0.06018044525637459,-0.06929804938406388,0.002501985713135202,0
2021-09-02,2020-09-02,2021-09-01,252,historical,0.95,-0.040612127722241105,-0.058679437875918894,-0.002005300686685252,0
2021-09-02,2020-09-02,2021-09-01,252,normal,0.95,-0.04184801391702858,-0.05306058332164992,-0.002005300686685252,0
2021-09-02,2020-09-02,2021-09-01,252,historical,0.99,-0.06675536056154992,-0.08154255179130214,-0.002005300686685252,0
2021-09-02,2020-09-02,2021-09-01,252,normal,0.99,-0.06013480023143504,-0.069227725799756,-0.002005300686685252,0
2021-09-03,2020-09-03,2021-09-02,252,historical,0.95,-0.040612127722241105,-0.058679437875918894,0.019958745863295047,0
2021-09-03,2020-09-03,2021-09-02,252,normal,0.95,-0.04185214207677229,-0.05302540894621398,0.019958745863295047,0
2021-09-03,2020-09-03,2021-09-02,252,historical,0.99,-0.06675536056154992,-0.08154255179130214,0.019958745863295047,0
2021-09-03,2020-09-03,2021-09-02,252,normal,0.99,-0.060074829161420706,-0.06913588201492148,0.019958745863295047,0
2021-09-07,2020-09-04,2021-09-03,252,historical,0.95,-0.03943828152862081,-0.05466312207470218,-0.00792357061609017,0
2021-09-07,2020-09-04,2021-09-03,252,normal,0.95,-0.04032047937569733,-0.0512182889001193,-0.00792357061609017,0
2021-09-07,2020-09-04,2021-09-03,252,historical,0.99,-0.06354114122193973,-0.07193434251564039,-0.00792357061609017,0
2021-09-07,2020-09-04,2021-09-03,252,normal,0.99,-0.05809391799415269,-0.06693158644349725,-0.00792357061609017,0
2021-09-08,2020-09-08,2021-09-07,252,historical,0.95,-0.03943828152862081,-0.05466312207470218,-0.014252984450828565,0
2021-09-08,2020-09-08,2021-09-07,252,normal,0.95,-0.04011060197739437,-0.05097754559730922,-0.014252984450828565,0
2021-09-08,2020-09-08,2021-09-07,252,historical,0.99,-0.06354114122193973,-0.07193434251564039,-0.014252984450828565,0
2021-09-08,2020-09-08,2021-09-07,252,normal,0.99,-0.057833700822711755,-0.06664633831241147,-0.014252984450828565,0
2021-09-09,2020-09-09,2021-09-08,252,historical,0.95,-0.03839110297840485,-0.053302263757542954,-0.007251874650160639,0
2021-09-09,2020-09-09,2021-09-08,252,normal,0.95,-0.039540668140222064,-0.05030512137407908,-0.007251874650160639,0
2021-09-09,2020-09-09,2021-09-08,252,historical,0.99,-0.06354114122193973,-0.07193434251564039,-0.007251874650160639,0
2021-09-09,2020-09-09,2021-09-08,252,normal,0.99,-0.057096613523965487,-0.06582613559040561,-0.007251874650160639,0
2021-09-10,2020-09-10,2021-09-09,252,historical,0.95,-0.03839110297840485,-0.053302263757542954,0.013572650727396551,0
2021-09-10,2020-09-10,2021-09-09,252,normal,0.95,-0.03931453593778919,-0.04994636570840624,0.013572650727396551,0
2021-09-10,2020-09-10,2021-09-09,252,historical,0.99,-0.06354114122193973,-0.07193434251564039,0.013572650727396551,0
2021-09-10,2020-09-10,2021-09-09,252,normal,0.99,-0.0566541832684257,-0.0652761532443203,0.013572650727396551,0
2021-09-13,2020-09-11,2021-09-10,252,historical,0.95,-0.03839110297840485,-0.053302263757542954,-0.014503208228638154,0
2021-09-13,2020-09-11,2021-09-10,252,normal,0.95,-0.03899816847277241,-0.049595281686150086,-0.014503208228638154,0
2021-09-13,2020-09-11,2021-09-10,252,historical,0.99,-0.06354114122193973,-0.07193434251564039,-0.014503208228638154,0
2021-09-13,2020-09-11,2021-09-10,252,normal,0.99,-0.05628119592968517,-0.0648750122273661,-0.014503208228638154,0
2021-09-14,2020-09-14,2021-09-13,252,historical,0.95,-0.03839110297840485,-0.053302263757542954,0.0040629257077862135,0
2021-09-14,2020-09-14,2021-09-13,252,normal,0.95,-0.03901873298176913,-0.04961850704282415,0.0040629257077862135,0
2021-09-14,2020-09-14,2021-09-13,252,historical,0.99,-0.06354114122193973,-0.07193434251564039,0.0040629257077862135,0
2021-09-14,2020-09-14,2021-09-13,252,normal,0.99,-0.05630610006425164,-0.06490207419828618,0.0040629257077862135,0
2021-09-15,2020-09-15,2021-09-14,252,historical,0.95,-0.03839110297840485,-0.053302263757542954,0.004450961389055541,0
2021-09-15,2020-09-15,2021-09-14,252,normal,0.95,-0.03883278140409373,-0.04933075946770403,0.004450961389055541,0
2021-09-15,2020-09-15,2021-09-14,252,historical,0.99,-0.06354114122193973,-0.07193434251564039,0.004450961389055541,0
2021-09-15,2020-09-15,2021-09-14,252,normal,0.99,-0.055954127516202906,-0.06446754934714657,0.004450961389055541,0
2021-09-16,2020-09-16,2021-09-15,252,historical,0.95,-0.03839110297840485,-0.053302263757542954,-0.0044312381192809225,0
2021-09-16,2020-09-16,2021-09-15,252,normal,0.95,-0.038846301673043995,-0.049342901443595495,-0.0044312381192809225,0
2021-09-16,2020-09-16,2021-09-15,252,historical,0.99,-0.06354114122193973,-0.07193434251564039,-0.0044312381192809225,0
2021-09-16,2020-09-16,2021-09-15,252,normal,0.99,-0.055965399901574016,-0.0644777039944023,-0.0044312381192809225,0
2021-09-17,2020-09-17,2021-09-16,252,historical,0.95,-0.03839110297840485,-0.053302263757542954,-0.01537629900097126,0
2021-09-17,2020-09-17,2021-09-16,252,normal,0.95,-0.038523613587275365,-0.04897074650142203,-0.01537629900097126,0
2021-09-17,2020-09-17,2021-09-16,252,historical,0.99,-0.06354114122193973,-0.07193434251564039,-0.01537629900097126,0
2021-09-17,2020-09-17,2021-09-16,252,normal,0.99,-0.055562035407029024,-0.06403422394496919,-0.01537629900097126,0
2021-09-20,2020-09-18,2021-09-17,252,historical,0.95,-0.03839110297840485,-0.053302263757542954,-0.03593596532265597,0
2021-09-20,2020-09-18,2021-09-17,252,normal,0.95,-0.03860488925157017,-0.04906127669009106,-0.03593596532265597,0
2021-09-20,2020-09-18,2021-09-17,252,historical,0.99,-0.06354114122193973,-0.07193434251564039,-0.03593596532265597,0
2021-09-20,2020-09-18,2021-09-17,252,normal,0.99,-0.05565840444587214,-0.06413809801662577,-0.03593596532265597,0
2021-09-21,2020-09-21,2021-09-20,252,historical,0.95,-0.03839110297840485,-0.053302263757542954,0.0062992979063498655,0
2021-09-21,2020-09-21,2021-09-20,252,normal,0.95,-0.038774931587888035,-0.049260472156604104,0.0062992979063498655,0
2021-09-21,2020-09-21,2021-09-20,252,historical,0.99,-0.06354114122193973,-0.07193434251564039,0.0062992979063498655,0
2021-09-21,2020-09-21,2021-09-20,252,normal,0.99,-0.05587599316010189,-0.0643793287020561,0.0062992979063498655,0
2021-09-22,2020-09-22,2021-09-21,252,historical,0.95,-0.03839110297840485,-0.053302263757542954,0.03271210778910172,0
2021-09-22,2020-09-22,2021-09-21,252,normal,0.95,-0.0387805148921556,-0.049246697458402454,0.03271210778910172,0
2021-09-22,2020-09-22,2021-09-21,252,historical,0.99,-0.06354114122193973,-0.07193434251564039,0.03271210778910172,0
2021-09-22,2020-09-22,2021-09-21,252,normal,0.99,-0.055850005140986377,-0.06433764215129702,0.03271210778910172,0
2021-09-23,2020-09-23,2021-09-22,252,historical,0.95,-0.03839110297840485,-0.053302263757542954,0.02465686157235547,0
2021-09-23,2020-09-23,2021-09-22,252,normal,0.95,-0.038801730274499624,-0.04929657461725679,0.02465686157235547,0
2021-09-23,2020-09-23,2021-09-22,252,historical,0.99,-0.06354114122193973,-0.07193434251564039,0.02465686157235547,0
2021-09-23,2020-09-23,2021-09-22,252,normal,0.99,-0.05591796554345213,-0.06442884605764304,0.02465686157235547,0
2021-09-24,2020-09-24,2021-09-23,252,historical,0.95,-0.038259774448831343,-0.05311883002908305,-0.017836363152975765,0
2021-09-24,2020-09-24,2021-09-23,252,normal,0.95,-0.03836060096726305,-0.048809238449327615,-0.017836363152975765,0
2021-09-24,2020-09-24,2021-09-23,252,historical,0.99,-0.06354114122193973,-0.07193434251564039,-0.017836363152975765,0
2021-09-24,2020-09-24,2021-09-23,252,normal,0.99,-0.05540147661459334,-0.06387488529428659,-0.017836363152975765,0
2021-09-27,2020-09-25,2021-09-24,252,historical,0.95,-0.038259774448831343,-0.05311883002908305,-0.019066051849916166,0
2021-09-27,2020-09-25,2021-09-24,252,normal,0.95,-0.03852731183949626,-0.04898167333767374,-0.019066051849916166,0
2021-09-27,2020-09-25,2021-09-24,252,historical,0.99,-0.06354114122193973,-0.07193434251564039,-0.019066051849916166,0
2021-09-27,2020-09-25,2021-09-24,252,normal,0.99,-0.055577522890313466,-0.06405557350804861,-0.019066051849916166,0
2021-09-28,2020-09-28,2021-09-27,252,historical,0.95,-0.038259774448831343,-0.05311883002908305,-0.044367555022518435,1
2021-09-28,2020-09-28,2021-09-27,252,normal,0.95,-0.03862225499001593,-0.04903859316636675,-0.044367555022518435,1
2021-09-28,2020-09-28,2021-09-27,252,historical,0.99,-0.06354114122193973,-0.07193434251564039,-0.044367555022518435,0
2021-09-28,2020-09-28,2021-09-27,252,normal,0.99,-0.055610453103734046,-0.0640576683952604,-0.044367555022518435,0
2021-09-29,2020-09-29,2021-09-28,252,historical,0.95,-0.03839110297840485,-0.05358653899472537,-0.008792882470581187,0
2021-09-29,2020-09-29,2021-09-28,252,normal,0.95,-0.039119161006178675,-0.04960437940196116,-0.008792882470581187,0
2021-09-29,2020-09-29,2021-09-28,252,historical,0.99,-0.06354114122193973,-0.07193434251564039,-0.008792882470581187,0
2021-09-29,2020-09-29,2021-09-28,252,normal,0.99,-0.05621969714061104,-0.06472277141376953,-0.008792882470581187,0
2021-09-30,2020-09-30,2021-09-29,252,historical,0.95,-0.03839110297840485,-0.05358653899472537,0.009699482074287502,0
2021-09-30,2020-09-30,2021-09-29,252,normal,0.95,-0.03920715417301039,-0.0496911100399974,0.009699482074287502,0
2021-09-30,2020-09-30,2021-09-29,252,historical,0.99,-0.06354114122193973,-0.07193434251564039,0.009699482074287502,0
2021-09-30,2020-09-30,2021-09-29,252,normal,0.99,-0.05630563122593648,-0.06480768164096301,0.009699482074287502,0
2021-10-01,2020-10-01,2021-09-30,252,historical,0.95,-0.03839110297840485,-0.05358653899472537,0.0012549102873236073,0
2021-10-01,2020-10-01,2021-09-30,252,normal,0.95,-0.039210111845109016,-0.04968136847973575,0.0012549102873236073,0
2021-10-01,2020-10-01,2021-09-30,252,historical,0.99,-0.06354114122193973,-0.07193434251564039,0.0012549102873236073,0
2021-10-01,2020-10-01,2021-09-30,252,normal,0.99,-0.056287877485677325,-0.06477962935355915,0.0012549102873236073,0
2021-10-04,2020-10-02,2021-10-01,252,historical,0.95,-0.03839110297840485,-0.05358653899472537,-0.048693314880856264,1
2021-10-04,2020-10-02,2021-10-01,252,normal,0.95,-0.03922752348998358,-0.049698209954677094,-0.048693314880856264,1
2021-10-04,2020-10-02,2021-10-01,252,historical,0.99,-0.06354114122193973,-0.07193434251564039,-0.048693314880856264,0
2021-10-04,2020-10-02,2021-10-01,252,normal,0.99,-0.05630435922988816,-0.06479564871376352,-0.048693314880856264,0
2021-10-05,2020-10-05,2021-10-04,252,historical,0.95,-0.03839110297840485,-0.054211935510088446,0.03643817382427095,0
2021-10-05,2020-10-05,2021-10-04,252,normal,0.95,-0.03935875138092218,-0.04985457904279609,0.03643817382427095,0
2021-10-05,2020-10-05,2021-10-04,252,historical,0.99,-0.06354114122193973,-0.07193434251564039,0.03643817382427095,0
2021-10-05,2020-10-05,2021-10-04,252,normal,0.99,-0.05647659036316448,-0.06498826830809726,0.03643817382427095,0
2021-10-06,2020-10-06,2021-10-05,252,historical,0.95,-0.03839110297840485,-0.054211935510088446,0.012175703785804792,0
2021-10-06,2020-10-06,2021-10-05,252,normal,0.95,-0.039310188437831066,-0.04978563122157224,0.012175703785804792,0
2021-10-06,2020-10-06,2021-10-05,252,historical,0.99,-0.06354114122193973,-0.07193434251564039,0.012175703785804792,0
2021-10-06,2020-10-06,2021-10-05,252,normal,0.99,-0.056394781346224755,-0.06488992800623154,0.012175703785804792,0
2021-10-07,2020-10-07,2021-10-06,252,historical,0.95,-0.03839110297840485,-0.054211935510088446,0.018115583907410304,0
2021-10-07,2020-10-07,2021-10-06,252,normal,0.95,-0.03929971027582305,-0.0497778192575073,0.018115583907410304,0
2021-10-07,2020-10-07,2021-10-06,252,historical,0.99,-0.06354114122193973,-0.07193434251564039,0.018115583907410304,0
2021-10-07,2020-10-07,2021-10-06,252,normal,0.99,-0.056388651535633584,-0.06488596037083608,0.018115583907410304,0
2021-10-08,2020-10-08,2021-10-07,252,historical,0.95,-0.03839110297840485,-0.054211935510088446,-0.011577583462610508,0
2021-10-08,2020-10-08,2021-10-07,252,normal,0.95,-0.03929979307944401,-0.04977948930989109,-0.011577583462610508,0
2021-10-08,2020-10-08,2021-10-07,252,historical,0.99,-0.06354114122193973,-0.07193434251564039,-0.011577583462610508,0
2021-10-08,2020-10-08,2021-10-07,252,normal,0.99,-0.05639132301254665,-0.06488991904021485,-0.011577583462610508,0
2021-10-11,2020-10-09,2021-10-08,252,historical,0.95,-0.03839110297840485,-0.054211935510088446,-0.006528594617213335,0
2021-10-11,2020-10-09,2021-10-08,252,normal,0.95,-0.0393184670022325,-0.04980027840231564,-0.006528594617213335,0
2021-10-11,2020-10-09,2021-10-08,252,historical,0.99,-0.06354114122193973,-0.07193434251564039,-0.006528594617213335,0
2021-10-11,2020-10-09,2021-10-08,252,normal,0.99,-0.05641344660451957,-0.06491375794643653,-0.006528594617213335,0
2021-10-12,2020-10-12,2021-10-11,252,historical,0.95,-0.03839110297840485,-0.054211935510088446,-0.0011598175654828902,0
2021-10-12,2020-10-12,2021-10-11,252,normal,0.95,-0.03932473576632079,-0.04980709428840785,-0.0011598175654828902,0
2021-10-12,2020-10-12,2021-10-11,252,historical,0.99,-0.06354114122193973,-0.07193434251564039,-0.0011598175654828902,0
2021-10-12,2020-10-12,2021-10-11,252,normal,0.99,-0.056420607679978474,-0.06492136271499369,-0.0011598175654828902,0
2021-10-13,2020-10-13,2021-10-12,252,historical,0.95,-0.03839110297840485,-0.054211935510088446,0.012965114468613148,0
2021-10-13,2020-10-13,2021-10-12,252,normal,0.95,-0.03933189047056742,-0.049780965218609655,0.012965114468613148,0
2021-10-13,2020-10-13,2021-10-12,252,historical,0.99,-0.06354114122193973,-0.07193434251564039,0.012965114468613148,0
2021-10-13,2020-10-13,2021-10-12,252,normal,0.99,-0.05637347926304827,-0.06484724254718988,0.012965114468613148,0
2021-10-14,2020-10-14,2021-10-13,252,historical,0.95,-0.03839110297840485,-0.054211935510088446,0.038540334124860465,0
2021-10-14,2020-10-14,2021-10-13,252,normal,0.95,-0.03930290584506284,-0.049756110594659585,0.038540334124860465,0
2021-10-14,2020-10-14,2021-10-13,252,historical,0.99,-0.06354114122193973,-0.07193434251564039,0.038540334124860465,0
2021-10-14,2020-10-14,2021-10-13,252,normal,0.99,-0.056351230333277665,-0.06482834287621778,0.038540334124860465,0
2021-10-15,2020-10-15,2021-10-14,252,historical,0.95,-0.03839110297840485,-0.054211935510088446,0.005334340454273834,0
2021-10-15,2020-10-15,2021-10-14,252,normal,0.95,-0.03926143772582416,-0.04975378547723824,0.005334340454273834,0
2021-10-15,2020-10-15,2021-10-14,252,historical,0.99,-0.06354114122193973,-0.07193434251564039,0.005334340454273834,0
2021-10-15,2020-10-15,2021-10-14,252,normal,0.99,-0.05637360125789302,-0.06488245714075831,0.005334340454273834,0
2021-10-18,2020-10-16,2021-10-15,252,historical,0.95,-0.03839110297840485,-0.054211935510088446,0.016466930489005938,0
2021-10-18,2020-10-16,2021-10-15,252,normal,0.95,-0.03919073690438766,-0.04967945934603605,0.016466930489005938,0
2021-10-18,2020-10-16,2021-10-15,252,historical,0.99,-0.06354114122193973,-0.07193434251564039,0.016466930489005938,0
2021-10-18,2020-10-16,2021-10-15,252,normal,0.99,-0.05629698785187253,-0.06480290375990495,0.016466930489005938,0
2021-10-19,2020-10-19,2021-10-18,252,historical,0.95,-0.03839110297840485,-0.054211935510088446,0.0030600960237028296,0
2021-10-19,2020-10-19,2021-10-18,252,normal,0.95,-0.03908333665513838,-0.049572812789809934,0.0030600960237028296,0
2021-10-19,2020-10-19,2021-10-18,252,historical,0.99,-0.06354114122193973,-0.07193434251564039,0.0030600960237028296,0
2021-10-19,2020-10-19,2021-10-18,252,normal,0.99,-0.05619081681448039,-0.0646973439360816,0.0030600960237028296,0
2021-10-20,2020-10-20,2021-10-19,252,historical,0.95,-0.03839110297840485,-0.054211935510088446,-0.008389333270993449,0
2021-10-20,2020-10-20,2021-10-19,252,normal,0.95,-0.03889963559110706,-0.04936842964884391,-0.008389333270993449,0
2021-10-20,2020-10-20,2021-10-19,252,historical,0.99,-0.06354114122193973,-0.07193434251564039,-0.008389333270993449,0
2021-10-20,2020-10-20,2021-10-19,252,normal,0.99,-0.05597338496959101,-0.06446313979044836,-0.008389333270993449,0
2021-10-21,2020-10-21,2021-10-20,252,historical,0.95,-0.03839110297840485,-0.054211935510088446,0.026647752147103354,0
2021-10-21,2020-10-21,2021-10-20,252,normal,0.95,-0.03898138466910549,-0.049451454096964886,0.026647752147103354,0
2021-10-21,2020-10-21,2021-10-20,252,historical,0.99,-0.06354114122193973,-0.07193434251564039,0.026647752147103354,0
2021-10-21,2020-10-21,2021-10-20,252,normal,0.99,-0.05605721407225295,-0.0645480031650223,0.026647752147103354,0
2021-10-22,2020-10-22,2021-10-21,252,historical,0.95,-0.03839110297840485,-0.054211935510088446,0.0014985263787075098,0
2021-10-22,2020-10-22,2021-10-21,252,normal,0.95,-0.038901714617649887,-0.049387328969336175,0.0014985263787075098,0
2021-10-22,2020-10-22,2021-10-21,252,historical,0.99,-0.06354114122193973,-0.07193434251564039,0.0014985263787075098,0
2021-10-22,2020-10-22,2021-10-21,252,normal,0.99,-0.056002896523871165,-0.06450629190073316,0.0014985263787075098,0
2021-10-25,2020-10-23,2021-10-22,252,historical,0.95,-0.03839110297840485,-0.054211935510088446,0.019360989722424504,0
2021-10-25,2020-10-23,2021-10-22,252,normal,0.95,-0.03882033563133968,-0.049298992585209075,0.019360989722424504,0
2021-10-25,2020-10-23,2021-10-22,252,historical,0.99,-0.06354114122193973,-0.07193434251564039,0.019360989722424504,0
2021-10-25,2020-10-23,2021-10-22,252,normal,0.99,-0.05591017058909708,-0.06440792380685928,0.019360989722424504,0
2021-10-26,2020-10-26,2021-10-25,252,historical,0.95,-0.03839110297840485,-0.054211935510088446,0.06695158956944347,0
2021-10-26,2020-10-26,2021-10-25,252,normal,0.95,-0.038820704383499376,-0.04930167552511389,0.06695158956944347,0
2021-10-26,2020-10-26,2021-10-25,252,historical,0.99,-0.06354114122193973,-0.07193434251564039,0.06695158956944347,0
2021-10-26,2020-10-26,2021-10-25,252,normal,0.99,-0.055914313592747164,-0.06441394352013392,0.06695158956944347,0
2021-10-27,2020-10-27,2021-10-26,252,historical,0.95,-0.03839110297840485,-0.054211935510088446,-0.010762053229115942,0
2021-10-27,2020-10-27,2021-10-26,252,normal,0.95,-0.038796376272213384,-0.04937196686577609,-0.010762053229115942,0
2021-10-27,2020-10-27,2021-10-26,252,historical,0.99,-0.06354114122193973,-0.07193434251564039,-0.010762053229115942,0
2021-10-27,2020-10-27,2021-10-26,252,normal,0.99,-0.05604430209137661,-0.06462066444313753,-0.010762053229115942,0
2021-10-28,2020-10-28,2021-10-27,252,historical,0.95,-0.03839110297840485,-0.054211935510088446,0.020040276900360032,0
2021-10-28,2020-10-28,2021-10-27,252,normal,0.95,-0.038903978861447516,-0.049476455534324025,0.020040276900360032,0
2021-10-28,2020-10-28,2021-10-27,252,historical,0.99,-0.06354114122193973,-0.07193434251564039,0.020040276900360032,0
2021-10-28,2020-10-28,2021-10-27,252,normal,0.99,-0.05614682612991165,-0.06472066322202837,0.020040276900360032,0
2021-10-29,2020-10-29,2021-10-28,252,historical,0.95,-0.038259774448831343,-0.052737275891944956,0.025099232471132105,0
2021-10-29,2020-10-29,2021-10-28,252,normal,0.95,-0.03816108974400125,-0.04862296827260357,0.025099232471132105,0
2021-10-29,2020-10-29,2021-10-28,252,historical,0.99,-0.06354114122193973,-0.07193434251564039,0.025099232471132105,0
2021-10-29,2020-10-29,2021-10-28,252,normal,0.99,-0.05522356045842788,-0.06370770707393848,0.025099232471132105,0
2021-11-01,2020-10-30,2021-10-29,252,historical,0.95,-0.038259774448831343,-0.052737275891944956,0.010169276385805226,0
2021-11-01,2020-10-30,2021-10-29,252,normal,0.95,-0.03814430407348166,-0.04859552591063166,0.010169276385805226,0
2021-11-01,2020-10-30,2021-10-29,252,historical,0.99,-0.06354114122193973,-0.07193434251564039,0.010169276385805226,0
2021-11-01,2020-10-30,2021-10-29,252,normal,0.99,-0.055189394593202275,-0.06366489907695132,0.010169276385805226,0
2021-11-02,2020-11-02,2021-11-01,252,historical,0.95,-0.038259774448831343,-0.052737275891944956,0.022225057403141513,0
2021-11-02,2020-11-02,2021-11-01,252,normal,0.95,-0.03774352743011587,-0.0481411147477169,0.022225057403141513,0
2021-11-02,2020-11-02,2021-11-01,252,historical,0.99,-0.06354114122193973,-0.07193434251564039,0.022225057403141513,0
2021-11-02,2020-11-02,2021-11-01,252,normal,0.99,-0.05470114442234476,-0.06313315355043067,0.022225057403141513,0
2021-11-03,2020-11-03,2021-11-02,252,historical,0.95,-0.038259774448831343,-0.052737275891944956,0.007461706418170566,0
2021-11-03,2020-11-03,2021-11-02,252,normal,0.95,-0.037717623921985674,-0.04812727564935943,0.007461706418170566,0
2021-11-03,2020-11-03,2021-11-02,252,historical,0.99,-0.06354114122193973,-0.07193434251564039,0.007461706418170566,0
2021-11-03,2020-11-03,2021-11-02,252,normal,0.99,-0.05469491698270181,-0.0631367098433231,0.007461706418170566,0
2021-11-04,2020-11-04,2021-11-03,252,historical,0.95,-0.038259774448831343,-0.052737275891944956,0.12042249057538745,0
2021-11-04,2020-11-04,2021-11-03,252,normal,0.95,-0.03769666022923047,-0.04807335132939989,0.12042249057538745,0
2021-11-04,2020-11-04,2021-11-03,252,historical,0.99,-0.06354114122193973,-0.07193434251564039,0.12042249057538745,0
2021-11-04,2020-11-04,2021-11-03,252,normal,0.99,-0.054620197194914004,-0.06303526036325524,0.12042249057538745,0
2021-11-05,2020-11-05,2021-11-04,252,historical,0.95,-0.038259774448831343,-0.052737275891944956,-0.0016441467546262079,0
2021-11-05,2020-11-05,2021-11-04,252,normal,0.95,-0.03882554684545095,-0.04955042951143271,-0.0016441467546262079,0
2021-11-05,2020-11-05,2021-11-04,252,historical,0.99,-0.06354114122193973,-0.07193434251564039,-0.0016441467546262079,0
2021-11-05,2020-11-05,2021-11-04,252,normal,0.99,-0.05631695585996786,-0.0650143878482643,-0.0016441467546262079,0
2021-11-08,2020-11-06,2021-11-05,252,historical,0.95,-0.038259774448831343,-0.052737275891944956,0.03535894839304521,0
2021-11-08,2020-11-06,2021-11-05,252,normal,0.95,-0.03887181610035576,-0.04958006626306633,0.03535894839304521,0
2021-11-08,2020-11-06,2021-11-05,252,historical,0.99,-0.06354114122193973,-0.07193434251564039,0.03535894839304521,0
2021-11-08,2020-11-06,2021-11-05,252,normal,0.99,-0.056336098858417255,-0.06502004258110729,0.03535894839304521,0
2021-11-09,2020-11-09,2021-11-08,252,historical,0.95,-0.038259774448831343,-0.052737275891944956,-0.004772022740976101,0
2021-11-09,2020-11-09,2021-11-08,252,normal,0.95,-0.0388950649400834,-0.04961624681004098,-0.004772022740976101,0
2021-11-09,2020-11-09,2021-11-08,252,historical,0.99,-0.06354114122193973,-0.07193434251564039,-0.004772022740976101,0
2021-11-09,2020-11-09,2021-11-08,252,normal,0.99,-0.05638043825808463,-0.06507486905534474,-0.004772022740976101,0
2021-11-10,2020-11-10,2021-11-09,252,historical,0.95,-0.0374990554046522,-0.050759320837990146,-0.03907755320474515,1
2021-11-10,2020-11-10,2021-11-09,252,normal,0.95,-0.038085173842389033,-0.0486602684603094,-0.03907755320474515,1
2021-11-10,2020-11-10,2021-11-09,252,historical,0.99,-0.06100838479532906,-0.07166669771300738,-0.03907755320474515,0
2021-11-10,2020-11-10,2021-11-09,252,normal,0.99,-0.05533229076572641,-0.06390825090195254,-0.03907755320474515,0
2021-11-11,2020-11-11,2021-11-10,252,historical,0.95,-0.0374990554046522,-0.0489077708258883,0.031603071832446705,0
2021-11-11,2020-11-11,2021-11-10,252,normal,0.95,-0.03764730181619216,-0.04813542431069929,0.031603071832446705,0
2021-11-11,2020-11-11,2021-11-10,252,historical,0.99,-0.05372054151566496,-0.07026845028376545,0.031603071832446705,0
2021-11-11,2020-11-11,2021-11-10,252,normal,0.99,-0.054752574298815304,-0.06325800367476898,0.031603071832446705,0
2021-11-12,2020-11-12,2021-11-11,252,historical,0.95,-0.0374990554046522,-0.0489077708258883,0.0,0
2021-11-12,2020-11-12,2021-11-11,252,normal,0.95,-0.03753505889655303,-0.047975371501622684,0.0,0
2021-11-12,2020-11-12,2021-11-11,252,historical,0.99,-0.05372054151566496,-0.07026845028376545,0.0,0
2021-11-12,2020-11-12,2021-11-11,252,normal,0.99,-0.054562357348397976,-0.0630290149004818,0.0,0
2021-11-15,2020-11-13,2021-11-12,252,historical,0.95,-0.0374990554046522,-0.0489077708258883,-0.012010408970676845,0
2021-11-15,2020-11-13,2021-11-12,252,normal,0.95,-0.0375481191538603,-0.04798883821338879,-0.012010408970676845,0
2021-11-15,2020-11-13,2021-11-12,252,historical,0.99,-0.05372054151566496,-0.07026845028376545,-0.012010408970676845,0
2021-11-15,2020-11-13,2021-11-12,252,normal,0.99,-0.05457608049978127,-0.06304306766945833,-0.012010408970676845,0
2021-11-16,2020-11-16,2021-11-15,252,historical,0.95,-0.0374990554046522,-0.0489077708258883,0.005928327929887844,0
2021-11-16,2020-11-16,2021-11-15,252,normal,0.95,-0.03754923701219331,-0.04799009973492317,0.005928327929887844,0
2021-11-16,2020-11-16,2021-11-15,252,historical,0.99,-0.05372054151566496,-0.07026845028376545,0.005928327929887844,0
2021-11-16,2020-11-16,2021-11-15,252,normal,0.99,-0.054577432661079985,-0.06304453633561422,0.005928327929887844,0
2021-11-17,2020-11-17,2021-11-16,252,historical,0.95,-0.0374990554046522,-0.0489077708258883,-0.031188987131436363,0
2021-11-17,2020-11-17,2021-11-16,252,normal,0.95,-0.03756982519572152,-0.048005348101112226,-0.031188987131436363,0
2021-11-17,2020-11-17,2021-11-16,252,historical,0.99,-0.05372054151566496,-0.07026845028376545,-0.031188987131436363,0
2021-11-17,2020-11-17,2021-11-16,252,normal,0.99,-0.05458931203798989,-0.06305208534364422,-0.031188987131436363,0
2021-11-18,2020-11-18,2021-11-17,252,historical,0.95,-0.0374990554046522,-0.0489077708258883,0.08249895328080581,0
2021-11-18,2020-11-18,2021-11-17,252,normal,0.95,-0.03780952038557433,-0.04828143082592837,0.08249895328080581,0
2021-11-18,2020-11-18,2021-11-17,252,historical,0.99,-0.05372054151566496,-0.07026845028376545,0.08249895328080581,0
2021-11-18,2020-11-18,2021-11-17,252,normal,0.99,-0.05488835232996606,-0.06338063440699085,0.08249895328080581,0
2021-11-19,2020-11-19,2021-11-18,252,historical,0.95,-0.0374990554046522,-0.0489077708258883,0.041357513249820954,0
2021-11-19,2020-11-19,2021-11-18,252,normal,0.95,-0.0382893708839379,-0.04896586155960729,0.041357513249820954,0
2021-11-19,2020-11-19,2021-11-18,252,historical,0.99,-0.05372054151566496,-0.07026845028376545,0.041357513249820954,0
2021-11-19,2020-11-19,2021-11-18,252,normal,0.99,-0.055701856508619974,-0.06436004461354461,0.041357513249820954,0
2021-11-22,2020-11-20,2021-11-19,252,historical,0.95,-0.0374990554046522,-0.0489077708258883,-0.031196026066509508,0
2021-11-22,2020-11-20,2021-11-19,252,normal,0.95,-0.03830786609712204,-0.04902988438019823,-0.031196026066509508,0
2021-11-22,2020-11-20,2021-11-19,252,historical,0.99,-0.05372054151566496,-0.07026845028376545,-0.031196026066509508,0
2021-11-22,2020-11-20,2021-11-19,252,normal,0.99,-0.05579460353671027,-0.0644897126300823,-0.031196026066509508,0
2021-11-23,2020-11-23,2021-11-22,252,historical,0.95,-0.0374990554046522,-0.0489077708258883,-0.006571376757835035,0
2021-11-23,2020-11-23,2021-11-22,252,normal,0.95,-0.038368934644714345,-0.04910145756358766,-0.006571376757835035,0
2021-11-23,2020-11-23,2021-11-22,252,historical,0.99,-0.05372054151566496,-0.07026845028376545,-0.006571376757835035,0
2021-11-23,2020-11-23,2021-11-22,252,normal,0.99,-0.05587280428863511,-0.06457643220298195,-0.006571376757835035,0
2021-11-24,2020-11-24,2021-11-23,252,historical,0.95,-0.0374990554046522,-0.0489077708258883,0.029231805328084004,0
2021-11-24,2020-11-24,2021-11-23,252,normal,0.95,-0.038424723691293745,-0.049160770149671344,0.029231805328084004,0
2021-11-24,2020-11-24,2021-11-23,252,historical,0.99,-0.05372054151566496,-0.07026845028376545,0.029231805328084004,0
2021-11-24,2020-11-24,2021-11-23,252,normal,0.99,-0.0559343399408015,-0.06464082529854898,0.029231805328084004,0
2021-11-26,2020-11-25,2021-11-24,252,historical,0.95,-0.0374990554046522,-0.0489077708258883,-0.03583866564271321,0
2021-11-26,2020-11-25,2021-11-24,252,normal,0.95,-0.038294988098869435,-0.04904152727216646,-0.03583866564271321,0
2021-11-26,2020-11-25,2021-11-24,252,historical,0.99,-0.05372054151566496,-0.07026845028376545,-0.03583866564271321,0
2021-11-26,2020-11-25,2021-11-24,252,normal,0.99,-0.05582171711073035,-0.06453671162211863,-0.03583866564271321,0
2021-11-29,2020-11-27,2021-11-26,252,historical,0.95,-0.0374990554046522,-0.0489077708258883,0.059454518266208733,0
2021-11-29,2020-11-27,2021-11-26,252,normal,0.95,-0.03868391385167035,-0.04947157650704739,0.059454518266208733,0
2021-11-29,2020-11-27,2021-11-26,252,historical,0.99,-0.05372054151566496,-0.07026845028376545,0.059454518266208733,0
2021-11-29,2020-11-27,2021-11-26,252,normal,0.99,-0.05627771190918565,-0.06502605584729049,0.059454518266208733,0
2021-11-30,2020-11-30,2021-11-29,252,historical,0.95,-0.0374990554046522,-0.0489077708258883,-0.020973257796221945,0
2021-11-30,2020-11-30,2021-11-29,252,normal,0.95,-0.03884547480262705,-0.049732098166997654,-0.020973257796221945,0
2021-11-30,2020-11-30,2021-11-29,252,historical,0.99,-0.05372054151566496,-0.07026845028376545,-0.020973257796221945,0
2021-11-30,2020-11-30,2021-11-29,252,normal,0.99,-0.05660066970626949,-0.06542926664692839,-0.020973257796221945,0
2021-12-01,2020-12-01,2021-11-30,252,historical,0.95,-0.0374990554046522,-0.0489077708258883,-0.037861036721119734,1
2021-12-01,2020-12-01,2021-11-30,252,normal,0.95,-0.03904317561309389,-0.04994821831839816,-0.037861036721119734,0
2021-12-01,2020-12-01,2021-11-30,252,historical,0.99,-0.05372054151566496,-0.07026845028376545,-0.037861036721119734,0
2021-12-01,2020-12-01,2021-11-30,252,normal,0.99,-0.05682841095970271,-0.06567194521669682,-0.037861036721119734,0
2021-12-02,2020-12-02,2021-12-01,252,historical,0.95,-0.038030320127465926,-0.0489077708258883,0.021981595089407557,0
2021-12-02,2020-12-02,2021-12-01,252,normal,0.95,-0.03940475826722269,-0.050364354802304764,0.021981595089407557,0
2021-12-02,2020-12-02,2021-12-01,252,historical,0.99,-0.05372054151566496,-0.07026845028376545,0.021981595089407557,0
2021-12-02,2020-12-02,2021-12-01,252,normal,0.99,-0.05727896646133673,-0.06616674159620065,0.021981595089407557,0
2021-12-03,2020-12-03,2021-12-02,252,historical,0.95,-0.038030320127465926,-0.0489077708258883,-0.044605291738711195,1
2021-12-03,2020-12-03,2021-12-02,252,normal,0.95,-0.03939723192708156,-0.05036544422415232,-0.044605291738711195,1
2021-12-03,2020-12-03,2021-12-02,252,historical,0.99,-0.05372054151566496,-0.07026845028376545,-0.044605291738711195,0
2021-12-03,2020-12-03,2021-12-02,252,normal,0.99,-0.05728549172638414,-0.06618025388444053,-0.044605291738711195,0
2021-12-06,2020-12-04,2021-12-03,252,historical,0.95,-0.038259774448831343,-0.04939762233897718,-0.021372973607856616,0
2021-12-06,2020-12-04,2021-12-03,252,normal,0.95,-0.0397966601916711,-0.050832135132753774,-0.021372973607856616,0
2021-12-06,2020-12-04,2021-12-03,252,historical,0.99,-0.05372054151566496,-0.07026845028376545,-0.021372973607856616,0
2021-12-06,2020-12-04,2021-12-03,252,normal,0.99,-0.05779461987809152,-0.06674392923166197,-0.021372973607856616,0
2021-12-07,2020-12-07,2021-12-06,252,historical,0.95,-0.038259774448831343,-0.04939762233897718,0.07956864720774948,0
2021-12-07,2020-12-07,2021-12-06,252,normal,0.95,-0.03999767649634828,-0.05105046165315069,0.07956864720774948,0
2021-12-07,2020-12-07,2021-12-06,252,historical,0.99,-0.05372054151566496,-0.07026845028376545,0.07956864720774948,0
2021-12-07,2020-12-07,2021-12-06,252,normal,0.99,-0.05802386773296029,-0.06698721494863273,0.07956864720774948,0
2021-12-08,2020-12-08,2021-12-07,252,historical,0.95,-0.038259774448831343,-0.04939762233897718,-0.018534128736397038,0
2021-12-08,2020-12-08,2021-12-07,252,normal,0.95,-0.040404120264039,-0.05163676543501877,-0.018534128736397038,0
2021-12-08,2020-12-08,2021-12-07,252,historical,0.99,-0.05372054151566496,-0.07026845028376545,-0.018534128736397038,0
2021-12-08,2020-12-08,2021-12-07,252,normal,0.99,-0.05872364851619821,-0.0678328546927042,-0.018534128736397038,0
2021-12-09,2020-12-09,2021-12-08,252,historical,0.95,-0.038259774448831343,-0.04939762233897718,-0.041978348165746415,1
2021-12-09,2020-12-09,2021-12-08,252,normal,0.95,-0.040400952563404,-0.05163313068421455,-0.041978348165746415,1
2021-12-09,2020-12-09,2021-12-08,252,historical,0.99,-0.05372054151566496,-0.07026845028376545,-0.041978348165746415,0
2021-12-09,2020-12-09,2021-12-08,252,normal,0.99,-0.05871971909482514,-0.06782854651314714,-0.041978348165746415,0
2021-12-10,2020-12-10,2021-12-09,252,historical,0.95,-0.03839110297840485,-0.049681546161790886,-0.009576823130580392,0
2021-12-10,2020-12-10,2021-12-09,252,normal,0.95,-0.04054714659598306,-0.05180580462789859,-0.009576823130580392,0
2021-12-10,2020-12-10,2021-12-09,252,historical,0.99,-0.05372054151566496,-0.07026845028376545,-0.009576823130580392,0
2021-12-10,2020-12-10,2021-12-09,252,normal,0.99,-0.058909099702980854,-0.0680394012234506,-0.009576823130580392,0
2021-12-13,2020-12-11,2021-12-10,252,historical,0.95,-0.03839110297840485,-0.049681546161790886,-0.06745489630191637,1
2021-12-13,2020-12-11,2021-12-10,252,normal,0.95,-0.040619430735515,-0.05188356199573211,-0.06745489630191637,1
2021-12-13,2020-12-11,2021-12-10,252,historical,0.99,-0.05372054151566496,-0.07026845028376545,-0.06745489630191637,1
2021-12-13,2020-12-11,2021-12-10,252,normal,0.99,-0.05899031023153113,-0.06812505031160025,-0.06745489630191637,1
2021-12-14,2020-12-14,2021-12-13,252,historical,0.95,-0.03876975838924483,-0.05190746693367124,0.006249895419019769,0
2021-12-14,2020-12-14,2021-12-13,252,normal,0.95,-0.04150878957711034,-0.05292766655184626,0.006249895419019769,0
2021-12-14,2020-12-14,2021-12-13,252,historical,0.99,-0.06311890933585415,-0.07310242869295643,0.006249895419019769,0
2021-12-14,2020-12-14,2021-12-13,252,normal,0.99,-0.06013204671400059,-0.06939227910661284,0.006249895419019769,0
2021-12-15,2020-12-15,2021-12-14,252,historical,0.95,-0.03876975838924483,-0.05190746693367124,0.07488429475586056,0
2021-12-15,2020-12-15,2021-12-14,252,normal,0.95,-0.04153038268460191,-0.05293815412276111,0.07488429475586056,0
2021-12-15,2020-12-15,2021-12-14,252,historical,0.99,-0.06311890933585415,-0.07310242869295643,0.07488429475586056,0
2021-12-15,2020-12-15,2021-12-14,252,normal,0.99,-0.06013552759699156,-0.0693867538631894,0.07488429475586056,0
2021-12-16,2020-12-16,2021-12-15,252,historical,0.95,-0.03876975838924483,-0.05190746693367124,-0.06802579653879015,1
2021-12-16,2020-12-16,2021-12-15,252,normal,0.95,-0.04185584595362525,-0.05341786906173375,-0.06802579653879015,1
2021-12-16,2020-12-16,2021-12-15,252,historical,0.99,-0.06311890933585415,-0.07310242869295643,-0.06802579653879015,1
2021-12-16,2020-12-16,2021-12-15,252,normal,0.99,-0.06071256276048546,-0.07008888068971104,-0.06802579653879015,1
2021-12-17,2020-12-17,2021-12-16,252,historical,0.95,-0.04038291093719569,-0.05413425488244393,-0.020643258741803283,0
2021-12-17,2020-12-17,2021-12-16,252,normal,0.95,-0.042675350219271095,-0.054385887488893975,-0.020643258741803283,0
2021-12-17,2020-12-17,2021-12-16,252,historical,0.99,-0.06773463741798452,-0.07329272877191435,-0.020643258741803283,0
2021-12-17,2020-12-17,2021-12-16,252,normal,0.99,-0.06177428151223805,-0.07127103822473976,-0.020643258741803283,0
2021-12-20,2020-12-18,2021-12-17,252,historical,0.95,-0.04038291093719569,-0.05413425488244393,-0.0029495118643301232,0
2021-12-20,2020-12-18,2021-12-17,252,normal,0.95,-0.04285225244848727,-0.054579402226448075,-0.0029495118643301232,0
2021-12-20,2020-12-18,2021-12-17,252,historical,0.99,-0.06773463741798452,-0.07329272877191435,-0.0029495118643301232,0
2021-12-20,2020-12-18,2021-12-17,252,normal,0.99,-0.061978277387804065,-0.07148850615085628,-0.0029495118643301232,0
2021-12-21,2020-12-21,2021-12-20,252,historical,0.95,-0.04038291093719569,-0.05413425488244393,0.048919408628975036,0
2021-12-21,2020-12-21,2021-12-20,252,normal,0.95,-0.04283949601590016,-0.05456566414264819,0.048919408628975036,0
2021-12-21,2020-12-21,2021-12-20,252,historical,0.99,-0.06773463741798452,-0.07329272877191435,0.048919408628975036,0
2021-12-21,2020-12-21,2021-12-20,252,normal,0.99,-0.061963919962142545,-0.07147335264705336,0.048919408628975036,0
2021-12-22,2020-12-22,2021-12-21,252,historical,0.95,-0.04038291093719569,-0.05413425488244393,0.011177979748175693,0
2021-12-22,2020-12-22,2021-12-21,252,normal,0.95,-0.04290445909129153,-0.054691869814803694,0.011177979748175693,0
2021-12-22,2020-12-22,2021-12-21,252,historical,0.99,-0.06773463741798452,-0.07329272877191435,0.011177979748175693,0
2021-12-22,2020-12-22,2021-12-21,252,normal,0.99,-0.0621287647185252,-0.0716878625920196,0.011177979748175693,0
2021-12-23,2020-12-23,2021-12-22,252,historical,0.95,-0.04038291093719569,-0.05413425488244393,0.008163418749469464,0
2021-12-23,2020-12-23,2021-12-22,252,normal,0.95,-0.04284416461579207,-0.054631609752991674,0.008163418749469464,0
2021-12-23,2020-12-23,2021-12-22,252,historical,0.99,-0.06773463741798452,-0.07329272877191435,0.008163418749469464,0
2021-12-23,2020-12-23,2021-12-22,252,normal,0.99,-0.06206852636894352,-0.07162765215050139,0.008163418749469464,0
2021-12-27,2020-12-24,2021-12-23,252,historical,0.95,-0.04038291093719569,-0.05413425488244393,0.044028284481664404,0
2021-12-27,2020-12-24,2021-12-23,252,normal,0.95,-0.04266755376570223,-0.054438784909806616,0.044028284481664404,0
2021-12-27,2020-12-24,2021-12-23,252,historical,0.99,-0.06773463741798452,-0.07329272877191435,0.044028284481664404,0
2021-12-27,2020-12-24,2021-12-23,252,normal,0.99,-0.0618654718183658,-0.07141144872859366,0.044028284481664404,0
2021-12-28,2020-12-28,2021-12-27,252,historical,0.95,-0.04038291093719569,-0.05413425488244393,-0.02013231633058954,0
2021-12-28,2020-12-28,2021-12-27,252,normal,0.95,-0.04267351425687746,-0.05449184529033476,-0.02013231633058954,0
2021-12-28,2020-12-28,2021-12-27,252,historical,0.99,-0.06773463741798452,-0.07329272877191435,-0.02013231633058954,0
2021-12-28,2020-12-28,2021-12-27,252,normal,0.99,-0.06194824838808176,-0.07153242134175936,-0.02013231633058954,0
2021-12-29,2020-12-29,2021-12-28,252,historical,0.95,-0.04038291093719569,-0.05413425488244393,-0.010586438669724751,0
2021-12-29,2020-12-29,2021-12-28,252,normal,0.95,-0.042777108830812885,-0.054608735134269934,-0.010586438669724751,0
2021-12-29,2020-12-29,2021-12-28,252,historical,0.99,-0.06773463741798452,-0.07329272877191435,-0.010586438669724751,0
2021-12-29,2020-12-29,2021-12-28,252,normal,0.99,-0.06207352646315811,-0.07166848132561647,-0.010586438669724751,0
2021-12-30,2020-12-30,2021-12-29,252,historical,0.95,-0.04038291093719569,-0.05413425488244393,-0.013832941751256156,0
2021-12-30,2020-12-30,2021-12-29,252,normal,0.95,-0.042856243415343526,-0.054693921321104545,-0.013832941751256156,0
2021-12-30,2020-12-30,2021-12-29,252,historical,0.99,-0.06773463741798452,-0.07329272877191435,-0.013832941751256156,0
2021-12-30,2020-12-30,2021-12-29,252,normal,0.99,-0.062162530717538626,-0.07176239317676034,-0.013832941751256156,0
2021-12-31,2020-12-31,2021-12-30,252,historical,0.95,-0.04038291093719569,-0.05413425488244393,-0.0059148151886513345,0
2021-12-31,2020-12-31,2021-12-30,252,normal,0.95,-0.04299215107934566,-0.05483463809269378,-0.0059148151886513345,0
2021-12-31,2020-12-31,2021-12-30,252,historical,0.99,-0.06773463741798452,-0.07329272877191435,-0.0059148151886513345,0
2021-12-31,2020-12-31,2021-12-30,252,normal,0.99,-0.06230628164383281,-0.07191004408848707,-0.0059148151886513345,0
2022-01-03,2021-01-04,2021-12-31,252,historical,0.95,-0.04038291093719569,-0.05413425488244393,0.024140463886639818,0
2022-01-03,2021-01-04,2021-12-31,252,normal,0.95,-0.04298593326525029,-0.05482783741891522,0.024140463886639818,0
2022-01-03,2021-01-04,2021-12-31,252,historical,0.99,-0.06773463741798452,-0.07329272877191435,0.024140463886639818,0
2022-01-03,2021-01-04,2021-12-31,252,normal,0.99,-0.06229911323312634,-0.07190240300291682,0.024140463886639818,0
2022-01-04,2021-01-05,2022-01-03,252,historical,0.95,-0.04038291093719569,-0.05413425488244393,-0.027588799339334558,0
2022-01-04,2021-01-05,2022-01-03,252,normal,0.95,-0.04295628107142143,-0.0548104706617341,-0.027588799339334558,0
2022-01-04,2021-01-05,2022-01-03,252,historical,0.99,-0.06773463741798452,-0.07329272877191435,-0.027588799339334558,0
2022-01-04,2021-01-05,2022-01-03,252,normal,0.99,-0.06228949758459314,-0.07190275033048489,-0.027588799339334558,0
2022-01-05,2021-01-06,2022-01-04,252,historical,0.95,-0.04038291093719569,-0.05413425488244393,-0.05756211985619708,1
2022-01-05,2021-01-06,2022-01-04,252,normal,0.95,-0.04322627620409662,-0.05509885369109521,-0.05756211985619708,1
2022-01-05,2021-01-06,2022-01-04,252,historical,0.99,-0.06773463741798452,-0.07329272877191435,-0.05756211985619708,0
2022-01-05,2021-01-06,2022-01-04,252,normal,0.99,-0.06258948187723092,-0.07221764643948603,-0.05756211985619708,0
2022-01-06,2021-01-07,2022-01-05,252,historical,0.95,-0.04038291093719569,-0.05402726709643267,0.0207939963690984,0
2022-01-06,2021-01-07,2022-01-05,252,normal,0.95,-0.04320093812180933,-0.05506848081598292,0.0207939963690984,0
2022-01-06,2021-01-07,2022-01-05,252,historical,0.99,-0.06773463741798452,-0.07329272877191435,0.0207939963690984,0
2022-01-06,2021-01-07,2022-01-05,252,normal,0.99,-0.06255593245843317,-0.07218001401395205,0.0207939963690984,0
2022-01-07,2021-01-08,2022-01-06,252,historical,0.95,-0.04038291093719569,-0.05402726709643267,-0.033039815428578034,0
2022-01-07,2021-01-08,2022-01-06,252,normal,0.95,-0.043040346915524254,-0.054829756762318126,-0.033039815428578034,0
2022-01-07,2021-01-08,2022-01-06,252,historical,0.99,-0.06773463741798452,-0.07329272877191435,-0.033039815428578034,0
2022-01-07,2021-01-08,2022-01-06,252,normal,0.99,-0.062267912949801975,-0.07182863202879769,-0.033039815428578034,0
2022-01-10,2021-01-11,2022-01-07,252,historical,0.95,-0.04038291093719569,-0.05402726709643267,0.00561529104901215,0
2022-01-10,2021-01-11,2022-01-07,252,normal,0.95,-0.04329659559062402,-0.0551228761488681,0.00561529104901215,0
2022-01-10,2021-01-11,2022-01-07,252,historical,0.99,-0.06773463741798452,-0.07329272877191435,0.00561529104901215,0
2022-01-10,2021-01-11,2022-01-07,252,normal,0.99,-0.06258429474847217,-0.0721749144347925,0.00561529104901215,0
2022-01-11,2021-01-12,2022-01-10,252,historical,0.95,-0.04038291093719569,-0.05402726709643267,0.015218835691327426,0
2022-01-11,2021-01-12,2022-01-10,252,normal,0.95,-0.04331805984610093,-0.05512927713550759,0.015218835691327426,0
2022-01-11,2021-01-12,2022-01-10,252,historical,0.99,-0.06773463741798452,-0.07329272877191435,0.015218835691327426,0
2022-01-11,2021-01-12,2022-01-10,252,normal,0.99,-0.06258119204088414,-0.07215959604519516,0.015218835691327426,0
2022-01-12,2021-01-13,2022-01-11,252,historical,0.95,-0.04038291093719569,-0.05402726709643267,0.006542719975055622,0
2022-01-12,2021-01-13,2022-01-11,252,normal,0.95,-0.043214104696196326,-0.05502437602384449,0.006542719975055622,0
2022-01-12,2021-01-13,2022-01-11,252,historical,0.99,-0.06773463741798452,-0.07329272877191435,0.006542719975055622,0
2022-01-12,2021-01-13,2022-01-11,252,normal,0.99,-0.06247569410449457,-0.07205333097332127,0.006542719975055622,0
2022-01-13,2021-01-14,2022-01-12,252,historical,0.95,-0.04038291093719569,-0.05402726709643267,-0.050858951129014174,1
2022-01-13,2021-01-14,2022-01-12,252,normal,0.95,-0.043203201337314596,-0.05501378462133158,-0.050858951129014174,1
2022-01-13,2021-01-14,2022-01-12,252,historical,0.99,-0.06773463741798452,-0.07329272877191435,-0.050858951129014174,0
2022-01-13,2021-01-14,2022-01-12,252,normal,0.99,-0.06246529952101036,-0.0720431893734254,-0.050858951129014174,0
2022-01-14,2021-01-15,2022-01-13,252,historical,0.95,-0.04219363293897082,-0.05471039040129942,0.013810017795010232,0
2022-01-14,2021-01-15,2022-01-13,252,normal,0.95,-0.04355719725201267,-0.05543113562175105,0.013810017795010232,0
2022-01-14,2021-01-15,2022-01-13,252,historical,0.99,-0.06773463741798452,-0.07329272877191435,0.013810017795010232,0
2022-01-14,2021-01-15,2022-01-13,252,normal,0.99,-0.06292262241391565,-0.07255189059524446,0.013810017795010232,0
2022-01-18,2021-01-19,2022-01-14,252,historical,0.95,-0.04219363293897082,-0.05471039040129942,-0.03856454813906662,0
2022-01-18,2021-01-19,2022-01-14,252,normal,0.95,-0.043315233553983694,-0.05516764794770937,-0.03856454813906662,0
2022-01-18,2021-01-19,2022-01-14,252,historical,0.99,-0.06773463741798452,-0.07329272877191435,-0.03856454813906662,0
2022-01-18,2021-01-19,2022-01-14,252,normal,0.99,-0.06264555486628921,-0.07225736800187826,-0.03856454813906662,0
2022-01-19,2021-01-20,2022-01-18,252,historical,0.95,-0.04219363293897082,-0.05471039040129942,-0.032274178364871564,0
2022-01-19,2021-01-20,2022-01-18,252,normal,0.95,-0.04371013011016873,-0.055610993742688526,-0.032274178364871564,0
2022-01-19,2021-01-20,2022-01-18,252,historical,0.99,-0.06773463741798452,-0.07329272877191435,-0.032274178364871564,0
2022-01-19,2021-01-20,2022-01-18,252,normal,0.99,-0.06311946817991422,-0.07277057162500318,-0.032274178364871564,0
2022-01-20,2021-01-21,2022-01-19,252,historical,0.95,-0.04219363293897082,-0.05471039040129942,-0.036581935528734455,0
2022-01-20,2021-01-21,2022-01-19,252,normal,0.95,-0.04402367807297664,-0.05594530668499741,-0.036581935528734455,0
2022-01-20,2021-01-21,2022-01-19,252,historical,0.99,-0.06773463741798452,-0.07329272877191435,-0.036581935528734455,0
2022-01-20,2021-01-21,2022-01-19,252,normal,0.99,-0.06346688213090508,-0.07313482510725726,-0.036581935528734455,0
2022-01-21,2021-01-22,2022-01-20,252,historical,0.95,-0.04219363293897082,-0.05471039040129942,-0.03213235410177673,0
2022-01-21,2021-01-22,2022-01-20,252,normal,0.95,-0.044356586887600594,-0.05628806599516467,-0.03213235410177673,0
2022-01-21,2021-01-22,2022-01-20,252,historical,0.99,-0.06773463741798452,-0.07329272877191435,-0.03213235410177673,0
2022-01-21,2021-01-22,2022-01-20,252,normal,0.99,-0.0638158563004527,-0.07349178761734967,-0.03213235410177673,0
2022-01-24,2021-01-25,2022-01-21,252,historical,0.95,-0.04219363293897082,-0.05471039040129942,-8.572040625898225e-05,0
2022-01-24,2021-01-25,2022-01-21,252,normal,0.95,-0.04455609608383966,-0.05651713369248467,-8.572040625898225e-05,0
2022-01-24,2021-01-25,2022-01-21,252,historical,0.99,-0.06773463741798452,-0.07329272877191435,-8.572040625898225e-05,0
2022-01-24,2021-01-25,2022-01-21,252,normal,0.99,-0.06406357300146032,-0.07376347502841857,-8.572040625898225e-05,0
2022-01-25,2021-01-26,2022-01-24,252,historical,0.95,-0.04219363293897082,-0.05471039040129942,-0.04483979564339091,1
2022-01-25,2021-01-26,2022-01-24,252,normal,0.95,-0.044534696280546834,-0.05649456669092829,-0.04483979564339091,1
2022-01-25,2021-01-26,2022-01-24,252,historical,0.99,-0.06773463741798452,-0.07329272877191435,-0.04483979564339091,0
2022-01-25,2021-01-26,2022-01-24,252,normal,0.99,-0.06404026959298462,-0.07373922507089145,-0.04483979564339091,0
2022-01-26,2021-01-27,2022-01-25,252,historical,0.95,-0.04320177670980581,-0.05489370092979781,0.020067945695956046,0
2022-01-26,2021-01-27,2022-01-25,252,normal,0.95,-0.04486619644067995,-0.05688117470434307,0.020067945695956046,0
2022-01-26,2021-01-27,2022-01-25,252,historical,0.99,-0.06773463741798452,-0.07329272877191435,0.020067945695956046,0
2022-01-26,2021-01-27,2022-01-25,252,normal,0.99,-0.06446164616777715,-0.07420529181348026,0.020067945695956046,0
2022-01-27,2021-01-28,2022-01-26,252,historical,0.95,-0.04320177670980581,-0.05489370092979781,-0.036360554617883234,0
2022-01-27,2021-01-28,2022-01-26,252,normal,0.95,-0.044476287379387046,-0.056451273229574536,-0.036360554617883234,0
2022-01-27,2021-01-28,2022-01-26,252,historical,0.99,-0.06773463741798452,-0.07329272877191435,-0.036360554617883234,0
2022-01-27,2021-01-28,2022-01-26,252,normal,0.99,-0.06400651274148503,-0.07371772620987814,-0.036360554617883234,0
2022-01-28,2021-01-29,2022-01-27,252,historical,0.95,-0.04320177670980581,-0.05489370092979781,0.040831451046637435,0
2022-01-28,2021-01-29,2022-01-27,252,normal,0.95,-0.044827633439614746,-0.05684482168052846,0.040831451046637435,0
2022-01-28,2021-01-29,2022-01-27,252,historical,0.99,-0.06773463741798452,-0.07329272877191435,0.040831451046637435,0
2022-01-28,2021-01-29,2022-01-27,252,normal,0.99,-0.06442668745938412,-0.0741721253043524,0.040831451046637435,0
2022-01-31,2021-02-01,2022-01-28,252,historical,0.95,-0.04320177670980581,-0.05489370092979781,0.07206655727096467,0
2022-01-31,2021-02-01,2022-01-28,252,normal,0.95,-0.044807519265548094,-0.05686549111402638,0.07206655727096467,0
2022-01-31,2021-02-01,2022-01-28,252,historical,0.99,-0.06773463741798452,-0.07329272877191435,0.07206655727096467,0
2022-01-31,2021-02-01,2022-01-28,252,normal,0.99,-0.06447308802335393,-0.07425159967099933,0.07206655727096467,0
2022-02-01,2021-02-02,2022-01-31,252,historical,0.95,-0.04320177670980581,-0.05489370092979781,0.006207548549888697,0
2022-02-01,2021-02-02,2022-01-31,252,normal,0.95,-0.0451096189593268,-0.05729779785352067,0.006207548549888697,0
2022-02-01,2021-02-02,2022-01-31,252,historical,0.99,-0.06773463741798452,-0.07329272877191435,0.006207548549888697,0
2022-02-01,2021-02-02,2022-01-31,252,normal,0.99,-0.06498754479031602,-0.07487164891480039,0.006207548549888697,0
2022-02-02,2021-02-03,2022-02-01,252,historical,0.95,-0.04320177670980581,-0.05489370092979781,0.02451506475962062,0
2022-02-02,2021-02-03,2022-02-01,252,normal,0.95,-0.0451310175245525,-0.05730653892920464,0.02451506475962062,0
2022-02-02,2021-02-03,2022-02-01,252,historical,0.99,-0.06773463741798452,-0.07329272877191435,0.02451506475962062,0
2022-02-02,2021-02-03,2022-02-01,252,normal,0.99,-0.06498830002231687,-0.07486213945133927,0.02451506475962062,0
2022-02-03,2021-02-04,2022-02-02,252,historical,0.95,-0.04320177670980581,-0.05489370092979781,-0.05126381723245643,1
2022-02-03,2021-02-04,2022-02-02,252,normal,0.95,-0.0450762377758713,-0.057264508389113455,-0.05126381723245643,1
2022-02-03,2021-02-04,2022-02-02,252,historical,0.99,-0.06773463741798452,-0.07329272877191435,-0.05126381723245643,0
2022-02-03,2021-02-04,2022-02-02,252,normal,0.99,-0.0649543131931486,-0.07483849169795109,-0.05126381723245643,0
2022-02-04,2021-02-05,2022-02-03,252,historical,0.95,-0.04422719456366084,-0.05544381347166124,0.015491932568236333,0
2022-02-04,2021-02-05,2022-02-03,252,normal,0.95,-0.045640244201724744,-0.05791015144499531,0.015491932568236333,0
2022-02-04,2021-02-05,2022-02-03,252,historical,0.99,-0.06773463741798452,-0.07329272877191435,0.015491932568236333,0
2022-02-04,2021-02-05,2022-02-03,252,normal,0.99,-0.06565146230511487,-0.07560184470785633,0.015491932568236333,0
2022-02-07,2021-02-08,2022-02-04,252,historical,0.95,-0.04422719456366084,-0.05544381347166124,0.01681815768708428,0
2022-02-07,2021-02-08,2022-02-04,252,normal,0.95,-0.045568502931272174,-0.057841206400041784,0.01681815768708428,0
2022-02-07,2021-02-08,2022-02-04,252,historical,0.99,-0.06773463741798452,-0.07329272877191435,0.01681815768708428,0
2022-02-07,2021-02-08,2022-02-04,252,normal,0.99,-0.0655842814504192,-0.07553693147527449,0.01681815768708428,0
2022-02-08,2021-02-09,2022-02-07,252,historical,0.95,-0.04422719456366084,-0.05544381347166124,0.015367034767588938,0
2022-02-08,2021-02-09,2022-02-07,252,normal,0.95,-0.04537226332937308,-0.05754918741284419,0.015367034767588938,0
2022-02-08,2021-02-09,2022-02-07,252,historical,0.99,-0.06773463741798452,-0.07329272877191435,0.015367034767588938,0
2022-02-08,2021-02-09,2022-02-07,252,normal,0.99,-0.0652318334819028,-0.07510681042487379,0.015367034767588938,0
2022-02-09,2021-02-10,2022-02-08,252,historical,0.95,-0.04422719456366084,-0.05544381347166124,0.06360536173394271,0
2022-02-09,2021-02-10,2022-02-08,252,normal,0.95,-0.045256802344413684,-0.05743213943126922,0.06360536173394271,0
2022-02-09,2021-02-10,2022-02-08,252,historical,0.99,-0.06773463741798452,-0.07329272877191435,0.06360536173394271,0
2022-02-09,2021-02-10,2022-02-08,252,normal,0.99,-0.06511378423488291,-0.07498747418986908,0.06360536173394271,0
2022-02-10,2021-02-11,2022-02-09,252,historical,0.95,-0.04422719456366084,-0.05544381347166124,-0.0329901832094579,0
2022-02-10,2021-02-11,2022-02-09,252,normal,0.95,-0.04544159969862865,-0.05769259351386074,-0.0329901832094579,0
2022-02-10,2021-02-11,2022-02-09,252,historical,0.99,-0.06773463741798452,-0.07329272877191435,-0.0329901832094579,0
2022-02-10,2021-02-11,2022-02-09,252,normal,0.99,-0.06542197154327724,-0.07535701594567375,-0.0329901832094579,0
2022-02-11,2021-02-12,2022-02-10,252,historical,0.95,-0.04422719456366084,-0.05544381347166124,-0.07260688544070426,1
2022-02-11,2021-02-12,2022-02-10,252,normal,0.95,-0.045742633845344674,-0.05800362731143883,-0.07260688544070426,1
2022-02-11,2021-02-12,2022-02-10,252,historical,0.99,-0.06773463741798452,-0.07329272877191435,-0.07260688544070426,1
2022-02-11,2021-02-12,2022-02-10,252,normal,0.99,-0.0657393143050782,-0.07568246800675454,-0.07260688544070426,1
2022-02-14,2021-02-16,2022-02-11,252,historical,0.95,-0.044474536544805175,-0.05761606965767553,0.013278474523902517,0
2022-02-14,2021-02-16,2022-02-11,252,normal,0.95,-0.046529384727624225,-0.05893618622609207,0.013278474523902517,0
2022-02-14,2021-02-16,2022-02-11,252,historical,0.99,-0.0688336915336491,-0.07481975840588573,0.013278474523902517,0
2022-02-14,2021-02-16,2022-02-11,252,normal,0.99,-0.06676386619752077,-0.07682526412474375,0.013278474523902517,0
2022-02-15,2021-02-17,2022-02-14,252,historical,0.95,-0.044474536544805175,-0.05761606965767553,0.09181162612580018,0
2022-02-15,2021-02-17,2022-02-14,252,normal,0.95,-0.04653261875595389,-0.05892876412716405,0.09181162612580018,0
2022-02-15,2021-02-17,2022-02-14,252,historical,0.99,-0.0688336915336491,-0.07481975840588573,0.09181162612580018,0
2022-02-15,2021-02-17,2022-02-14,252,normal,0.99,-0.06674972095129983,-0.07680247720429952,0.09181162612580018,0
2022-02-16,2021-02-18,2022-02-15,252,historical,0.95,-0.044474536544805175,-0.05761606965767553,0.0006038265337660054,0
2022-02-16,2021-02-18,2022-02-15,252,normal,0.95,-0.04683276559045778,-0.05942561357213196,0.0006038265337660054,0
2022-02-16,2021-02-18,2022-02-15,252,historical,0.99,-0.0688336915336491,-0.07481975840588573,0.0006038265337660054,0
2022-02-16,2021-02-18,2022-02-15,252,normal,0.99,-0.06737067370238149,-0.07758294755848352,0.0006038265337660054,0
2022-02-17,2021-02-19,2022-02-16,252,historical,0.95,-0.044474536544805175,-0.05761606965767553,-0.0755910760722851,1
2022-02-17,2021-02-19,2022-02-16,252,normal,0.95,-0.046803560153456894,-0.05939480495819934,-0.0755910760722851,1
2022-02-17,2021-02-19,2022-02-16,252,historical,0.99,-0.0688336915336491,-0.07481975840588573,-0.0755910760722851,1
2022-02-17,2021-02-19,2022-02-16,252,normal,0.99,-0.06733885361454398,-0.07754982736110046,-0.0755910760722851,1
2022-02-18,2021-02-22,2022-02-17,252,historical,0.95,-0.04471081849581707,-0.05999959152948891,-0.03529614158194172,0
2022-02-18,2021-02-22,2022-02-17,252,normal,0.95,-0.04778828632806267,-0.060546860107669055,-0.03529614158194172,0
2022-02-18,2021-02-22,2022-02-17,252,historical,0.99,-0.07111140040149962,-0.0767919298185072,-0.03529614158194172,0
2022-02-18,2021-02-22,2022-02-17,252,normal,0.99,-0.06859647970148246,-0.0789431502592653,-0.03529614158194172,0
2022-02-22,2021-02-23,2022-02-18,252,historical,0.95,-0.04471081849581707,-0.05999959152948891,-0.010658973061172805,0
2022-02-22,2021-02-23,2022-02-18,252,normal,0.95,-0.047751860691055525,-0.060504145782564425,-0.010658973061172805,0
2022-02-22,2021-02-23,2022-02-18,252,historical,0.99,-0.07111140040149962,-0.0767919298185072,-0.010658973061172805,0
2022-02-22,2021-02-23,2022-02-18,252,normal,0.99,-0.06854979772703053,-0.07889136842137177,-0.010658973061172805,0
2022-02-23,2021-02-24,2022-02-22,252,historical,0.95,-0.04471081849581707,-0.05999959152948891,-0.04288174400166933,0
2022-02-23,2021-02-24,2022-02-22,252,normal,0.95,-0.04772123623896465,-0.06047000634679066,-0.04288174400166933,0
2022-02-23,2021-02-24,2022-02-22,252,historical,0.99,-0.07111140040149962,-0.0767919298185072,-0.04288174400166933,0
2022-02-23,2021-02-24,2022-02-22,252,normal,0.99,-0.06851344062319961,-0.07885216081255407,-0.04288174400166933,0
2022-02-24,2021-02-25,2022-02-23,252,historical,0.95,-0.04471081849581707,-0.05999959152948891,0.0607944097440678,0
2022-02-24,2021-02-25,2022-02-23,252,normal,0.95,-0.048154416810845514,-0.060944555277264084,0.0607944097440678,0
2022-02-24,2021-02-25,2022-02-23,252,historical,0.99,-0.07111140040149962,-0.0767919298185072,0.0607944097440678,0
2022-02-24,2021-02-25,2022-02-23,252,normal,0.99,-0.06901408961435718,-0.07938635781505424,0.0607944097440678,0
2022-02-25,2021-02-26,2022-02-24,252,historical,0.95,-0.044474536544805175,-0.05710939643688729,0.01722261750134635,0
2022-02-25,2021-02-26,2022-02-24,252,normal,0.95,-0.04718237555062016,-0.0598697061482325,0.01722261750134635,0
2022-02-25,2021-02-26,2022-02-24,252,historical,0.99,-0.0688336915336491,-0.07262417444913667,0.01722261750134635,0
2022-02-25,2021-02-26,2022-02-24,252,normal,0.99,-0.06787437710408595,-0.07816327241627206,0.01722261750134635,0
2022-02-28,2021-03-01,2022-02-25,252,historical,0.95,-0.044474536544805175,-0.05710939643688729,0.009438096046143096,0
2022-02-28,2021-03-01,2022-02-25,252,normal,0.95,-0.047174309195943516,-0.05984612087322317,0.009438096046143096,0
2022-02-28,2021-03-01,2022-02-25,252,historical,0.99,-0.0688336915336491,-0.07262417444913667,0.009438096046143096,0
2022-02-28,2021-03-01,2022-02-25,252,normal,0.99,-0.06784100065591393,-0.07811731077175534,0.009438096046143096,0
2022-03-01,2021-03-02,2022-02-28,252,historical,0.95,-0.044474536544805175,-0.05710939643688729,-0.037236093288304684,0
2022-03-01,2021-03-02,2022-02-28,252,normal,0.95,-0.047173905536051254,-0.05984577544782843,-0.037236093288304684,0
2022-03-01,2021-03-02,2022-02-28,252,historical,0.99,-0.0688336915336491,-0.07262417444913667,-0.037236093288304684,0
2022-03-01,2021-03-02,2022-02-28,252,normal,0.99,-0.06784069197173812,-0.07811704931332523,-0.037236093288304684,0
2022-03-02,2021-03-03,2022-03-01,252,historical,0.95,-0.044474536544805175,-0.05710939643688729,0.031823975902542934,0
2022-03-02,2021-03-03,2022-03-01,252,normal,0.95,-0.047243012052568256,-0.05992661767169376,0.031823975902542934,0
2022-03-02,2021-03-03,2022-03-01,252,historical,0.99,-0.0688336915336491,-0.07262417444913667,0.031823975902542934,0
2022-03-02,2021-03-03,2022-03-01,252,normal,0.99,-0.06792893846989384,-0.07821481298007622,0.031823975902542934,0
2022-03-03,2021-03-04,2022-03-02,252,historical,0.95,-0.04422719456366084,-0.05707095925736452,-0.020892005099051758,0
2022-03-03,2021-03-04,2022-03-02,252,normal,0.95,-0.04678349344196492,-0.05942767494782873,-0.020892005099051758,0
2022-03-03,2021-03-04,2022-03-02,252,historical,0.99,-0.0688336915336491,-0.07262417444913667,-0.020892005099051758,0
2022-03-03,2021-03-04,2022-03-02,252,normal,0.99,-0.06740512234559534,-0.07765902554620992,-0.020892005099051758,0
2022-03-04,2021-03-05,2022-03-03,252,historical,0.95,-0.04422719456366084,-0.05707095925736452,-0.03280744644654243,0
2022-03-04,2021-03-05,2022-03-03,252,normal,0.95,-0.04664573564849856,-0.059268067645446454,-0.03280744644654243,0
2022-03-04,2021-03-05,2022-03-03,252,historical,0.99,-0.0688336915336491,-0.07262417444913667,-0.03280744644654243,0
2022-03-04,2021-03-05,2022-03-03,252,normal,0.99,-0.0672317297849136,-0.07746791394619765,-0.03280744644654243,0
2022-03-07,2021-03-08,2022-03-04,252,historical,0.95,-0.04422719456366084,-0.05707095925736452,-0.06906177711247552,1
2022-03-07,2021-03-08,2022-03-04,252,normal,0.95,-0.046941668772596194,-0.059598670233385644,-0.06906177711247552,1
2022-03-07,2021-03-08,2022-03-04,252,historical,0.99,-0.0688336915336491,-0.07262417444913667,-0.06906177711247552,1
2022-03-07,2021-03-08,2022-03-04,252,normal,0.99,-0.06758420597724357,-0.0778485056259622,-0.06906177711247552,1
2022-03-08,2021-03-09,2022-03-07,252,historical,0.95,-0.04422719456366084,-0.057023821971061046,0.0075870252951670825,0
2022-03-08,2021-03-09,2022-03-07,252,normal,0.95,-0.046929657577144616,-0.059584225455910245,0.0075870252951670825,0
2022-03-08,2021-03-09,2022-03-07,252,historical,0.99,-0.06853342701989598,-0.07241991287515497,0.0075870252951670825,0
2022-03-08,2021-03-09,2022-03-07,252,normal,0.99,-0.06756822580796966,-0.07783055192328941,0.0075870252951670825,0
2022-03-09,2021-03-10,2022-03-08,252,historical,0.95,-0.04422719456366084,-0.057023821971061046,0.06972217385436719,0
2022-03-09,2021-03-10,2022-03-08,252,normal,0.95,-0.046565172610001294,-0.05905381149475851,0.06972217385436719,0
2022-03-09,2021-03-10,2022-03-08,252,historical,0.99,-0.06853342701989598,-0.07241991287515497,0.06972217385436719,0
2022-03-09,2021-03-10,2022-03-08,252,normal,0.99,-0.0669331241831006,-0.07706088881320691,0.06972217385436719,0
2022-03-10,2021-03-11,2022-03-09,252,historical,0.95,-0.04422719456366084,-0.057023821971061046,-0.015468973259424312,0
2022-03-10,2021-03-11,2022-03-09,252,normal,0.95,-0.04675627592016539,-0.05936793619966958,-0.015468973259424312,0
2022-03-10,2021-03-11,2022-03-09,252,historical,0.99,-0.06853342701989598,-0.07241991287515497,-0.015468973259424312,0
2022-03-10,2021-03-11,2022-03-09,252,normal,0.99,-0.06732486535570782,-0.07755239519977875,-0.015468973259424312,0
2022-03-11,2021-03-12,2022-03-10,252,historical,0.95,-0.04422719456366084,-0.057023821971061046,-0.024626805241893868,0
2022-03-11,2021-03-12,2022-03-10,252,normal,0.95,-0.04685265752245441,-0.05943074062504709,-0.024626805241893868,0
2022-03-11,2021-03-12,2022-03-10,252,historical,0.99,-0.06853342701989598,-0.07241991287515497,-0.024626805241893868,0
2022-03-11,2021-03-12,2022-03-10,252,normal,0.99,-0.06736648532067142,-0.0775667854763959,-0.024626805241893868,0
2022-03-14,2021-03-15,2022-03-11,252,historical,0.95,-0.04422719456366084,-0.057023821971061046,-0.034841872156573306,0
2022-03-14,2021-03-15,2022-03-11,252,normal,0.95,-0.046970226928953945,-0.05956401882300413,-0.034841872156573306,0
2022-03-14,2021-03-15,2022-03-11,252,historical,0.99,-0.06853342701989598,-0.07241991287515497,-0.034841872156573306,0
2022-03-14,2021-03-15,2022-03-11,252,normal,0.99,-0.06750967448498692,-0.07772271381460961,-0.034841872156573306,0
2022-03-15,2021-03-16,2022-03-14,252,historical,0.95,-0.04422719456366084,-0.057023821971061046,0.07702768054180553,0
2022-03-15,2021-03-16,2022-03-14,252,normal,0.95,-0.04730282191043413,-0.0599196941207826,0.07702768054180553,0
2022-03-15,2021-03-16,2022-03-14,252,historical,0.99,-0.06853342701989598,-0.07241991287515497,0.07702768054180553,0
2022-03-15,2021-03-16,2022-03-14,252,normal,0.99,-0.06787991158015083,-0.07811166808249465,0.07702768054180553,0
2022-03-16,2021-03-17,2022-03-15,252,historical,0.95,-0.04422719456366084,-0.057023821971061046,0.06629531691988122,0
2022-03-16,2021-03-17,2022-03-15,252,normal,0.95,-0.04762360938086652,-0.06039198383757881,0.06629531691988122,0
2022-03-16,2021-03-17,2022-03-15,252,historical,0.99,-0.06853342701989598,-0.07241991287515497,0.06629531691988122,0
2022-03-16,2021-03-17,2022-03-15,252,normal,0.99,-0.06844778685940124,-0.07880240535705646,0.06629531691988122,0
2022-03-17,2021-03-18,2022-03-16,252,historical,0.95,-0.04422719456366084,-0.057023821971061046,0.011022186667734246,0
2022-03-17,2021-03-18,2022-03-16,252,normal,0.95,-0.04780634467116292,-0.06068418099495444,0.011022186667734246,0
2022-03-17,2021-03-18,2022-03-16,252,historical,0.99,-0.06853342701989598,-0.07241991287515497,0.011022186667734246,0
2022-03-17,2021-03-18,2022-03-16,252,normal,0.99,-0.06880904552829353,-0.07925243302919888,0.011022186667734246,0
2022-03-18,2021-03-19,2022-03-17,252,historical,0.95,-0.043435518585622473,-0.05684951008904214,0.06811734139064396,0
2022-03-18,2021-03-19,2022-03-17,252,normal,0.95,-0.04732555004067721,-0.06013911047641351,0.06811734139064396,0
2022-03-18,2021-03-19,2022-03-17,252,historical,0.99,-0.06853342701989598,-0.07241991287515497,0.06811734139064396,0
2022-03-18,2021-03-19,2022-03-17,252,normal,0.99,-0.06822342216608554,-0.0786146846058356,0.06811734139064396,0
2022-03-21,2021-03-22,2022-03-18,252,historical,0.95,-0.043435518585622473,-0.05684951008904214,0.010622701128537582,0
2022-03-21,2021-03-22,2022-03-18,252,normal,0.95,-0.0475371737158986,-0.060463398201597275,0.010622701128537582,0
2022-03-21,2021-03-22,2022-03-18,252,historical,0.99,-0.06853342701989598,-0.07241991287515497,0.010622701128537582,0
2022-03-21,2021-03-22,2022-03-18,252,normal,0.99,-0.06861879171904733,-0.07910141999864773,0.010622701128537582,0
2022-03-22,2021-03-23,2022-03-21,252,historical,0.95,-0.043435518585622473,-0.05684951008904214,-0.007854897239653269,0
2022-03-22,2021-03-23,2022-03-21,252,normal,0.95,-0.04754886216258793,-0.060462043428793896,-0.007854897239653269,0
2022-03-22,2021-03-23,2022-03-21,252,historical,0.99,-0.06853342701989598,-0.07241991287515497,-0.007854897239653269,0
2022-03-22,2021-03-23,2022-03-21,252,normal,0.99,-0.06860920773841803,-0.07908125851167365,-0.007854897239653269,0
2022-03-23,2021-03-24,2022-03-22,252,historical,0.95,-0.043435518585622473,-0.05684951008904214,-0.03355450232860324,0
2022-03-23,2021-03-24,2022-03-22,252,normal,0.95,-0.04754305301147447,-0.06045566980952265,-0.03355450232860324,0
2022-03-23,2021-03-24,2022-03-22,252,historical,0.99,-0.06853342701989598,-0.07241991287515497,-0.03355450232860324,0
2022-03-23,2021-03-24,2022-03-22,252,normal,0.99,-0.06860247798577158,-0.07907407099892251,-0.03355450232860324,0
2022-03-24,2021-03-25,2022-03-23,252,historical,0.95,-0.043435518585622473,-0.05684951008904214,0.09815076046821924,0
2022-03-24,2021-03-25,2022-03-23,252,normal,0.95,-0.04755274163885686,-0.06046698438470437,0.09815076046821924,0
2022-03-24,2021-03-25,2022-03-23,252,historical,0.99,-0.06853342701989598,-0.07241991287515497,0.09815076046821924,0
2022-03-24,2021-03-25,2022-03-23,252,normal,0.99,-0.0686148184014187,-0.07908772999033795,0.09815076046821924,0
2022-03-25,2021-03-26,2022-03-24,252,historical,0.95,-0.043435518585622473,-0.05684951008904214,-0.01627012393958749,0
2022-03-25,2021-03-26,2022-03-24,252,normal,0.95,-0.04805560396682782,-0.061205130986408236,-0.01627012393958749,0
2022-03-25,2021-03-26,2022-03-24,252,historical,0.99,-0.06853342701989598,-0.07241991287515497,-0.01627012393958749,0
2022-03-25,2021-03-26,2022-03-24,252,normal,0.99,-0.06950141019242609,-0.08016512750225065,-0.01627012393958749,0
2022-03-28,2021-03-29,2022-03-25,252,historical,0.95,-0.043435518585622473,-0.05684951008904214,0.019030929002934904,0
2022-03-28,2021-03-29,2022-03-25,252,normal,0.95,-0.04821332284673849,-0.061362066888780584,0.019030929002934904,0
2022-03-28,2021-03-29,2022-03-25,252,historical,0.99,-0.06853342701989598,-0.07241991287515497,0.019030929002934904,0
2022-03-28,2021-03-29,2022-03-25,252,normal,0.99,-0.06965785209982354,-0.0803209344475604,0.019030929002934904,0
2022-03-29,2021-03-30,2022-03-28,252,historical,0.95,-0.043435518585622473,-0.05684951008904214,0.01548588811507945,0
2022-03-29,2021-03-30,2022-03-28,252,normal,0.95,-0.04819386566973406,-0.06134829382341812,0.01548588811507945,0
2022-03-29,2021-03-30,2022-03-28,252,historical,0.99,-0.06853342701989598,-0.07241991287515497,0.01548588811507945,0
2022-03-29,2021-03-30,2022-03-28,252,normal,0.99,-0.06964766524536808,-0.08031535717028723,0.01548588811507945,0
2022-03-30,2021-03-31,2022-03-29,252,historical,0.95,-0.043435518585622473,-0.05684951008904214,-0.033710093211745784,0
2022-03-30,2021-03-31,2022-03-29,252,normal,0.95,-0.04811413421420936,-0.06126987423783105,-0.033710093211745784,0
2022-03-30,2021-03-31,2022-03-29,252,historical,0.99,-0.06853342701989598,-0.07241991287515497,-0.033710093211745784,0
2022-03-30,2021-03-31,2022-03-29,252,normal,0.99,-0.06957007334272876,-0.08023882913938575,-0.033710093211745784,0
2022-03-31,2021-04-01,2022-03-30,252,historical,0.95,-0.043435518585622473,-0.05684951008904214,-0.01459029381789656,0
2022-03-31,2021-04-01,2022-03-30,252,normal,0.95,-0.048422432088651254,-0.06158519030283487,-0.01459029381789656,0
2022-03-31,2021-04-01,2022-03-30,252,historical,0.99,-0.06853342701989598,-0.07241991287515497,-0.01459029381789656,0
2022-03-31,2021-04-01,2022-03-30,252,normal,0.99,-0.069889817313644,-0.0805642645697784,-0.01459029381789656,0
2022-04-01,2021-04-05,2022-03-31,252,historical,0.95,-0.043435518585622473,-0.05684951008904214,-0.021036477663578745,0
2022-04-01,2021-04-05,2022-03-31,252,normal,0.95,-0.0485485886419466,-0.061693682674005906,-0.021036477663578745,0
2022-04-01,2021-04-05,2022-03-31,252,historical,0.99,-0.06853342701989598,-0.07241991287515497,-0.021036477663578745,0
2022-04-01,2021-04-05,2022-03-31,252,normal,0.99,-0.06998716502640788,-0.08064728736846724,-0.021036477663578745,0
2022-04-04,2021-04-06,2022-04-01,252,historical,0.95,-0.043435518585622473,-0.05684951008904214,0.024258991627643445,0
2022-04-04,2021-04-06,2022-04-01,252,normal,0.95,-0.048733767397127904,-0.06189186971124072,0.024258991627643445,0
2022-04-04,2021-04-06,2022-04-01,252,historical,0.99,-0.06853342701989598,-0.07241991287515497,0.024258991627643445,0
2022-04-04,2021-04-06,2022-04-01,252,normal,0.99,-0.07019355922879363,-0.08086423074439349,0.024258991627643445,0
2022-04-05,2021-04-07,2022-04-04,252,historical,0.95,-0.043435518585622473,-0.05684951008904214,-0.05222977393352479,1
2022-04-05,2021-04-07,2022-04-04,252,normal,0.95,-0.048632884798849176,-0.06179889539452307,-0.05222977393352479,1
2022-04-05,2021-04-07,2022-04-04,252,historical,0.99,-0.06853342701989598,-0.07241991287515497,-0.05222977393352479,0
2022-04-05,2021-04-07,2022-04-04,252,normal,0.99,-0.07010557439282102,-0.08078265919452983,-0.05222977393352479,0
2022-04-06,2021-04-08,2022-04-05,252,historical,0.95,-0.04422719456366084,-0.05747392699252621,-0.05877107347056287,1
2022-04-06,2021-04-08,2022-04-05,252,normal,0.95,-0.04920676280666168,-0.06244540002780693,-0.05877107347056287,1
2022-04-06,2021-04-08,2022-04-05,252,historical,0.99,-0.06853342701989598,-0.07241991287515497,-0.05877107347056287,0
2022-04-06,2021-04-08,2022-04-05,252,normal,0.99,-0.07079790050407928,-0.08153388246627452,-0.05877107347056287,0
2022-04-07,2021-04-09,2022-04-06,252,historical,0.95,-0.044474536544805175,-0.058581889950068085,-0.008153617483608211,0
2022-04-07,2021-04-09,2022-04-06,252,normal,0.95,-0.0498695497967535,-0.06320494813441074,-0.008153617483608211,0
2022-04-07,2021-04-09,2022-04-06,252,historical,0.99,-0.06853342701989598,-0.07241991287515497,-0.008153617483608211,0
2022-04-07,2021-04-09,2022-04-06,252,normal,0.99,-0.07161849698433745,-0.08243294817143564,-0.008153617483608211,0
2022-04-08,2021-04-12,2022-04-07,252,historical,0.95,-0.044474536544805175,-0.058581889950068085,-0.04498510878753603,1
2022-04-08,2021-04-12,2022-04-07,252,normal,0.95,-0.04993572111352908,-0.0632738658283341,-0.04498510878753603,0
2022-04-08,2021-04-12,2022-04-07,252,historical,0.99,-0.06853342701989598,-0.07241991287515497,-0.04498510878753603,0
2022-04-08,2021-04-12,2022-04-07,252,normal,0.99,-0.07168914741827409,-0.08250582580255485,-0.04498510878753603,0
2022-04-11,2021-04-13,2022-04-08,252,historical,0.95,-0.04471081849581707,-0.05861110664613153,-0.05199184551443237,1
2022-04-11,2021-04-13,2022-04-08,252,normal,0.95,-0.05027004164969412,-0.06359113247924023,-0.05199184551443237,1
2022-04-11,2021-04-13,2022-04-08,252,historical,0.99,-0.06853342701989598,-0.07241991287515497,-0.05199184551443237,0
2022-04-11,2021-04-13,2022-04-08,252,normal,0.99,-0.07199565445832544,-0.082798502853804,-0.05199184551443237,0
2022-04-12,2021-04-14,2022-04-11,252,historical,0.95,-0.04490518655825621,-0.05916126432851934,-0.0188437752948567,0
2022-04-12,2021-04-14,2022-04-11,252,normal,0.95,-0.05081228920421005,-0.06418753390846771,-0.0188437752948567,0
2022-04-12,2021-04-14,2022-04-11,252,historical,0.99,-0.06853342701989598,-0.07241991287515497,-0.0188437752948567,0
2022-04-12,2021-04-14,2022-04-11,252,normal,0.99,-0.07262622256624987,-0.08347298749274096,-0.0188437752948567,0
2022-04-13,2021-04-15,2022-04-12,252,historical,0.95,-0.04490518655825621,-0.05916126432851934,0.03250548733160041,0
2022-04-13,2021-04-15,2022-04-12,252,normal,0.95,-0.05075149355090764,-0.06411817568459129,0.03250548733160041,0
2022-04-13,2021-04-15,2022-04-12,252,historical,0.99,-0.06853342701989598,-0.07241991287515497,0.03250548733160041,0
2022-04-13,2021-04-15,2022-04-12,252,normal,0.99,-0.07255146205861848,-0.08339128309793319,0.03250548733160041,0
2022-04-14,2021-04-16,2022-04-13,252,historical,0.95,-0.04490518655825621,-0.05916126432851934,-0.04256182831338373,0
2022-04-14,2021-04-16,2022-04-13,252,normal,0.95,-0.050637848323561885,-0.06395166270662618,-0.04256182831338373,0
2022-04-14,2021-04-16,2022-04-13,252,historical,0.99,-0.06853342701989598,-0.07241991287515497,-0.04256182831338373,0
2022-04-14,2021-04-16,2022-04-13,252,normal,0.99,-0.07235159384137525,-0.08314854134260974,-0.04256182831338373,0
2022-04-18,2021-04-19,2022-04-14,252,historical,0.95,-0.04490518655825621,-0.05916126432851934,0.024696822532022766,0
2022-04-18,2021-04-19,2022-04-14,252,normal,0.95,-0.050927617929347566,-0.06428617898642404,0.024696822532022766,0
2022-04-18,2021-04-19,2022-04-14,252,historical,0.99,-0.06853342701989598,-0.07241991287515497,0.024696822532022766,0
2022-04-18,2021-04-19,2022-04-14,252,normal,0.99,-0.07271434162338554,-0.0835475768086949,0.024696822532022766,0
2022-04-19,2021-04-20,2022-04-18,252,historical,0.95,-0.04490518655825621,-0.05916126432851934,0.019051480884072935,0
2022-04-19,2021-04-20,2022-04-18,252,normal,0.95,-0.0506103636569378,-0.06394811776038424,0.019051480884072935,0
2022-04-19,2021-04-20,2022-04-18,252,historical,0.99,-0.06853342701989598,-0.07241991287515497,0.019051480884072935,0
2022-04-19,2021-04-20,2022-04-18,252,normal,0.99,-0.07236315290641132,-0.08317951452119157,0.019051480884072935,0
2022-04-20,2021-04-21,2022-04-19,252,historical,0.95,-0.04490518655825621,-0.05916126432851934,-0.03225528971911662,0
2022-04-20,2021-04-21,2022-04-19,252,normal,0.95,-0.0504944035168756,-0.06383440606653501,-0.03225528971911662,0
2022-04-20,2021-04-21,2022-04-19,252,historical,0.99,-0.06853342701989598,-0.07241991287515497,-0.03225528971911662,0
2022-04-20,2021-04-21,2022-04-19,252,normal,0.99,-0.07225085979876178,-0.08306904480952926,-0.03225528971911662,0
2022-04-21,2021-04-22,2022-04-20,252,historical,0.95,-0.04490518655825621,-0.05916126432851934,-0.06046931850489723,1
2022-04-21,2021-04-22,2022-04-20,252,normal,0.95,-0.050780305860133074,-0.06414784722824492,-0.06046931850489723,1
2022-04-21,2021-04-22,2022-04-20,252,historical,0.99,-0.06853342701989598,-0.07241991287515497,-0.06046931850489723,0
2022-04-21,2021-04-22,2022-04-20,252,normal,0.99,-0.07258167570912578,-0.08342219355168153,-0.06046931850489723,0
2022-04-22,2021-04-23,2022-04-21,252,historical,0.95,-0.046653801529530095,-0.06035235738370097,-0.03309700994004394,0
2022-04-22,2021-04-23,2022-04-21,252,normal,0.95,-0.05115920939357879,-0.06459553611042257,-0.03309700994004394,0
2022-04-22,2021-04-23,2022-04-21,252,historical,0.99,-0.06853342701989598,-0.07241991287515497,-0.03309700994004394,0
2022-04-22,2021-04-23,2022-04-21,252,normal,0.99,-0.07307276253691117,-0.08396906242492319,-0.03309700994004394,0
2022-04-25,2021-04-26,2022-04-22,252,historical,0.95,-0.046653801529530095,-0.06035235738370097,0.019831013892112503,0
2022-04-25,2021-04-26,2022-04-22,252,normal,0.95,-0.05145349051785382,-0.06490303941732926,0.019831013892112503,0
2022-04-25,2021-04-26,2022-04-22,252,historical,0.99,-0.06853342701989598,-0.07241991287515497,0.019831013892112503,0
2022-04-25,2021-04-26,2022-04-22,252,normal,0.99,-0.07338860796279008,-0.08429563048877936,0.019831013892112503,0
2022-04-26,2021-04-27,2022-04-25,252,historical,0.95,-0.046653801529530095,-0.06035235738370097,-0.05597437946662065,1
2022-04-26,2021-04-27,2022-04-25,252,normal,0.95,-0.051448558195256906,-0.06490279601800755,-0.05597437946662065,1
2022-04-26,2021-04-27,2022-04-25,252,historical,0.99,-0.06853342701989598,-0.07241991287515497,-0.05597437946662065,0
2022-04-26,2021-04-27,2022-04-25,252,normal,0.99,-0.07339132289167351,-0.08430214793863709,-0.05597437946662065,0
2022-04-27,2021-04-28,2022-04-26,252,historical,0.95,-0.0496678511925273,-0.06091243927491362,-0.01985290924626082,0
2022-04-27,2021-04-28,2022-04-26,252,normal,0.95,-0.05197420678593747,-0.06551182182028654,-0.01985290924626082,0
2022-04-27,2021-04-28,2022-04-26,252,historical,0.99,-0.06853342701989598,-0.07241991287515497,-0.01985290924626082,0
2022-04-27,2021-04-28,2022-04-26,252,normal,0.99,-0.07405295291506328,-0.08503139339893523,-0.01985290924626082,0
2022-04-28,2021-04-29,2022-04-27,252,historical,0.95,-0.0496678511925273,-0.06091243927491362,0.0742328767422471,0
2022-04-28,2021-04-29,2022-04-27,252,normal,0.95,-0.05206443213274326,-0.06561183592162834,0.0742328767422471,0
2022-04-28,2021-04-29,2022-04-27,252,historical,0.99,-0.06853342701989598,-0.07241991287515497,0.0742328767422471,0
2022-04-28,2021-04-29,2022-04-27,252,normal,0.99,-0.07415914292224478,-0.08514552167728279,0.0742328767422471,0
2022-04-29,2021-04-30,2022-04-28,252,historical,0.95,-0.0496678511925273,-0.06091243927491362,-0.062430487032249404,1
2022-04-29,2021-04-30,2022-04-28,252,normal,0.95,-0.05231539967111854,-0.06599822575701174,-0.062430487032249404,1
2022-04-29,2021-04-30,2022-04-28,252,historical,0.99,-0.06853342701989598,-0.07241991287515497,-0.062430487032249404,0
2022-04-29,2021-04-30,2022-04-28,252,normal,0.99,-0.07463097318335808,-0.08572717376625283,-0.062430487032249404,0
2022-05-02,2021-05-03,2022-04-29,252,historical,0.95,-0.05104114087556318,-0.06180255742131632,0.05316226089957388,0
2022-05-02,2021-05-03,2022-04-29,252,normal,0.95,-0.05284022392664356,-0.06661417853008603,0.05316226089957388,0
2022-05-02,2021-05-03,2022-04-29,252,historical,0.99,-0.06853342701989598,-0.07241991287515497,0.05316226089957388,0
2022-05-02,2021-05-03,2022-04-29,252,normal,0.99,-0.07530442061947945,-0.08647452262472663,0.05316226089957388,0
2022-05-03,2021-05-04,2022-05-02,252,historical,0.95,-0.05104114087556318,-0.06180255742131632,0.003532406869500404,0
2022-05-03,2021-05-04,2022-05-02,252,normal,0.95,-0.05283140572941908,-0.06666831534706212,0.003532406869500404,0
2022-05-03,2021-05-04,2022-05-02,252,historical,0.99,-0.06853342701989598,-0.07241991287515497,0.003532406869500404,0
2022-05-03,2021-05-04,2022-05-02,252,normal,0.99,-0.07539827691643754,-0.08661943280930147,0.003532406869500404,0
2022-05-04,2021-05-05,2022-05-03,252,historical,0.95,-0.05104114087556318,-0.06180255742131632,0.037342958324857456,0
2022-05-04,2021-05-05,2022-05-03,252,normal,0.95,-0.05257043630938943,-0.06637759799890067,0.037342958324857456,0
2022-05-04,2021-05-05,2022-05-03,252,historical,0.99,-0.06853342701989598,-0.07241991287515497,0.037342958324857456,0
2022-05-04,2021-05-05,2022-05-03,252,normal,0.99,-0.0750887910515671,-0.08628582261694166,0.037342958324857456,0
2022-05-05,2021-05-06,2022-05-04,252,historical,0.95,-0.05104114087556318,-0.06180255742131632,-0.0732761884740537,1
2022-05-05,2021-05-06,2022-05-04,252,normal,0.95,-0.05257361848437758,-0.06641170024168926,-0.0732761884740537,1
2022-05-05,2021-05-06,2022-05-04,252,historical,0.99,-0.06853342701989598,-0.07241991287515497,-0.0732761884740537,1
2022-05-05,2021-05-06,2022-05-04,252,normal,0.99,-0.07514240133560762,-0.08636450778479614,-0.0732761884740537,0
2022-05-06,2021-05-07,2022-05-05,252,historical,0.95,-0.0515914299593456,-0.06349581674759304,-0.008968275795341096,0
2022-05-06,2021-05-07,2022-05-05,252,normal,0.95,-0.05343540579377198,-0.06741404953929943,-0.008968275795341096,0
2022-05-06,2021-05-07,2022-05-05,252,historical,0.99,-0.0707988801933076,-0.07382471666234769,-0.008968275795341096,0
2022-05-06,2021-05-07,2022-05-05,252,normal,0.99,-0.07623343378495812,-0.08756953013694753,-0.008968275795341096,0
2022-05-09,2021-05-10,2022-05-06,252,historical,0.95,-0.0515914299593456,-0.06349581674759304,-0.09236942642890777,1
2022-05-09,2021-05-10,2022-05-06,252,normal,0.95,-0.05352772100157297,-0.06750069764725611,-0.09236942642890777,1
2022-05-09,2021-05-10,2022-05-06,252,historical,0.99,-0.0707988801933076,-0.07382471666234769,-0.09236942642890777,1
2022-05-09,2021-05-10,2022-05-06,252,normal,0.99,-0.0763165064150648,-0.08764800698572946,-0.09236942642890777,1
2022-05-10,2021-05-11,2022-05-09,252,historical,0.95,-0.05209891330302396,-0.066601784510245,0.03805316043981777,0
2022-05-10,2021-05-11,2022-05-09,252,normal,0.95,-0.05446072423672898,-0.06861479786576836,0.03805316043981777,0
2022-05-10,2021-05-11,2022-05-09,252,historical,0.99,-0.07293484392704548,-0.0804122303250822,0.03805316043981777,0
2022-05-10,2021-05-11,2022-05-09,252,normal,0.99,-0.07754486406162399,-0.08902322672347239,0.03805316043981777,0
2022-05-11,2021-05-12,2022-05-10,252,historical,0.95,-0.05209891330302396,-0.066601784510245,-0.05484557941936974,1
2022-05-11,2021-05-12,2022-05-10,252,normal,0.95,-0.05445109847562833,-0.06863822641723688,-0.05484557941936974,1
2022-05-11,2021-05-12,2022-05-10,252,historical,0.99,-0.07293484392704548,-0.0804122303250822,-0.05484557941936974,0
2022-05-11,2021-05-12,2022-05-10,252,normal,0.99,-0.07758914718874593,-0.08909431551779311,-0.05484557941936974,0
2022-05-12,2021-05-13,2022-05-11,252,historical,0.95,-0.05340688640215499,-0.06680300031684845,-0.02735980018458606,0
2022-05-12,2021-05-13,2022-05-11,252,normal,0.95,-0.05466977441425874,-0.06889576256002325,-0.02735980018458606,0
2022-05-12,2021-05-13,2022-05-11,252,historical,0.99,-0.07293484392704548,-0.0804122303250822,-0.02735980018458606,0
2022-05-12,2021-05-13,2022-05-11,252,normal,0.99,-0.07787120095130681,-0.08940788328318497,-0.02735980018458606,0
2022-05-13,2021-05-14,2022-05-12,252,historical,0.95,-0.05340688640215499,-0.06680300031684845,0.09465211825789943,0
2022-05-13,2021-05-14,2022-05-12,252,normal,0.95,-0.05482412993988612,-0.06906858169740998,0.09465211825789943,0
2022-05-13,2021-05-14,2022-05-12,252,historical,0.99,-0.07293484392704548,-0.0804122303250822,0.09465211825789943,0
2022-05-13,2021-05-14,2022-05-12,252,normal,0.99,-0.078055669122007,-0.08960732467201134,0.09465211825789943,0
2022-05-16,2021-05-17,2022-05-13,252,historical,0.95,-0.05340688640215499,-0.06680300031684845,-0.024963220822925458,0
2022-05-16,2021-05-17,2022-05-13,252,normal,0.95,-0.055287987230205796,-0.06970307467553387,-0.024963220822925458,0
2022-05-16,2021-05-17,2022-05-13,252,historical,0.99,-0.07293484392704548,-0.0804122303250822,-0.024963220822925458,0
2022-05-16,2021-05-17,2022-05-13,252,normal,0.99,-0.07879781930380265,-0.0904878532711449,-0.024963220822925458,0
2022-05-17,2021-05-18,2022-05-16,252,historical,0.95,-0.05340688640215499,-0.06680300031684845,0.05288468098583854,0
2022-05-17,2021-05-18,2022-05-16,252,normal,0.95,-0.055427049205248366,-0.06985778443141309,0.05288468098583854,0
2022-05-17,2021-05-18,2022-05-16,252,historical,0.99,-0.07293484392704548,-0.0804122303250822,0.05288468098583854,0
2022-05-17,2021-05-18,2022-05-16,252,normal,0.99,-0.07896240153331398,-0.09066512519748865,0.05288468098583854,0
2022-05-18,2021-05-19,2022-05-17,252,historical,0.95,-0.05340688640215499,-0.06680300031684845,-0.06816331016078336,1
2022-05-18,2021-05-19,2022-05-17,252,normal,0.95,-0.05541139304417885,-0.06990212067166171,-0.06816331016078336,1
2022-05-18,2021-05-19,2022-05-17,252,historical,0.99,-0.07293484392704548,-0.0804122303250822,-0.06816331016078336,0
2022-05-18,2021-05-19,2022-05-17,252,normal,0.99,-0.0790445880864167,-0.09079596308287438,-0.06816331016078336,0
2022-05-19,2021-05-20,2022-05-18,252,historical,0.95,-0.055353539440632635,-0.06782744114311104,0.010981639036932833,0
2022-05-19,2021-05-20,2022-05-18,252,normal,0.95,-0.05615217325146819,-0.07075877748657411,0.010981639036932833,0
2022-05-19,2021-05-20,2022-05-18,252,historical,0.99,-0.07293484392704548,-0.0804122303250822,0.010981639036932833,0
2022-05-19,2021-05-20,2022-05-18,252,normal,0.99,-0.07997435359100713,-0.09181969967742673,0.010981639036932833,0
2022-05-20,2021-05-21,2022-05-19,252,historical,0.95,-0.055353539440632635,-0.06782744114311104,-0.02511117968289789,0
2022-05-20,2021-05-21,2022-05-19,252,normal,0.95,-0.05613912906356291,-0.07071430431787785,-0.02511117968289789,0
2022-05-20,2021-05-21,2022-05-19,252,historical,0.99,-0.07293484392704548,-0.0804122303250822,-0.02511117968289789,0
2022-05-20,2021-05-21,2022-05-19,252,normal,0.99,-0.07991005129846375,-0.09172990979388547,-0.02511117968289789,0
2022-05-23,2021-05-24,2022-05-20,252,historical,0.95,-0.055353539440632635,-0.06782744114311104,0.012220084037026124,0
2022-05-23,2021-05-24,2022-05-20,252,normal,0.95,-0.056348595483313606,-0.0709255052206459,0.012220084037026124,0
2022-05-23,2021-05-24,2022-05-20,252,historical,0.99,-0.07293484392704548,-0.0804122303250822,0.012220084037026124,0
2022-05-23,2021-05-24,2022-05-20,252,normal,0.99,-0.08012234651856871,-0.09194361160728828,0.012220084037026124,0
2022-05-24,2021-05-25,2022-05-23,252,historical,0.95,-0.055353539440632635,-0.06782744114311104,-0.04402904993589596,0
2022-05-24,2021-05-25,2022-05-23,252,normal,0.95,-0.0563226908301609,-0.07086363100812378,-0.04402904993589596,0
2022-05-24,2021-05-25,2022-05-23,252,historical,0.99,-0.07293484392704548,-0.0804122303250822,-0.04402904993589596,0
2022-05-24,2021-05-25,2022-05-23,252,normal,0.99,-0.08003777844740043,-0.09182987372550222,-0.04402904993589596,0
2022-05-25,2021-05-26,2022-05-24,252,historical,0.95,-0.055353539440632635,-0.06782744114311104,0.05082316726532632,0
2022-05-25,2021-05-26,2022-05-24,252,normal,0.95,-0.056695411637298354,-0.07128434389845216,0.05082316726532632,0
2022-05-25,2021-05-26,2022-05-24,252,historical,0.99,-0.07293484392704548,-0.0804122303250822,0.05082316726532632,0
2022-05-25,2021-05-26,2022-05-24,252,normal,0.99,-0.08048877042847007,-0.09231978528196766,0.05082316726532632,0
2022-05-26,2021-05-27,2022-05-25,252,historical,0.95,-0.055353539440632635,-0.06782744114311104,0.05160529524150781,0
2022-05-26,2021-05-27,2022-05-25,252,normal,0.95,-0.056740508227096066,-0.07138876518915194,0.05160529524150781,0
2022-05-26,2021-05-27,2022-05-25,252,historical,0.99,-0.07293484392704548,-0.0804122303250822,0.05160529524150781,0
2022-05-26,2021-05-27,2022-05-25,252,normal,0.99,-0.08063062076751236,-0.09250974547613763,0.05160529524150781,0
2022-05-27,2021-05-28,2022-05-26,252,historical,0.95,-0.055353539440632635,-0.06782744114311104,0.05377861223613989,0
2022-05-27,2021-05-28,2022-05-26,252,normal,0.95,-0.056700823063274015,-0.07140463417860289,0.05377861223613989,0
2022-05-27,2021-05-28,2022-05-26,252,historical,0.99,-0.07293484392704548,-0.0804122303250822,0.05377861223613989,0
2022-05-27,2021-05-28,2022-05-26,252,normal,0.99,-0.08068153989723989,-0.09260571670431765,0.05377861223613989,0
2022-05-31,2021-06-01,2022-05-27,252,historical,0.95,-0.055353539440632635,-0.06782744114311104,-0.007389222996888489,0
2022-05-31,2021-06-01,2022-05-27,252,normal,0.95,-0.05672728237552251,-0.07144278933206118,-0.007389222996888489,0
2022-05-31,2021-06-01,2022-05-27,252,historical,0.99,-0.07293484392704548,-0.0804122303250822,-0.007389222996888489,0
2022-05-31,2021-06-01,2022-05-27,252,normal,0.99,-0.08072707417270622,-0.09266073581860565,-0.007389222996888489,0
2022-06-01,2021-06-02,2022-05-31,252,historical,0.95,-0.055353539440632635,-0.06782744114311104,-0.018851768770071664,0
2022-06-01,2021-06-02,2022-05-31,252,normal,0.95,-0.056768323094927665,-0.0714855661478765,-0.018851768770071664,0
2022-06-01,2021-06-02,2022-05-31,252,historical,0.99,-0.07293484392704548,-0.0804122303250822,-0.018851768770071664,0
2022-06-01,2021-06-02,2022-05-31,252,normal,0.99,-0.08077094632377778,-0.09270601587136927,-0.018851768770071664,0
2022-06-02,2021-06-03,2022-06-01,252,historical,0.95,-0.055353539440632635,-0.06782744114311104,0.06943249774505333,0
2022-06-02,2021-06-03,2022-06-01,252,normal,0.95,-0.05691868484676407,-0.07162327838323769,0.06943249774505333,0
2022-06-02,2021-06-03,2022-06-01,252,historical,0.99,-0.07293484392704548,-0.0804122303250822,0.06943249774505333,0
2022-06-02,2021-06-03,2022-06-01,252,normal,0.99,-0.08090067774581061,-0.09282548906376413,0.06943249774505333,0
2022-06-03,2021-06-04,2022-06-02,252,historical,0.95,-0.055353539440632635,-0.06782744114311104,-0.04450809507358988,0
2022-06-03,2021-06-04,2022-06-02,252,normal,0.95,-0.05711198549169246,-0.0719241741277896,-0.04450809507358988,0
2022-06-03,2021-06-04,2022-06-02,252,historical,0.99,-0.07293484392704548,-0.0804122303250822,-0.04450809507358988,0
2022-06-03,2021-06-04,2022-06-02,252,normal,0.99,-0.08126945722384943,-0.09328152367459967,-0.04450809507358988,0
2022-06-06,2021-06-07,2022-06-03,252,historical,0.95,-0.055353539440632635,-0.06782744114311104,0.003525604857459008,0
2022-06-06,2021-06-07,2022-06-03,252,normal,0.95,-0.057510479318430355,-0.07234288456695269,0.003525604857459008,0
2022-06-06,2021-06-07,2022-06-03,252,historical,0.99,-0.07293484392704548,-0.0804122303250822,0.003525604857459008,0
2022-06-06,2021-06-07,2022-06-03,252,normal,0.99,-0.08170092269678896,-0.09372938397600286,0.003525604857459008,0
2022-06-07,2021-06-08,2022-06-06,252,historical,0.95,-0.055353539440632635,-0.06782744114311104,0.007452374636480075,0
2022-06-07,2021-06-08,2022-06-06,252,normal,0.95,-0.057506144301271454,-0.07233866528191775,0.007452374636480075,0
2022-06-07,2021-06-08,2022-06-06,252,historical,0.99,-0.07293484392704548,-0.0804122303250822,0.007452374636480075,0
2022-06-07,2021-06-08,2022-06-06,252,normal,0.99,-0.0816967764292863,-0.09372533156241997,0.007452374636480075,0
2022-06-08,2021-06-09,2022-06-07,252,historical,0.95,-0.055353539440632635,-0.06782744114311104,-0.014480289219225062,0
2022-06-08,2021-06-09,2022-06-07,252,normal,0.95,-0.057434599604264426,-0.07226572724205546,-0.014480289219225062,0
2022-06-08,2021-06-09,2022-06-07,252,historical,0.99,-0.07293484392704548,-0.0804122303250822,-0.014480289219225062,0
2022-06-08,2021-06-09,2022-06-07,252,normal,0.99,-0.08162295930370939,-0.09365038449397119,-0.014480289219225062,0
2022-06-09,2021-06-10,2022-06-08,252,historical,0.95,-0.055353539440632635,-0.06782744114311104,-0.03217520476264457,0
2022-06-09,2021-06-10,2022-06-08,252,normal,0.95,-0.05748870199330072,-0.07232444925307774,-0.03217520476264457,0
2022-06-09,2021-06-10,2022-06-08,252,historical,0.99,-0.07293484392704548,-0.0804122303250822,-0.03217520476264457,0
2022-06-09,2021-06-10,2022-06-08,252,normal,0.99,-0.08168459591947484,-0.0937157674302593,-0.03217520476264457,0
2022-06-10,2021-06-11,2022-06-09,252,historical,0.95,-0.055353539440632635,-0.06782744114311104,-0.059508110141671566,1
2022-06-10,2021-06-11,2022-06-09,252,normal,0.95,-0.057731310294304825,-0.07259237741197544,-0.059508110141671566,1
2022-06-10,2021-06-11,2022-06-09,252,historical,0.99,-0.07293484392704548,-0.0804122303250822,-0.059508110141671566,0
2022-06-10,2021-06-11,2022-06-09,252,normal,0.99,-0.08196849884387014,-0.09402020370208984,-0.059508110141671566,0
2022-06-13,2021-06-14,2022-06-10,252,historical,0.95,-0.05668886264193002,-0.06809926657965341,-0.07817811442364808,1
2022-06-13,2021-06-14,2022-06-10,252,normal,0.95,-0.05834472622981543,-0.0732784796597755,-0.07817811442364808,1
2022-06-13,2021-06-14,2022-06-10,252,historical,0.99,-0.07293484392704548,-0.0804122303250822,-0.07817811442364808,1
2022-06-13,2021-06-14,2022-06-10,252,normal,0.99,-0.08270046022715936,-0.0948111106493826,-0.07817811442364808,0
2022-06-14,2021-06-15,2022-06-13,252,historical,0.95,-0.05810614898266167,-0.06968511231561118,0.01207885037103762,0
2022-06-14,2021-06-15,2022-06-13,252,normal,0.95,-0.05924929227129612,-0.07432308782197006,0.01207885037103762,0
2022-06-14,2021-06-15,2022-06-13,252,historical,0.99,-0.07441048339718709,-0.08204620564161365,0.01207885037103762,0
2022-06-14,2021-06-15,2022-06-13,252,normal,0.99,-0.08383342354709572,-0.09605764228128462,0.01207885037103762,0
2022-06-15,2021-06-16,2022-06-14,252,historical,0.95,-0.05810614898266167,-0.06968511231561118,0.043634791103122295,0
2022-06-15,2021-06-16,2022-06-14,252,normal,0.95,-0.059148456407205625,-0.07422169428651082,0.043634791103122295,0
2022-06-15,2021-06-16,2022-06-14,252,historical,0.99,-0.07441048339718709,-0.08204620564161365,0.043634791103122295,0
2022-06-15,2021-06-16,2022-06-14,252,normal,0.99,-0.08373167816648086,-0.09595544465247718,0.043634791103122295,0
2022-06-16,2021-06-17,2022-06-15,252,historical,0.95,-0.05810614898266167,-0.06968511231561118,-0.056029472402699954,0
2022-06-16,2021-06-17,2022-06-15,252,normal,0.95,-0.05915064228974209,-0.07426719098381528,-0.056029472402699954,0
2022-06-16,2021-06-17,2022-06-15,252,historical,0.99,-0.07441048339718709,-0.08204620564161365,-0.056029472402699954,0
2022-06-16,2021-06-17,2022-06-15,252,normal,0.99,-0.08380450045590893,-0.09606339020409226,-0.056029472402699954,0
2022-06-17,2021-06-18,2022-06-16,252,historical,0.95,-0.05810614898266167,-0.06968511231561118,0.01788336424610959,0
2022-06-17,2021-06-18,2022-06-16,252,normal,0.95,-0.05964391667492035,-0.0747813517484421,0.01788336424610959,0
2022-06-17,2021-06-18,2022-06-16,252,historical,0.99,-0.07441048339718709,-0.08204620564161365,0.01788336424610959,0
2022-06-17,2021-06-18,2022-06-16,252,normal,0.99,-0.0843318388226845,-0.09660766655241906,0.01788336424610959,0
2022-06-21,2021-06-21,2022-06-17,252,historical,0.95,-0.05810614898266167,-0.06968511231561118,0.04319917968144038,0
2022-06-21,2021-06-21,2022-06-17,252,normal,0.95,-0.059597914351802596,-0.07474269072868281,0.04319917968144038,0
2022-06-21,2021-06-21,2022-06-17,252,historical,0.99,-0.07441048339718709,-0.08204620564161365,0.04319917968144038,0
2022-06-21,2021-06-21,2022-06-17,252,normal,0.99,-0.08429780956666143,-0.0965795907868587,0.04319917968144038,0
2022-06-22,2021-06-22,2022-06-21,252,historical,0.95,-0.05810614898266167,-0.06968511231561118,-0.01243534455356965,0
2022-06-22,2021-06-22,2022-06-21,252,normal,0.95,-0.059537083178443785,-0.07472139432093151,-0.01243534455356965,0
2022-06-22,2021-06-22,2022-06-21,252,historical,0.99,-0.07441048339718709,-0.08204620564161365,-0.01243534455356965,0
2022-06-22,2021-06-22,2022-06-21,252,normal,0.99,-0.08430145637195012,-0.09661529863614703,-0.01243534455356965,0
2022-06-23,2021-06-23,2022-06-22,252,historical,0.95,-0.05810614898266167,-0.06968511231561118,-0.008251947204391707,0
2022-06-23,2021-06-23,2022-06-22,252,normal,0.95,-0.05964432239558721,-0.07481820244121333,-0.008251947204391707,0
2022-06-23,2021-06-23,2022-06-22,252,historical,0.99,-0.07441048339718709,-0.08204620564161365,-0.008251947204391707,0
2022-06-23,2021-06-23,2022-06-22,252,normal,0.99,-0.08439168332076774,-0.09669706640099567,-0.008251947204391707,0
2022-06-24,2021-06-24,2022-06-23,252,historical,0.95,-0.05810614898266167,-0.06968511231561118,0.055531932997535005,0
2022-06-24,2021-06-24,2022-06-23,252,normal,0.95,-0.05971184270594237,-0.07488545653703978,0.055531932997535005,0
2022-06-24,2021-06-24,2022-06-23,252,historical,0.99,-0.07441048339718709,-0.08204620564161365,0.055531932997535005,0
2022-06-24,2021-06-24,2022-06-23,252,normal,0.99,-0.08445876945693634,-0.09676393664829816,0.055531932997535005,0
2022-06-27,2021-06-25,2022-06-24,252,historical,0.95,-0.05810614898266167,-0.06968511231561118,-0.01500689114187237,0
2022-06-27,2021-06-25,2022-06-24,252,normal,0.95,-0.05979356497175965,-0.0750360790526826,-0.01500689114187237,0
2022-06-27,2021-06-25,2022-06-24,252,historical,0.99,-0.07441048339718709,-0.08204620564161365,-0.01500689114187237,0
2022-06-27,2021-06-25,2022-06-24,252,normal,0.99,-0.08465286241140682,-0.09701390482821377,-0.01500689114187237,0
2022-06-28,2021-06-28,2022-06-27,252,historical,0.95,-0.05810614898266167,-0.06968511231561118,-0.05258149157285896,0
2022-06-28,2021-06-28,2022-06-27,252,normal,0.95,-0.05983008230236143,-0.0750759040676277,-0.05258149157285896,0
2022-06-28,2021-06-28,2022-06-27,252,historical,0.99,-0.07441048339718709,-0.08204620564161365,-0.05258149157285896,0
2022-06-28,2021-06-28,2022-06-27,252,normal,0.99,-0.08469477430543103,-0.09705849911611683,-0.05258149157285896,0
2022-06-29,2021-06-29,2022-06-28,252,historical,0.95,-0.05810614898266167,-0.06968511231561118,-0.02753098495297268,0
2022-06-29,2021-06-29,2022-06-28,252,normal,0.95,-0.06025990440989388,-0.07551137645747172,-0.02753098495297268,0
2022-06-29,2021-06-29,2022-06-28,252,historical,0.99,-0.07441048339718709,-0.08204620564161365,-0.02753098495297268,0
2022-06-29,2021-06-29,2022-06-28,252,normal,0.99,-0.08513381156263342,-0.09750211851632724,-0.02753098495297268,0
2022-06-30,2021-06-30,2022-06-29,252,historical,0.95,-0.05810614898266167,-0.06968511231561118,-0.024642899867078794,0
2022-06-30,2021-06-30,2022-06-29,252,normal,0.95,-0.06044355372523245,-0.07571182034991447,-0.024642899867078794,0
2022-06-30,2021-06-30,2022-06-29,252,historical,0.99,-0.07441048339718709,-0.08204620564161365,-0.024642899867078794,0
2022-06-30,2021-06-30,2022-06-29,252,normal,0.99,-0.08534485146363187,-0.0977267781180427,-0.024642899867078794,0
2022-07-01,2021-07-01,2022-06-30,252,historical,0.95,-0.05810614898266167,-0.06968511231561118,-0.0419553006046558,0
2022-07-01,2021-07-01,2022-06-30,252,normal,0.95,-0.06058920851932659,-0.07587085540611996,-0.0419553006046558,0
2022-07-01,2021-07-01,2022-06-30,252,historical,0.99,-0.07441048339718709,-0.08204620564161365,-0.0419553006046558,0
2022-07-01,2021-07-01,2022-06-30,252,normal,0.99,-0.08551232837406984,-0.09790510586231481,-0.0419553006046558,0
2022-07-05,2021-07-02,2022-07-01,252,historical,0.95,-0.05810614898266167,-0.06968511231561118,0.030365872406246996,0
2022-07-05,2021-07-02,2022-07-01,252,normal,0.95,-0.06093990895957222,-0.0762577947473024,0.030365872406246996,0
2022-07-05,2021-07-02,2022-07-01,252,historical,0.99,-0.07441048339718709,-0.08204620564161365,0.030365872406246996,0
2022-07-05,2021-07-02,2022-07-01,252,normal,0.99,-0.08592213150646268,-0.09834429723008929,0.030365872406246996,0
2022-07-06,2021-07-06,2022-07-05,252,historical,0.95,-0.05810614898266167,-0.06968511231561118,0.011093117180963175,0
2022-07-06,2021-07-06,2022-07-05,252,normal,0.95,-0.06094106176604872,-0.07627613607325297,0.011093117180963175,0
2022-07-06,2021-07-06,2022-07-05,252,historical,0.99,-0.07441048339718709,-0.08204620564161365,0.011093117180963175,0
2022-07-06,2021-07-06,2022-07-05,252,normal,0.99,-0.0859513173864784,-0.09838742228163364,0.011093117180963175,0
2022-07-07,2021-07-07,2022-07-06,252,historical,0.95,-0.05810614898266167,-0.06968511231561118,0.048116389521789316,0
2022-07-07,2021-07-07,2022-07-06,252,normal,0.95,-0.0609395587147654,-0.0762750268362402,0.048116389521789316,0
2022-07-07,2021-07-07,2022-07-06,252,historical,0.99,-0.07441048339718709,-0.08204620564161365,0.048116389521789316,0
2022-07-07,2021-07-07,2022-07-06,252,normal,0.99,-0.08595045661415482,-0.09838688087623843,0.048116389521789316,0
2022-07-08,2021-07-08,2022-07-07,252,historical,0.95,-0.05810614898266167,-0.06968511231561118,-0.0012610673176788323,0
2022-07-08,2021-07-08,2022-07-07,252,normal,0.95,-0.06087522587219088,-0.076258771013013,-0.0012610673176788323,0
2022-07-08,2021-07-08,2022-07-07,252,historical,0.99,-0.07441048339718709,-0.08204620564161365,-0.0012610673176788323,0
2022-07-08,2021-07-08,2022-07-07,252,normal,0.99,-0.085964533469457,-0.0984399461866124,-0.0012610673176788323,0
2022-07-11,2021-07-09,2022-07-08,252,historical,0.95,-0.05810614898266167,-0.06968511231561118,-0.04331361344493112,0
2022-07-11,2021-07-09,2022-07-08,252,normal,0.95,-0.060742896124207135,-0.07611476131609703,-0.04331361344493112,0
2022-07-11,2021-07-09,2022-07-08,252,historical,0.99,-0.07441048339718709,-0.08204620564161365,-0.04331361344493112,0
2022-07-11,2021-07-09,2022-07-08,252,normal,0.99,-0.08581315467726408,-0.09827909544357132,-0.04331361344493112,0
2022-07-12,2021-07-12,2022-07-11,252,historical,0.95,-0.05810614898266167,-0.06968511231561118,-0.00461983348253614,0
2022-07-12,2021-07-12,2022-07-11,252,normal,0.95,-0.06110316513032872,-0.0765154179125555,-0.00461983348253614,0
2022-07-12,2021-07-12,2022-07-11,252,historical,0.99,-0.07441048339718709,-0.08204620564161365,-0.00461983348253614,0
2022-07-12,2021-07-12,2022-07-11,252,normal,0.99,-0.08623929254961897,-0.09873798596516874,-0.00461983348253614,0
2022-07-13,2021-07-13,2022-07-12,252,historical,0.95,-0.05810614898266167,-0.06968511231561118,0.005436859134704708,0
2022-07-13,2021-07-13,2022-07-12,252,normal,0.95,-0.06116523695960693,-0.07656535989421785,0.005436859134704708,0
2022-07-13,2021-07-13,2022-07-12,252,historical,0.99,-0.07441048339718709,-0.08204620564161365,0.005436859134704708,0
2022-07-13,2021-07-13,2022-07-12,252,normal,0.99,-0.08628158158662425,-0.09877043820228043,0.005436859134704708,0
2022-07-14,2021-07-14,2022-07-13,252,historical,0.95,-0.05810614898266167,-0.06968511231561118,0.013716769154044517,0
2022-07-14,2021-07-14,2022-07-13,252,normal,0.95,-0.06108259488637031,-0.07648010507006377,0.013716769154044517,0
2022-07-14,2021-07-14,2022-07-13,252,historical,0.99,-0.07441048339718709,-0.08204620564161365,0.013716769154044517,0
2022-07-14,2021-07-14,2022-07-13,252,normal,0.99,-0.08619467832971095,-0.09868141611347733,0.013716769154044517,0
2022-07-15,2021-07-15,2022-07-14,252,historical,0.95,-0.05810614898266167,-0.06968511231561118,0.02537051450602723,0
2022-07-15,2021-07-15,2022-07-14,252,normal,0.95,-0.0609310967210472,-0.0763242839892276,0.02537051450602723,0
2022-07-15,2021-07-15,2022-07-14,252,historical,0.99,-0.07441048339718709,-0.08204620564161365,0.02537051450602723,0
2022-07-15,2021-07-15,2022-07-14,252,normal,0.99,-0.0860361298417196,-0.09851936192152289,0.02537051450602723,0
2022-07-18,2021-07-16,2022-07-15,252,historical,0.95,-0.05810614898266167,-0.06968511231561118,0.02150767599371961,0
2022-07-18,2021-07-16,2022-07-15,252,normal,0.95,-0.06054190555676843,-0.07590626801164903,0.02150767599371961,0
2022-07-18,2021-07-16,2022-07-15,252,historical,0.99,-0.07441048339718709,-0.08204620564161365,0.02150767599371961,0
2022-07-18,2021-07-16,2022-07-15,252,normal,0.99,-0.08559992775761109,-0.09805978411750597,0.02150767599371961,0
2022-07-19,2021-07-19,2022-07-18,252,historical,0.95,-0.05810614898266167,-0.06968511231561118,0.055338342144955366,0
2022-07-19,2021-07-19,2022-07-18,252,normal,0.95,-0.06016780713957831,-0.07550161583332689,0.055338342144955366,0
2022-07-19,2021-07-19,2022-07-18,252,historical,0.99,-0.07441048339718709,-0.08204620564161365,0.055338342144955366,0
2022-07-19,2021-07-19,2022-07-18,252,normal,0.99,-0.08517599864767249,-0.09761107718316513,0.055338342144955366,0
2022-07-20,2021-07-20,2022-07-19,252,historical,0.95,-0.05810614898266167,-0.06968511231561118,0.04796357583617694,0
2022-07-20,2021-07-20,2022-07-19,252,normal,0.95,-0.06025207462672514,-0.07562873090938868,0.04796357583617694,0
2022-07-20,2021-07-20,2022-07-19,252,historical,0.99,-0.07441048339718709,-0.08204620564161365,0.04796357583617694,0
2022-07-20,2021-07-20,2022-07-19,252,normal,0.99,-0.08533014705812068,-0.0977999731989771,0.04796357583617694,0
2022-07-21,2021-07-21,2022-07-20,252,historical,0.95,-0.05810614898266167,-0.06968511231561118,0.01364607602597201,0
2022-07-21,2021-07-21,2022-07-20,252,normal,0.95,-0.06021977922681525,-0.07564558788860844,0.01364607602597201,0
2022-07-21,2021-07-21,2022-07-20,252,historical,0.99,-0.07441048339718709,-0.08204620564161365,0.01364607602597201,0
2022-07-21,2021-07-21,2022-07-20,252,normal,0.99,-0.08537801518019693,-0.09788770184800336,0.01364607602597201,0
2022-07-22,2021-07-22,2022-07-21,252,historical,0.95,-0.05810614898266167,-0.06968511231561118,-0.040498488964476054,0
2022-07-22,2021-07-22,2022-07-21,252,normal,0.95,-0.06019126599693572,-0.07558036517905961,-0.040498488964476054,0
2022-07-22,2021-07-22,2022-07-21,252,historical,0.99,-0.07441048339718709,-0.08204620564161365,-0.040498488964476054,0
2022-07-22,2021-07-22,2022-07-21,252,normal,0.99,-0.08528963178263321,-0.09776954859535655,-0.040498488964476054,0
2022-07-25,2021-07-23,2022-07-22,252,historical,0.95,-0.05810614898266167,-0.06968511231561118,-0.017033277268484248,0
2022-07-25,2021-07-23,2022-07-22,252,normal,0.95,-0.06052990771311375,-0.07595465256365476,-0.017033277268484248,0
2022-07-25,2021-07-23,2022-07-22,252,historical,0.99,-0.07441048339718709,-0.08204620564161365,-0.017033277268484248,0
2022-07-25,2021-07-23,2022-07-22,252,normal,0.99,-0.0856864086770969,-0.09819523263840085,-0.017033277268484248,0
2022-07-26,2021-07-26,2022-07-25,252,historical,0.95,-0.05810614898266167,-0.06968511231561118,-0.028841549917954734,0
2022-07-26,2021-07-26,2022-07-25,252,normal,0.95,-0.060616081858192235,-0.07604739957093078,-0.028841549917954734,0
2022-07-26,2021-07-26,2022-07-25,252,historical,0.99,-0.07441048339718709,-0.08204620564161365,-0.028841549917954734,0
2022-07-26,2021-07-26,2022-07-25,252,normal,0.99,-0.08578330262440294,-0.09829745690247696,-0.028841549917954734,0
2022-07-27,2021-07-27,2022-07-26,252,historical,0.95,-0.05810614898266167,-0.06968511231561118,0.07602977116865417,0
2022-07-27,2021-07-27,2022-07-26,252,normal,0.95,-0.06073484266541557,-0.0761808630715671,0.07602977116865417,0
2022-07-27,2021-07-27,2022-07-26,252,historical,0.99,-0.07441048339718709,-0.08204620564161365,0.07602977116865417,0
2022-07-27,2021-07-27,2022-07-26,252,normal,0.99,-0.08592604232557889,-0.09845211987405009,0.07602977116865417,0
2022-07-28,2021-07-28,2022-07-27,252,historical,0.95,-0.05810614898266167,-0.06968511231561118,0.010904904979245789,0
2022-07-28,2021-07-28,2022-07-27,252,normal,0.95,-0.06092075421331354,-0.07649514232827258,0.010904904979245789,0
2022-07-28,2021-07-28,2022-07-27,252,historical,0.99,-0.07441048339718709,-0.08204620564161365,0.010904904979245789,0
2022-07-28,2021-07-28,2022-07-27,252,normal,0.99,-0.08632131113816101,-0.09895148953804647,0.010904904979245789,0
2022-07-29,2021-07-29,2022-07-28,252,historical,0.95,-0.05810614898266167,-0.06968511231561118,0.009953172750823303,0
2022-07-29,2021-07-29,2022-07-28,252,normal,0.95,-0.06092843899943232,-0.07650028977919593,0.009953172750823303,0
2022-07-29,2021-07-29,2022-07-28,252,historical,0.99,-0.07441048339718709,-0.08204620564161365,0.009953172750823303,0
2022-07-29,2021-07-29,2022-07-28,252,normal,0.99,-0.08632485773749561,-0.09895297846449261,0.009953172750823303,0
2022-08-01,2021-07-30,2022-07-29,252,historical,0.95,-0.05810614898266167,-0.06968511231561118,0.015306046609498969,0
2022-08-01,2021-07-30,2022-07-29,252,normal,0.95,-0.0609240415370995,-0.07649659070131337,0.015306046609498969,0
2022-08-01,2021-07-30,2022-07-29,252,historical,0.99,-0.07441048339718709,-0.08204620564161365,0.015306046609498969,0
2022-08-01,2021-07-30,2022-07-29,252,normal,0.99,-0.08632159928324795,-0.09895028637087068,0.015306046609498969,0
2022-08-02,2021-08-02,2022-08-01,252,historical,0.95,-0.05810614898266167,-0.06968511231561118,0.004609250002933329,0
2022-08-02,2021-08-02,2022-08-01,252,normal,0.95,-0.06084320844927098,-0.07641900983099616,0.004609250002933329,0
2022-08-02,2021-08-02,2022-08-01,252,historical,0.99,-0.07441048339718709,-0.08204620564161365,0.004609250002933329,0
2022-08-02,2021-08-02,2022-08-01,252,normal,0.99,-0.08624607029696217,-0.09887739479717922,0.004609250002933329,0
2022-08-03,2021-08-03,2022-08-02,252,historical,0.95,-0.05810614898266167,-0.06968511231561118,0.019810047128536956,0
2022-08-03,2021-08-03,2022-08-02,252,normal,0.95,-0.06086395757919043,-0.0764366998790424,0.019810047128536956,0
2022-08-03,2021-08-03,2022-08-02,252,historical,0.99,-0.07441048339718709,-0.08204620564161365,0.019810047128536956,0
2022-08-03,2021-08-03,2022-08-02,252,normal,0.99,-0.08626183031381444,-0.09889067402637466,0.019810047128536956,0
2022-08-04,2021-08-04,2022-08-03,252,historical,0.95,-0.05810614898266167,-0.06968511231561118,0.017043432750823984,0
2022-08-04,2021-08-04,2022-08-03,252,normal,0.95,-0.06083058613557597,-0.07641150342627406,0.017043432750823984,0
2022-08-04,2021-08-04,2022-08-03,252,historical,0.99,-0.07441048339718709,-0.08204620564161365,0.017043432750823984,0
2022-08-04,2021-08-04,2022-08-03,252,normal,0.99,-0.08624179161359985,-0.0988772649023618,0.017043432750823984,0
2022-08-05,2021-08-05,2022-08-04,252,historical,0.95,-0.05810614898266167,-0.06968511231561118,-0.01176154637608584,0
2022-08-05,2021-08-05,2022-08-04,252,normal,0.95,-0.06083377213195267,-0.07640932846312747,-0.01176154637608584,0
2022-08-05,2021-08-05,2022-08-04,252,historical,0.99,-0.07441048339718709,-0.08204620564161365,-0.01176154637608584,0
2022-08-05,2021-08-05,2022-08-04,252,normal,0.99,-0.08623623432218007,-0.09886736009663367,-0.01176154637608584,0
2022-08-08,2021-08-06,2022-08-05,252,historical,0.95,-0.05810614898266167,-0.06968511231561118,-0.06298407177055831,1
2022-08-08,2021-08-06,2022-08-05,252,normal,0.95,-0.060937657691581215,-0.07650969855950514,-0.06298407177055831,1
2022-08-08,2021-08-06,2022-08-05,252,historical,0.99,-0.07441048339718709,-0.08204620564161365,-0.06298407177055831,0
2022-08-08,2021-08-06,2022-08-05,252,normal,0.99,-0.0863343864479323,-0.0989626613284895,-0.06298407177055831,0
2022-08-09,2021-08-09,2022-08-08,252,historical,0.95,-0.059102739972561776,-0.07000918910791852,-0.039734704513813446,0
2022-08-09,2021-08-09,2022-08-08,252,normal,0.95,-0.06147048832102947,-0.07712763380104763,-0.039734704513813446,0
2022-08-09,2021-08-09,2022-08-08,252,historical,0.99,-0.07441048339718709,-0.08204620564161365,-0.039734704513813446,0
2022-08-09,2021-08-09,2022-08-08,252,normal,0.99,-0.08700601575942898,-0.0997033069265632,-0.039734704513813446,0
2022-08-10,2021-08-10,2022-08-09,252,historical,0.95,-0.059102739972561776,-0.07000918910791852,0.059171155994615754,0
2022-08-10,2021-08-10,2022-08-09,252,normal,0.95,-0.0617517491025381,-0.07744380458658867,0.059171155994615754,0
2022-08-10,2021-08-10,2022-08-09,252,historical,0.99,-0.07441048339718709,-0.08204620564161365,0.059171155994615754,0
2022-08-10,2021-08-10,2022-08-09,252,normal,0.99,-0.08734421191060521,-0.10006981363322422,0.059171155994615754,0
2022-08-11,2021-08-11,2022-08-10,252,historical,0.95,-0.059102739972561776,-0.07000918910791852,-0.008564737051769633,0
2022-08-11,2021-08-11,2022-08-10,252,normal,0.95,-0.06172203370970366,-0.07748402255898351,-0.008564737051769633,0
2022-08-11,2021-08-11,2022-08-10,252,historical,0.99,-0.07441048339718709,-0.08204620564161365,-0.008564737051769633,0
2022-08-11,2021-08-11,2022-08-10,252,normal,0.99,-0.08742855213339691,-0.10021086689491224,-0.008564737051769633,0
2022-08-12,2021-08-12,2022-08-11,252,historical,0.95,-0.059102739972561776,-0.07000918910791852,0.04274870846534684,0
2022-08-12,2021-08-12,2022-08-11,252,normal,0.95,-0.061702751353623964,-0.07746319186691661,0.04274870846534684,0
2022-08-12,2021-08-12,2022-08-11,252,historical,0.99,-0.07441048339718709,-0.08204620564161365,0.04274870846534684,0
2022-08-12,2021-08-12,2022-08-11,252,normal,0.99,-0.08740674456758882,-0.10018780369327453,0.04274870846534684,0
2022-08-15,2021-08-13,2022-08-12,252,historical,0.95,-0.059102739972561776,-0.07000918910791852,0.017264272966407868,0
2022-08-15,2021-08-13,2022-08-12,252,normal,0.95,-0.06172144719180025,-0.07751918985354361,0.017264272966407868,0
2022-08-15,2021-08-13,2022-08-12,252,historical,0.99,-0.07441048339718709,-0.08204620564161365,0.017264272966407868,0
2022-08-15,2021-08-13,2022-08-12,252,normal,0.99,-0.0874862771678997,-0.10029758677830133,0.017264272966407868,0
2022-08-16,2021-08-16,2022-08-15,252,historical,0.95,-0.059102739972561776,-0.07000918910791852,-0.008038935560138794,0
2022-08-16,2021-08-16,2022-08-15,252,normal,0.95,-0.061717420566388355,-0.07751721188652964,-0.008038935560138794,0
2022-08-16,2021-08-16,2022-08-15,252,historical,0.99,-0.07441048339718709,-0.08204620564161365,-0.008038935560138794,0
2022-08-16,2021-08-16,2022-08-15,252,normal,0.99,-0.08748559173726682,-0.10029856272408051,-0.008038935560138794,0
2022-08-17,2021-08-17,2022-08-16,252,historical,0.95,-0.059102739972561776,-0.07000918910791852,-0.0288151736830623,0
2022-08-17,2021-08-17,2022-08-16,252,normal,0.95,-0.06169578182228883,-0.07749385631051132,-0.0288151736830623,0
2022-08-17,2021-08-17,2022-08-16,252,historical,0.99,-0.07441048339718709,-0.08204620564161365,-0.0288151736830623,0
2022-08-17,2021-08-17,2022-08-16,252,normal,0.99,-0.0874611529803153,-0.10027273168813498,-0.0288151736830623,0
2022-08-18,2021-08-18,2022-08-17,252,historical,0.95,-0.059102739972561776,-0.07000918910791852,0.02388900997348342,0
2022-08-18,2021-08-18,2022-08-17,252,normal,0.95,-0.06173185911944236,-0.07753491151906472,0.02388900997348342,0
2022-08-18,2021-08-18,2022-08-17,252,historical,0.99,-0.07441048339718709,-0.08204620564161365,0.02388900997348342,0
2022-08-18,2021-08-18,2022-08-17,252,normal,0.99,-0.08750534884501358,-0.100320964431109,0.02388900997348342,0
2022-08-19,2021-08-19,2022-08-18,252,historical,0.95,-0.059102739972561776,-0.07000918910791852,-0.049220031333382264,0
2022-08-19,2021-08-19,2022-08-18,252,normal,0.95,-0.061556831163167146,-0.07736115823460336,-0.049220031333382264,0
2022-08-19,2021-08-19,2022-08-18,252,historical,0.99,-0.07441048339718709,-0.08204620564161365,-0.049220031333382264,0
2022-08-19,2021-08-19,2022-08-18,252,normal,0.99,-0.08733239977451733,-0.10014904906622554,-0.049220031333382264,0
2022-08-22,2021-08-20,2022-08-19,252,historical,0.95,-0.059102739972561776,-0.07000918910791852,-0.04566067793610051,0
2022-08-22,2021-08-20,2022-08-19,252,normal,0.95,-0.06199002885771929,-0.07781465389471737,-0.04566067793610051,0
2022-08-22,2021-08-20,2022-08-19,252,historical,0.99,-0.07441048339718709,-0.08204620564161365,-0.04566067793610051,0
2022-08-22,2021-08-20,2022-08-19,252,normal,0.99,-0.0877987017956027,-0.10063181188977126,-0.04566067793610051,0
2022-08-23,2021-08-23,2022-08-22,252,historical,0.95,-0.059102739972561776,-0.07000918910791852,0.008629681450433857,0
2022-08-23,2021-08-23,2022-08-22,252,normal,0.95,-0.062328713877246276,-0.07814151262926525,0.008629681450433857,0
2022-08-23,2021-08-23,2022-08-22,252,historical,0.99,-0.07441048339718709,-0.08204620564161365,0.008629681450433857,0
2022-08-23,2021-08-23,2022-08-22,252,normal,0.99,-0.08811809910876177,-0.10094161857965885,0.008629681450433857,0
2022-08-24,2021-08-24,2022-08-23,252,historical,0.95,-0.059102739972561776,-0.07000918910791852,0.002386431632183106,0
2022-08-24,2021-08-24,2022-08-23,252,normal,0.95,-0.062256087320813926,-0.07800382962386691,0.002386431632183106,0
2022-08-24,2021-08-24,2022-08-23,252,historical,0.99,-0.07441048339718709,-0.08204620564161365,0.002386431632183106,0
2022-08-24,2021-08-24,2022-08-23,252,normal,0.99,-0.08793937078941638,-0.10071013219685453,0.002386431632183106,0
2022-08-25,2021-08-25,2022-08-24,252,historical,0.95,-0.059102739972561776,-0.07000918910791852,0.04012330580158996,0
2022-08-25,2021-08-25,2022-08-24,252,normal,0.95,-0.062212810463782096,-0.07795953955416697,0.04012330580158996,0
2022-08-25,2021-08-25,2022-08-24,252,historical,0.99,-0.07441048339718709,-0.08204620564161365,0.04012330580158996,0
2022-08-25,2021-08-25,2022-08-24,252,normal,0.99,-0.0878944414651503,-0.10066438119942471,0.04012330580158996,0
2022-08-26,2021-08-26,2022-08-25,252,historical,0.95,-0.059102739972561776,-0.07000918910791852,-0.09227948556840959,1
2022-08-26,2021-08-26,2022-08-25,252,normal,0.95,-0.06223833161789884,-0.07801256396578406,-0.09227948556840959,1
2022-08-26,2021-08-26,2022-08-25,252,historical,0.99,-0.07441048339718709,-0.08204620564161365,-0.09227948556840959,1
2022-08-26,2021-08-26,2022-08-25,252,normal,0.99,-0.08796481818936071,-0.10075706191697621,-0.09227948556840959,1
2022-08-29,2021-08-27,2022-08-26,252,historical,0.95,-0.059940653905123105,-0.07253006414074453,-0.028228702028234687,0
2022-08-29,2021-08-27,2022-08-26,252,normal,0.95,-0.06330510004283105,-0.07926388835612194,-0.028228702028234687,0
2022-08-29,2021-08-27,2022-08-26,252,historical,0.99,-0.07685872486445296,-0.08760900880698848,-0.028228702028234687,0
2022-08-29,2021-08-27,2022-08-26,252,normal,0.99,-0.0893325823433389,-0.10227449325213875,-0.028228702028234687,0
2022-08-30,2021-08-30,2022-08-29,252,historical,0.95,-0.059940653905123105,-0.07253006414074453,-0.02107456218746606,0
2022-08-30,2021-08-30,2022-08-29,252,normal,0.95,-0.06352530046824169,-0.0794856244196647,-0.02107456218746606,0
2022-08-30,2021-08-30,2022-08-29,252,historical,0.99,-0.07685872486445296,-0.08760900880698848,-0.02107456218746606,0
2022-08-30,2021-08-30,2022-08-29,252,normal,0.99,-0.08955528726931176,-0.10249844351651098,-0.02107456218746606,0
2022-08-31,2021-08-31,2022-08-30,252,historical,0.95,-0.059940653905123105,-0.07253006414074453,-0.02417897660436663,0
2022-08-31,2021-08-31,2022-08-30,252,normal,0.95,-0.0636526932478281,-0.07962181913911899,-0.02417897660436663,0
2022-08-31,2021-08-31,2022-08-30,252,historical,0.99,-0.07685872486445296,-0.08760900880698848,-0.02417897660436663,0
2022-08-31,2021-08-31,2022-08-30,252,normal,0.99,-0.0896970352950249,-0.10264732954790214,-0.02417897660436663,0
2022-09-01,2021-09-01,2022-08-31,252,historical,0.95,-0.059940653905123105,-0.07253006414074453,-0.076652826957887,1
2022-09-01,2021-09-01,2022-08-31,252,normal,0.95,-0.06373001904796924,-0.07970770200049306,-0.076652826957887,1
2022-09-01,2021-09-01,2022-08-31,252,historical,0.99,-0.07685872486445296,-0.08760900880698848,-0.076652826957887,0
2022-09-01,2021-09-01,2022-08-31,252,normal,0.99,-0.089788316964209,-0.10274555063641706,-0.076652826957887,0
2022-09-02,2021-09-02,2022-09-01,252,historical,0.95,-0.06135184434220568,-0.07377494940635912,-0.02080804096540989,0
2022-09-02,2021-09-02,2022-09-01,252,normal,0.95,-0.06453172677111808,-0.08063328013144257,-0.02080804096540989,0
2022-09-02,2021-09-02,2022-09-01,252,historical,0.99,-0.07740021781610992,-0.08760900880698848,-0.02080804096540989,0
2022-09-02,2021-09-02,2022-09-01,252,normal,0.99,-0.09079204722085452,-0.10384973462116033,-0.02080804096540989,0
2022-09-06,2021-09-03,2022-09-02,252,historical,0.95,-0.06135184434220568,-0.07377494940635912,-0.013336210583871577,0
2022-09-06,2021-09-03,2022-09-02,252,normal,0.95,-0.0646390112692837,-0.08074886424180949,-0.013336210583871577,0
2022-09-06,2021-09-03,2022-09-02,252,historical,0.99,-0.07740021781610992,-0.08760900880698848,-0.013336210583871577,0
2022-09-06,2021-09-03,2022-09-02,252,normal,0.99,-0.09091286770968747,-0.1039772857489101,-0.013336210583871577,0
2022-09-07,2021-09-07,2022-09-06,252,historical,0.95,-0.06135184434220568,-0.07377494940635912,0.01879495884956528,0
2022-09-07,2021-09-07,2022-09-06,252,normal,0.95,-0.06474508536760312,-0.08084832090806875,0.01879495884956528,0
2022-09-07,2021-09-07,2022-09-06,252,historical,0.99,-0.07740021781610992,-0.08760900880698848,0.01879495884956528,0
2022-09-07,2021-09-07,2022-09-06,252,normal,0.99,-0.09100814931596805,-0.1040672008941232,0.01879495884956528,0
2022-09-08,2021-09-08,2022-09-07,252,historical,0.95,-0.06135184434220568,-0.07377494940635912,0.020125361977423095,0
2022-09-08,2021-09-08,2022-09-07,252,normal,0.95,-0.06466967139797142,-0.08078068360643317,0.020125361977423095,0
2022-09-08,2021-09-08,2022-09-07,252,historical,0.99,-0.07740021781610992,-0.08760900880698848,0.020125361977423095,0
2022-09-08,2021-09-08,2022-09-07,252,normal,0.99,-0.09094541845765113,-0.10401077658881,0.020125361977423095,0
2022-09-09,2021-09-09,2022-09-08,252,historical,0.95,-0.06135184434220568,-0.07377494940635912,0.028377387766467033,0
2022-09-09,2021-09-09,2022-09-08,252,normal,0.95,-0.06455730999552436,-0.08067443456890351,0.028377387766467033,0
2022-09-09,2021-09-09,2022-09-08,252,historical,0.99,-0.07740021781610992,-0.08760900880698848,0.028377387766467033,0
2022-09-09,2021-09-09,2022-09-08,252,normal,0.99,-0.09084302582392126,-0.10391334082778564,0.028377387766467033,0
2022-09-12,2021-09-10,2022-09-09,252,historical,0.95,-0.06135184434220568,-0.07377494940635912,0.008201908148261605,0
2022-09-12,2021-09-10,2022-09-09,252,normal,0.95,-0.06448614271735362,-0.08062110566929219,0.008201908148261605,0
2022-09-12,2021-09-10,2022-09-09,252,historical,0.99,-0.07740021781610992,-0.08760900880698848,0.008201908148261605,0
2022-09-12,2021-09-10,2022-09-09,252,normal,0.99,-0.09080095148646193,-0.10388573267043605,0.008201908148261605,0
2022-09-13,2021-09-13,2022-09-12,252,historical,0.95,-0.06135184434220568,-0.07377494940635912,-0.0947259442158992,1
2022-09-13,2021-09-13,2022-09-12,252,normal,0.95,-0.06449663430201376,-0.0806288483123823,-0.0947259442158992,1
2022-09-13,2021-09-13,2022-09-12,252,historical,0.99,-0.07740021781610992,-0.08760900880698848,-0.0947259442158992,1
2022-09-13,2021-09-13,2022-09-12,252,normal,0.99,-0.09080695977159745,-0.10388951167874966,-0.0947259442158992,1
2022-09-14,2021-09-14,2022-09-13,252,historical,0.95,-0.06267960016448841,-0.07625921534356296,-0.00022843464684474402,0
2022-09-14,2021-09-14,2022-09-13,252,normal,0.95,-0.06553884512478239,-0.08185495046314907,-0.00022843464684474402,0
2022-09-14,2021-09-14,2022-09-13,252,historical,0.99,-0.08508778628458119,-0.09312495207107219,-0.00022843464684474402,0
2022-09-14,2021-09-14,2022-09-13,252,normal,0.99,-0.0921490823540015,-0.10538076244915472,-0.00022843464684474402,0
2022-09-15,2021-09-15,2022-09-14,252,historical,0.95,-0.06267960016448841,-0.07625921534356296,-0.015158505273205058,0
2022-09-15,2021-09-15,2022-09-14,252,normal,0.95,-0.06555354211166041,-0.08186905497183378,-0.015158505273205058,0
2022-09-15,2021-09-15,2022-09-14,252,historical,0.99,-0.08508778628458119,-0.09312495207107219,-0.015158505273205058,0
2022-09-15,2021-09-15,2022-09-14,252,normal,0.99,-0.09216281305726279,-0.10539401267734219,-0.015158505273205058,0
2022-09-16,2021-09-16,2022-09-15,252,historical,0.95,-0.06267960016448841,-0.07625921534356296,0.020805932187266896,0
2022-09-16,2021-09-16,2022-09-15,252,normal,0.95,-0.06564447277004858,-0.08196331744922145,0.020805932187266896,0
2022-09-16,2021-09-16,2022-09-15,252,historical,0.99,-0.08508778628458119,-0.09312495207107219,0.020805932187266896,0
2022-09-16,2021-09-16,2022-09-15,252,normal,0.99,-0.09225917764072945,-0.10549307922688604,0.020805932187266896,0
2022-09-19,2021-09-17,2022-09-16,252,historical,0.95,-0.06267960016448841,-0.07625921534356296,0.013941733187270211,0
2022-09-19,2021-09-17,2022-09-16,252,normal,0.95,-0.06558473190231746,-0.08191384149654451,0.013941733187270211,0
2022-09-19,2021-09-17,2022-09-16,252,historical,0.99,-0.08508778628458119,-0.09312495207107219,0.013941733187270211,0
2022-09-19,2021-09-17,2022-09-16,252,normal,0.99,-0.09221617801234834,-0.10545840401596754,0.013941733187270211,0
2022-09-20,2021-09-20,2022-09-19,252,historical,0.95,-0.06267960016448841,-0.07625921534356296,-0.01539403868382061,0
2022-09-20,2021-09-20,2022-09-19,252,normal,0.95,-0.06547100433025192,-0.08180077794160882,-0.01539403868382061,0
2022-09-20,2021-09-20,2022-09-19,252,historical,0.99,-0.08508778628458119,-0.09312495207107219,-0.01539403868382061,0
2022-09-20,2021-09-20,2022-09-19,252,normal,0.99,-0.09210353339807102,-0.10534629789185425,-0.01539403868382061,0
2022-09-21,2021-09-21,2022-09-20,252,historical,0.95,-0.06267960016448841,-0.07625921534356296,0.006451178936424995,0
2022-09-21,2021-09-21,2022-09-20,252,normal,0.95,-0.06530498775480581,-0.08161329470472807,0.006451178936424995,0
2022-09-21,2021-09-21,2022-09-20,252,historical,0.99,-0.08508778628458119,-0.09312495207107219,0.006451178936424995,0
2022-09-21,2021-09-21,2022-09-20,252,normal,0.99,-0.0919025064484303,-0.10512786237620324,0.006451178936424995,0
2022-09-22,2021-09-22,2022-09-21,252,historical,0.95,-0.06267960016448841,-0.07625921534356296,-0.052786279547026305,0
2022-09-22,2021-09-22,2022-09-21,252,normal,0.95,-0.06530457591550679,-0.0816129313523823,-0.052786279547026305,0
2022-09-22,2021-09-22,2022-09-21,252,historical,0.99,-0.08508778628458119,-0.09312495207107219,-0.052786279547026305,0
2022-09-22,2021-09-22,2022-09-21,252,normal,0.99,-0.0919021736873979,-0.10512756893606519,-0.052786279547026305,0
2022-09-23,2021-09-23,2022-09-22,252,historical,0.95,-0.06267960016448841,-0.07625921534356296,-0.0035826956235702756,0
2022-09-23,2021-09-23,2022-09-22,252,normal,0.95,-0.0657694729854371,-0.08210974039998109,-0.0035826956235702756,0
2022-09-23,2021-09-23,2022-09-22,252,historical,0.99,-0.08508778628458119,-0.09312495207107219,-0.0035826956235702756,0
2022-09-23,2021-09-23,2022-09-22,252,normal,0.99,-0.09241911659048517,-0.10567039112044882,-0.0035826956235702756,0
2022-09-26,2021-09-24,2022-09-23,252,historical,0.95,-0.06267960016448841,-0.07625921534356296,-0.023010502949552758,0
2022-09-26,2021-09-24,2022-09-23,252,normal,0.95,-0.06582452633122758,-0.08215031131501319,-0.023010502949552758,0
2022-09-26,2021-09-24,2022-09-23,252,historical,0.99,-0.08508778628458119,-0.09312495207107219,-0.023010502949552758,0
2022-09-26,2021-09-24,2022-09-23,252,normal,0.99,-0.09245055027275031,-0.10569008015613189,-0.023010502949552758,0
2022-09-27,2021-09-27,2022-09-26,252,historical,0.95,-0.06267960016448841,-0.07625921534356296,0.015129314420359696,0
2022-09-27,2021-09-27,2022-09-26,252,normal,0.95,-0.06586141838888043,-0.08219135941092316,0.015129314420359696,0
2022-09-27,2021-09-27,2022-09-26,252,historical,0.99,-0.08508778628458119,-0.09312495207107219,0.015129314420359696,0
2022-09-27,2021-09-27,2022-09-26,252,normal,0.99,-0.09249422048987578,-0.10573712074673443,0.015129314420359696,0
2022-09-28,2021-09-28,2022-09-27,252,historical,0.95,-0.06267960016448841,-0.07625921534356296,0.026020865916730695,0
2022-09-28,2021-09-28,2022-09-27,252,normal,0.95,-0.0657231094335197,-0.08205238663354672,0.026020865916730695,0
2022-09-28,2021-09-28,2022-09-27,252,historical,0.99,-0.08508778628458119,-0.09312495207107219,0.026020865916730695,0
2022-09-28,2021-09-28,2022-09-27,252,normal,0.99,-0.0923548288949421,-0.10559719081986617,0.026020865916730695,0
2022-09-29,2021-09-29,2022-09-28,252,historical,0.95,-0.06267960016448841,-0.07625921534356296,-0.04051490836684768,0
2022-09-29,2021-09-29,2022-09-28,252,normal,0.95,-0.06535084958663621,-0.08165651609519281,-0.04051490836684768,0
2022-09-29,2021-09-29,2022-09-28,252,historical,0.99,-0.08508778628458119,-0.09312495207107219,-0.04051490836684768,0
2022-09-29,2021-09-29,2022-09-28,252,normal,0.99,-0.09194406193572116,-0.10516727657580711,-0.04051490836684768,0
2022-09-30,2021-09-30,2022-09-29,252,historical,0.95,-0.06267960016448841,-0.07625921534356296,-0.006628401158742525,0
2022-09-30,2021-09-30,2022-09-29,252,normal,0.95,-0.06560140357243174,-0.0819387420351282,-0.006628401158742525,0
2022-09-30,2021-09-30,2022-09-29,252,historical,0.99,-0.08508778628458119,-0.09312495207107219,-0.006628401158742525,0
2022-09-30,2021-09-30,2022-09-29,252,normal,0.99,-0.09224627029587239,-0.10549516956819602,-0.006628401158742525,0
2022-10-03,2021-10-01,2022-09-30,252,historical,0.95,-0.06267960016448841,-0.07625921534356296,0.030727181768043232,0
2022-10-03,2021-10-01,2022-09-30,252,normal,0.95,-0.0656583710812002,-0.08199372150579994,0.030727181768043232,0
2022-10-03,2021-10-01,2022-09-30,252,historical,0.99,-0.08508778628458119,-0.09312495207107219,0.030727181768043232,0
2022-10-03,2021-10-01,2022-09-30,252,normal,0.99,-0.0922999954766295,-0.10554728253307394,0.030727181768043232,0
2022-10-04,2021-10-04,2022-10-03,252,historical,0.95,-0.06267960016448841,-0.07625921534356296,0.052349786784966934,0
2022-10-04,2021-10-04,2022-10-03,252,normal,0.95,-0.0656267755945351,-0.08198381038756665,0.052349786784966934,0
2022-10-04,2021-10-04,2022-10-03,252,historical,0.99,-0.08508778628458119,-0.09312495207107219,0.052349786784966934,0
2022-10-04,2021-10-04,2022-10-03,252,normal,0.99,-0.09230376542651743,-0.1055686376002558,0.052349786784966934,0
2022-10-05,2021-10-05,2022-10-04,252,historical,0.95,-0.06267960016448841,-0.07625921534356296,0.003189704902322177,0
2022-10-05,2021-10-05,2022-10-04,252,normal,0.95,-0.06527428915970238,-0.08164363938511765,0.003189704902322177,0
2022-10-05,2021-10-05,2022-10-04,252,historical,0.99,-0.08508778628458119,-0.09312495207107219,0.003189704902322177,0
2022-10-05,2021-10-05,2022-10-04,252,normal,0.99,-0.0919713644575796,-0.10524622393270855,0.003189704902322177,0
2022-10-06,2021-10-06,2022-10-05,252,historical,0.95,-0.06267960016448841,-0.07625921534356296,-0.005980601484549708,0
2022-10-06,2021-10-06,2022-10-05,252,normal,0.95,-0.0652908917714581,-0.0816309420615407,-0.005980601484549708,0
2022-10-06,2021-10-06,2022-10-05,252,historical,0.99,-0.08508778628458119,-0.09312495207107219,-0.005980601484549708,0
2022-10-06,2021-10-06,2022-10-05,252,normal,0.99,-0.09194018126421614,-0.10519127971530841,-0.005980601484549708,0
2022-10-07,2021-10-07,2022-10-06,252,historical,0.95,-0.06267960016448841,-0.07625921534356296,-0.0802739966679824,1
2022-10-07,2021-10-07,2022-10-06,252,normal,0.95,-0.0653504528725383,-0.08168733077556414,-0.0802739966679824,1
2022-10-07,2021-10-07,2022-10-06,252,historical,0.99,-0.08508778628458119,-0.09312495207107219,-0.0802739966679824,0
2022-10-07,2021-10-07,2022-10-06,252,normal,0.99,-0.09199456846071478,-0.10524309423837776,-0.0802739966679824,0
2022-10-10,2021-10-08,2022-10-07,252,historical,0.95,-0.06499594280966939,-0.07758920956644173,-0.03362057917365546,0
2022-10-10,2021-10-08,2022-10-07,252,normal,0.95,-0.06623115772084935,-0.08269258398433872,-0.03362057917365546,0
2022-10-10,2021-10-08,2022-10-07,252,historical,0.99,-0.0861566862291917,-0.09312495207107219,-0.03362057917365546,0
2022-10-10,2021-10-08,2022-10-07,252,normal,0.99,-0.09307840152802867,-0.10642793082508878,-0.03362057917365546,0
2022-10-11,2021-10-11,2022-10-10,252,historical,0.95,-0.06499594280966939,-0.07758920956644173,-0.007197908699312916,0
2022-10-11,2021-10-11,2022-10-10,252,normal,0.95,-0.06639603615869569,-0.08287712672812238,-0.007197908699312916,0
2022-10-11,2021-10-11,2022-10-10,252,historical,0.99,-0.0861566862291917,-0.09312495207107219,-0.007197908699312916,0
2022-10-11,2021-10-11,2022-10-10,252,normal,0.99,-0.09327535084523549,-0.10664082707326102,-0.007197908699312916,0
2022-10-12,2021-10-12,2022-10-11,252,historical,0.95,-0.06499594280966939,-0.07758920956644173,-0.007422746976470163,0
2022-10-12,2021-10-12,2022-10-11,252,normal,0.95,-0.06639928619972885,-0.08288052767744475,-0.007422746976470163,0
2022-10-12,2021-10-12,2022-10-11,252,historical,0.99,-0.0861566862291917,-0.09312495207107219,-0.007422746976470163,0
2022-10-12,2021-10-12,2022-10-11,252,normal,0.99,-0.09327884700538178,-0.10664444561372818,-0.007422746976470163,0
2022-10-13,2021-10-13,2022-10-12,252,historical,0.95,-0.06499594280966939,-0.07758920956644173,0.039999856849994186,0
2022-10-13,2021-10-13,2022-10-12,252,normal,0.95,-0.06642700688457413,-0.08290897689673775,0.039999856849994186,0
2022-10-13,2021-10-13,2022-10-12,252,historical,0.99,-0.0861566862291917,-0.09312495207107219,0.039999856849994186,0
2022-10-13,2021-10-13,2022-10-12,252,normal,0.99,-0.09330775587049933,-0.10667394528986042,0.039999856849994186,0
2022-10-14,2021-10-14,2022-10-13,252,historical,0.95,-0.06499594280966939,-0.07758920956644173,-0.06128754517152357,0
2022-10-14,2021-10-14,2022-10-13,252,normal,0.95,-0.06644526271341927,-0.08295912407453437,-0.06128754517152357,0
2022-10-14,2021-10-14,2022-10-13,252,historical,0.99,-0.0861566862291917,-0.09312495207107219,-0.06128754517152357,0
2022-10-14,2021-10-14,2022-10-13,252,normal,0.99,-0.09337802388874628,-0.10677007586037567,-0.06128754517152357,0
2022-10-17,2021-10-15,2022-10-14,252,historical,0.95,-0.06499594280966939,-0.07758920956644173,0.058875803027979234,0
2022-10-17,2021-10-15,2022-10-14,252,normal,0.95,-0.06700235545995002,-0.08355710470794786,0.058875803027979234,0
2022-10-17,2021-10-15,2022-10-14,252,historical,0.99,-0.0861566862291917,-0.09312495207107219,0.058875803027979234,0
2022-10-17,2021-10-15,2022-10-14,252,normal,0.99,-0.09400180144437745,-0.10742701178485652,0.058875803027979234,0
2022-10-18,2021-10-18,2022-10-17,252,historical,0.95,-0.06499594280966939,-0.07758920956644173,0.006645490281829813,0
2022-10-18,2021-10-18,2022-10-17,252,normal,0.95,-0.06708885884819069,-0.08371955841312313,0.006645490281829813,0
2022-10-18,2021-10-18,2022-10-17,252,historical,0.99,-0.0861566862291917,-0.09312495207107219,0.006645490281829813,0
2022-10-18,2021-10-18,2022-10-17,252,normal,0.99,-0.09421217360579352,-0.10769897648174372,0.006645490281829813,0
2022-10-19,2021-10-19,2022-10-18,252,historical,0.95,-0.06499594280966939,-0.07758920956644173,0.0070191092012859,0
2022-10-19,2021-10-19,2022-10-18,252,normal,0.95,-0.06710648345197935,-0.08373175941681862,0.0070191092012859,0
2022-10-19,2021-10-19,2022-10-18,252,historical,0.99,-0.0861566862291917,-0.09312495207107219,0.0070191092012859,0
2022-10-19,2021-10-19,2022-10-18,252,normal,0.99,-0.09422095276012456,-0.10770335732288,0.0070191092012859,0
2022-10-20,2021-10-20,2022-10-19,252,historical,0.95,-0.06499594280966939,-0.07758920956644173,0.011866516697802476,0
2022-10-20,2021-10-20,2022-10-19,252,normal,0.95,-0.06709513847769587,-0.08372152342909997,0.011866516697802476,0
2022-10-20,2021-10-20,2022-10-19,252,historical,0.99,-0.0861566862291917,-0.09312495207107219,0.011866516697802476,0
2022-10-20,2021-10-20,2022-10-19,252,normal,0.99,-0.09421141645249052,-0.10769472035704054,0.011866516697802476,0
2022-10-21,2021-10-21,2022-10-20,252,historical,0.95,-0.06499594280966939,-0.07758920956644173,0.022306005979371157,0
2022-10-21,2021-10-21,2022-10-20,252,normal,0.95,-0.06702591877284668,-0.08365513898016277,0.022306005979371157,0
2022-10-21,2021-10-21,2022-10-20,252,historical,0.99,-0.0861566862291917,-0.09312495207107219,0.022306005979371157,0
2022-10-21,2021-10-21,2022-10-20,252,normal,0.99,-0.0941468208188188,-0.10763242399751771,0.022306005979371157,0
2022-10-24,2021-10-22,2022-10-21,252,historical,0.95,-0.06499594280966939,-0.07758920956644173,0.01066891655282487,0
2022-10-24,2021-10-22,2022-10-21,252,normal,0.95,-0.06702451906720767,-0.08364900679326571,0.01066891655282487,0
2022-10-24,2021-10-22,2022-10-21,252,historical,0.99,-0.0861566862291917,-0.09312495207107219,0.01066891655282487,0
2022-10-24,2021-10-22,2022-10-21,252,normal,0.99,-0.09413770282218153,-0.10761946815620096,0.01066891655282487,0
2022-10-25,2021-10-25,2022-10-24,252,historical,0.95,-0.06499594280966939,-0.07758920956644173,0.0525439130792158,0
2022-10-25,2021-10-25,2022-10-24,252,normal,0.95,-0.06699968254348898,-0.0836271054296974,0.0525439130792158,0
2022-10-25,2021-10-25,2022-10-24,252,historical,0.99,-0.0861566862291917,-0.09312495207107219,0.0525439130792158,0
2022-10-25,2021-10-25,2022-10-24,252,normal,0.99,-0.09411765330530594,-0.10760179893163978,0.0525439130792158,0
2022-10-26,2021-10-26,2022-10-25,252,historical,0.95,-0.06499594280966939,-0.07758920956644173,-0.027524440852393806,0
2022-10-26,2021-10-26,2022-10-25,252,normal,0.95,-0.06707225655122441,-0.08375156775556027,-0.027524440852393806,0
2022-10-26,2021-10-26,2022-10-25,252,historical,0.99,-0.0861566862291917,-0.09312495207107219,-0.027524440852393806,0
2022-10-26,2021-10-26,2022-10-25,252,normal,0.99,-0.09427485292841722,-0.10780107781397988,-0.027524440852393806,0
2022-10-27,2021-10-27,2022-10-26,252,historical,0.95,-0.06499594280966939,-0.07758920956644173,0.021712229849545794,0
2022-10-27,2021-10-27,2022-10-26,252,normal,0.95,-0.06711568437210262,-0.08371078702977781,0.021712229849545794,0
2022-10-27,2021-10-27,2022-10-26,252,historical,0.99,-0.0861566862291917,-0.09312495207107219,0.021712229849545794,0
2022-10-27,2021-10-27,2022-10-26,252,normal,0.99,-0.09418094347689504,-0.10763887874752906,0.021712229849545794,0
2022-10-28,2021-10-28,2022-10-27,252,historical,0.95,-0.06499594280966939,-0.07758920956644173,0.049939214654498354,0
2022-10-28,2021-10-28,2022-10-27,252,normal,0.95,-0.06702539689120693,-0.083630300100623,0.049939214654498354,0
2022-10-28,2021-10-28,2022-10-27,252,historical,0.99,-0.0861566862291917,-0.09312495207107219,0.049939214654498354,0
2022-10-28,2021-10-28,2022-10-27,252,normal,0.99,-0.0941066398966542,-0.10757252300549486,0.049939214654498354,0
2022-10-31,2021-10-29,2022-10-28,252,historical,0.95,-0.06499594280966939,-0.07758920956644173,-0.02436017028686177,0
2022-10-31,2021-10-29,2022-10-28,252,normal,0.95,-0.06708692658740012,-0.08373760183951903,-0.02436017028686177,0
2022-10-31,2021-10-29,2022-10-28,252,historical,0.99,-0.0861566862291917,-0.09312495207107219,-0.02436017028686177,0
2022-10-31,2021-10-29,2022-10-28,252,normal,0.99,-0.09424282006178769,-0.10774582238589361,-0.02436017028686177,0
2022-11-01,2021-11-01,2022-10-31,252,historical,0.95,-0.06499594280966939,-0.07758920956644173,0.0034081314935574536,0
2022-11-01,2021-11-01,2022-10-31,252,normal,0.95,-0.06726683336068044,-0.08391335233546265,0.0034081314935574536,0
2022-11-01,2021-11-01,2022-10-31,252,historical,0.99,-0.0861566862291917,-0.09312495207107219,0.0034081314935574536,0
2022-11-01,2021-11-01,2022-10-31,252,normal,0.99,-0.09441594828567608,-0.10791558004242138,0.0034081314935574536,0
2022-11-02,2021-11-02,2022-11-01,252,historical,0.95,-0.06499594280966939,-0.07758920956644173,-0.023923734425975285,0
2022-11-02,2021-11-02,2022-11-01,252,normal,0.95,-0.06728416238547541,-0.0839282677444821,-0.023923734425975285,0
2022-11-02,2021-11-02,2022-11-01,252,historical,0.99,-0.0861566862291917,-0.09312495207107219,-0.023923734425975285,0
2022-11-02,2021-11-02,2022-11-01,252,normal,0.99,-0.09442934089997145,-0.1079270153151115,-0.023923734425975285,0
2022-11-03,2021-11-03,2022-11-02,252,historical,0.95,-0.06499594280966939,-0.07758920956644173,0.015281067732143772,0
2022-11-03,2021-11-03,2022-11-02,252,normal,0.95,-0.0674596326125915,-0.08410179204817608,0.015281067732143772,0
2022-11-03,2021-11-03,2022-11-02,252,historical,0.99,-0.0861566862291917,-0.09312495207107219,0.015281067732143772,0
2022-11-03,2021-11-03,2022-11-02,252,normal,0.99,-0.09460163748467602,-0.10809773383717936,0.015281067732143772,0
2022-11-04,2021-11-04,2022-11-03,252,historical,0.95,-0.06499594280966939,-0.07758920956644173,0.05476486752642562,0
2022-11-04,2021-11-04,2022-11-03,252,normal,0.95,-0.06744572020724279,-0.08409222800215942,0.05476486752642562,0
2022-11-04,2021-11-04,2022-11-03,252,historical,0.99,-0.0861566862291917,-0.09312495207107219,0.05476486752642562,0
2022-11-04,2021-11-04,2022-11-03,252,normal,0.99,-0.09459481689878937,-0.10809443958913054,0.05476486752642562,0
2022-11-07,2021-11-05,2022-11-04,252,historical,0.95,-0.06499594280966939,-0.07758920956644173,0.010242998919230972,0
2022-11-07,2021-11-05,2022-11-04,252,normal,0.95,-0.06673081687962555,-0.0831295211608934,0.010242998919230972,0
2022-11-07,2021-11-05,2022-11-04,252,historical,0.99,-0.0861566862291917,-0.09312495207107219,0.010242998919230972,0
2022-11-07,2021-11-05,2022-11-04,252,normal,0.99,-0.09347576624877638,-0.10677443063742371,0.010242998919230972,0
2022-11-08,2021-11-08,2022-11-07,252,historical,0.95,-0.06499594280966939,-0.07758920956644173,0.021047467011040766,0
2022-11-08,2021-11-08,2022-11-07,252,normal,0.95,-0.06669645746894422,-0.08309841646487302,0.021047467011040766,0
2022-11-08,2021-11-08,2022-11-07,252,historical,0.99,-0.0861566862291917,-0.09312495207107219,0.021047467011040766,0
2022-11-08,2021-11-08,2022-11-07,252,normal,0.99,-0.09344671501228523,-0.10674801883861097,0.021047467011040766,0
2022-11-09,2021-11-09,2022-11-08,252,historical,0.95,-0.06499594280966939,-0.07758920956644173,-0.056567540062906096,0
2022-11-09,2021-11-09,2022-11-08,252,normal,0.95,-0.06668066005070945,-0.08306417850933732,-0.056567540062906096,0
2022-11-09,2021-11-09,2022-11-08,252,historical,0.99,-0.0861566862291917,-0.09312495207107219,-0.056567540062906096,0
2022-11-09,2021-11-09,2022-11-08,252,normal,0.99,-0.09340084258153762,-0.10668719190215943,-0.056567540062906096,0
2022-11-10,2021-11-10,2022-11-09,252,historical,0.95,-0.06499594280966939,-0.07758920956644173,0.14329268080864477,0
2022-11-10,2021-11-10,2022-11-09,252,normal,0.95,-0.06713140192250205,-0.08357721211612437,0.14329268080864477,0
2022-11-10,2021-11-10,2022-11-09,252,historical,0.99,-0.0861566862291917,-0.09312495207107219,0.14329268080864477,0
2022-11-10,2021-11-10,2022-11-09,252,normal,0.99,-0.09395317719321797,-0.1072900425097178,0.14329268080864477,0
2022-11-11,2021-11-11,2022-11-10,252,historical,0.95,-0.06499594280966939,-0.07758920956644173,0.036634675978057585,0
2022-11-11,2021-11-11,2022-11-10,252,normal,0.95,-0.0680313479863903,-0.08488962760043738,0.036634675978057585,0
2022-11-11,2021-11-11,2022-11-10,252,historical,0.99,-0.0861566862291917,-0.09312495207107219,0.036634675978057585,0
2022-11-11,2021-11-11,2022-11-10,252,normal,0.99,-0.09552582724495633,-0.10919718803736245,0.036634675978057585,0
2022-11-14,2021-11-12,2022-11-11,252,historical,0.95,-0.06499594280966939,-0.07758920956644173,-0.0019599401688898954,0
2022-11-14,2021-11-12,2022-11-11,252,normal,0.95,-0.06804061720629678,-0.08490632391919342,-0.0019599401688898954,0
2022-11-14,2021-11-12,2022-11-11,252,historical,0.99,-0.0861566862291917,-0.09312495207107219,-0.0019599401688898954,0
2022-11-14,2021-11-12,2022-11-11,252,normal,0.99,-0.09554720945740687,-0.1092245933168363,-0.0019599401688898954,0
2022-11-15,2021-11-15,2022-11-14,252,historical,0.95,-0.06499594280966939,-0.07758920956644173,0.022767830134653,0
2022-11-15,2021-11-15,2022-11-14,252,normal,0.95,-0.0680481800586108,-0.08491383223208432,0.022767830134653,0
2022-11-15,2021-11-15,2022-11-14,252,historical,0.99,-0.0861566862291917,-0.09312495207107219,0.022767830134653,0
2022-11-15,2021-11-15,2022-11-14,252,normal,0.99,-0.09555468336036946,-0.10923202299060421,0.022767830134653,0
2022-11-16,2021-11-16,2022-11-15,252,historical,0.95,-0.06499594280966939,-0.07758920956644173,-0.0453618867599026,0
2022-11-16,2021-11-16,2022-11-15,252,normal,0.95,-0.06794950638582185,-0.08482515129020693,-0.0453618867599026,0
2022-11-16,2021-11-16,2022-11-15,252,historical,0.99,-0.0861566862291917,-0.09312495207107219,-0.0453618867599026,0
2022-11-16,2021-11-16,2022-11-15,252,normal,0.99,-0.09547230701679049,-0.10915775033451418,-0.0453618867599026,0
2022-11-17,2021-11-17,2022-11-16,252,historical,0.95,-0.06499594280966939,-0.07758920956644173,-0.014644651623290317,0
2022-11-17,2021-11-17,2022-11-16,252,normal,0.95,-0.06830346149549457,-0.08521731978643582,-0.014644651623290317,0
2022-11-17,2021-11-17,2022-11-16,252,historical,0.99,-0.0861566862291917,-0.09312495207107219,-0.014644651623290317,0
2022-11-17,2021-11-17,2022-11-16,252,normal,0.99,-0.09588858504363638,-0.10960501782212768,-0.014644651623290317,0
2022-11-18,2021-11-18,2022-11-17,252,historical,0.95,-0.06499594280966939,-0.07758920956644173,-0.017095148898697454,0
2022-11-18,2021-11-18,2022-11-17,252,normal,0.95,-0.06818093250060284,-0.08508034177198233,-0.017095148898697454,0
2022-11-18,2021-11-18,2022-11-17,252,historical,0.99,-0.0861566862291917,-0.09312495207107219,-0.017095148898697454,0
2022-11-18,2021-11-18,2022-11-17,252,normal,0.99,-0.09574249087615631,-0.10944720610315081,-0.017095148898697454,0
2022-11-21,2021-11-19,2022-11-18,252,historical,0.95,-0.06499594280966939,-0.07758920956644173,-0.005970478177399818,0
2022-11-21,2021-11-19,2022-11-18,252,normal,0.95,-0.06801609959888531,-0.08477323418733282,-0.005970478177399818,0
2022-11-21,2021-11-19,2022-11-18,252,historical,0.99,-0.0861566862291917,-0.09312495207107219,-0.005970478177399818,0
2022-11-21,2021-11-19,2022-11-18,252,normal,0.99,-0.09534561956907071,-0.10893495596936881,-0.005970478177399818,0
2022-11-22,2021-11-22,2022-11-21,252,historical,0.95,-0.06499594280966939,-0.07758920956644173,0.04707173326511471,0
2022-11-22,2021-11-22,2022-11-21,252,normal,0.95,-0.06805028051155491,-0.08476838724348443,0.04707173326511471,0
2022-11-22,2021-11-22,2022-11-21,252,historical,0.99,-0.0861566862291917,-0.09312495207107219,0.04707173326511471,0
2022-11-22,2021-11-22,2022-11-21,252,normal,0.99,-0.09531614923047944,-0.10887383566888184,0.04707173326511471,0
2022-11-23,2021-11-23,2022-11-22,252,historical,0.95,-0.06499594280966939,-0.07758920956644173,0.029991224424089857,0
2022-11-23,2021-11-23,2022-11-22,252,normal,0.95,-0.06786807372822017,-0.08461879404850063,0.029991224424089857,0
2022-11-23,2021-11-23,2022-11-22,252,historical,0.99,-0.0861566862291917,-0.09312495207107219,0.029991224424089857,0
2022-11-23,2021-11-23,2022-11-22,252,normal,0.99,-0.09518713255010842,-0.10877126724677255,0.029991224424089857,0
2022-11-25,2021-11-24,2022-11-23,252,historical,0.95,-0.06499594280966939,-0.07758920956644173,-0.015073389461559561,0
2022-11-25,2021-11-24,2022-11-23,252,normal,0.95,-0.06780403212324618,-0.08457534192619075,-0.015073389461559561,0
2022-11-25,2021-11-24,2022-11-23,252,historical,0.99,-0.0861566862291917,-0.09312495207107219,-0.015073389461559561,0
2022-11-25,2021-11-24,2022-11-23,252,normal,0.99,-0.09515667071228819,-0.10875750261960927,-0.015073389461559561,0
2022-11-28,2021-11-26,2022-11-25,252,historical,0.95,-0.06499594280966939,-0.07758920956644173,-0.027228151739965067,0
2022-11-28,2021-11-26,2022-11-25,252,normal,0.95,-0.06791505073864113,-0.08466989983248675,-0.027228151739965067,0
2022-11-28,2021-11-26,2022-11-25,252,historical,0.99,-0.0861566862291917,-0.09312495207107219,-0.027228151739965067,0
2022-11-28,2021-11-26,2022-11-25,252,normal,0.99,-0.09524084325351286,-0.10882832621312741,-0.027228151739965067,0
2022-11-29,2021-11-29,2022-11-28,252,historical,0.95,-0.06499594280966939,-0.07758920956644173,-0.011878307084683293,0
2022-11-29,2021-11-29,2022-11-28,252,normal,0.95,-0.06783922977042142,-0.08458349750925188,-0.011878307084683293,0
2022-11-29,2021-11-29,2022-11-28,252,historical,0.99,-0.0861566862291917,-0.09312495207107219,-0.011878307084683293,0
2022-11-29,2021-11-29,2022-11-28,252,normal,0.99,-0.09514776495817244,-0.10872666688073002,-0.011878307084683293,0
2022-11-30,2021-11-30,2022-11-29,252,historical,0.95,-0.06499594280966939,-0.07758920956644173,0.08237893895760151,0
2022-11-30,2021-11-30,2022-11-29,252,normal,0.95,-0.0678199656906861,-0.08448742919726482,0.08237893895760151,0
2022-11-30,2021-11-30,2022-11-29,252,historical,0.99,-0.0861566862291917,-0.09312495207107219,0.08237893895760151,0
2022-11-30,2021-11-30,2022-11-29,252,normal,0.99,-0.0950032394390162,-0.10851985633643857,0.08237893895760151,0
2022-12-01,2021-12-01,2022-11-30,252,historical,0.95,-0.06499594280966939,-0.07758920956644173,0.01252748231983003,0
2022-12-01,2021-12-01,2022-11-30,252,normal,0.95,-0.06796288758079351,-0.08477084801175498,0.01252748231983003,0
2022-12-01,2021-12-01,2022-11-30,252,historical,0.99,-0.0861566862291917,-0.09312495207107219,0.01252748231983003,0
2022-12-01,2021-12-01,2022-11-30,252,normal,0.99,-0.09537530035527404,-0.10900585439144571,0.01252748231983003,0
2022-12-02,2021-12-02,2022-12-01,252,historical,0.95,-0.06499594280966939,-0.07758920956644173,-0.015115251306214272,0
2022-12-02,2021-12-02,2022-12-01,252,normal,0.95,-0.06767284634786162,-0.08445792109915548,-0.015115251306214272,0
2022-12-02,2021-12-02,2022-12-01,252,historical,0.99,-0.0861566862291917,-0.09312495207107219,-0.015115251306214272,0
2022-12-02,2021-12-02,2022-12-01,252,normal,0.99,-0.0950479344451304,-0.10865992915076071,-0.015115251306214272,0
2022-12-05,2021-12-03,2022-12-02,252,historical,0.95,-0.06499594280966939,-0.07758920956644173,-0.01576192960174183,0
2022-12-05,2021-12-03,2022-12-02,252,normal,0.95,-0.06778914049735271,-0.08456636144956103,-0.01576192960174183,0
2022-12-05,2021-12-03,2022-12-02,252,historical,0.99,-0.0861566862291917,-0.09312495207107219,-0.01576192960174183,0
2022-12-05,2021-12-03,2022-12-02,252,normal,0.99,-0.09515141968878996,-0.10875704529132389,-0.01576192960174183,0
2022-12-06,2021-12-06,2022-12-05,252,historical,0.95,-0.06499594280966939,-0.07758920956644173,-0.03750746738975774,0
2022-12-06,2021-12-06,2022-12-05,252,normal,0.95,-0.06754040831293952,-0.0842835181509043,-0.03750746738975774,0
2022-12-06,2021-12-06,2022-12-05,252,historical,0.99,-0.0861566862291917,-0.09312495207107219,-0.03750746738975774,0
2022-12-06,2021-12-06,2022-12-05,252,normal,0.99,-0.09484705505880538,-0.10842501797211296,-0.03750746738975774,0
2022-12-07,2021-12-07,2022-12-06,252,historical,0.95,-0.06499594280966939,-0.07758920956644173,0.008319205636913463,0
2022-12-07,2021-12-07,2022-12-06,252,normal,0.95,-0.06767768563563878,-0.08443940432348042,0.008319205636913463,0
2022-12-07,2021-12-07,2022-12-06,252,historical,0.99,-0.0861566862291917,-0.09312495207107219,0.008319205636913463,0
2022-12-07,2021-12-07,2022-12-06,252,normal,0.99,-0.09501468189810292,-0.10860773581158505,0.008319205636913463,0
2022-12-08,2021-12-08,2022-12-07,252,historical,0.95,-0.06499594280966939,-0.07758920956644173,0.0650747445200015,0
2022-12-08,2021-12-08,2022-12-07,252,normal,0.95,-0.06742535239880464,-0.0840511419445488,0.0650747445200015,0
2022-12-08,2021-12-08,2022-12-07,252,historical,0.99,-0.0861566862291917,-0.09312495207107219,0.0650747445200015,0
2022-12-08,2021-12-08,2022-12-07,252,normal,0.99,-0.0945406593155232,-0.10802348037094617,0.0650747445200015,0
2022-12-09,2021-12-09,2022-12-08,252,historical,0.95,-0.06499594280966939,-0.07758920956644173,-0.009785311454885814,0
2022-12-09,2021-12-09,2022-12-08,252,normal,0.95,-0.06743809077256528,-0.08415140220014744,-0.009785311454885814,0
2022-12-09,2021-12-09,2022-12-08,252,historical,0.99,-0.0861566862291917,-0.09312495207107219,-0.009785311454885814,0
2022-12-09,2021-12-09,2022-12-08,252,normal,0.99,-0.09469613874115614,-0.108249936387977,-0.009785311454885814,0
2022-12-12,2021-12-10,2022-12-09,252,historical,0.95,-0.06499594280966939,-0.07758920956644173,0.031409930908440575,0
2022-12-12,2021-12-10,2022-12-09,252,normal,0.95,-0.0671820573699578,-0.08386277967487199,0.031409930908440575,0
2022-12-12,2021-12-10,2022-12-09,252,historical,0.99,-0.0861566862291917,-0.09312495207107219,0.031409930908440575,0
2022-12-12,2021-12-10,2022-12-09,252,normal,0.99,-0.09438695513711866,-0.10791432436632505,0.031409930908440575,0
2022-12-13,2021-12-13,2022-12-12,252,historical,0.95,-0.06499594280966939,-0.07758920956644173,0.030624410384822998,0
2022-12-13,2021-12-13,2022-12-12,252,normal,0.95,-0.06710249232945242,-0.08380432051159456,0.030624410384822998,0
2022-12-13,2021-12-13,2022-12-12,252,historical,0.99,-0.0861566862291917,-0.09312495207107219,0.030624410384822998,0
2022-12-13,2021-12-13,2022-12-12,252,normal,0.99,-0.09434181206118875,-0.1078862972754796,0.030624410384822998,0
2022-12-14,2021-12-14,2022-12-13,252,historical,0.95,-0.06267960016448841,-0.0772452999871065,-0.022022987580691655,0
2022-12-14,2021-12-14,2022-12-13,252,normal,0.95,-0.06643527963130022,-0.08306648228610755,-0.022022987580691655,0
2022-12-14,2021-12-14,2022-12-13,252,historical,0.99,-0.0861566862291917,-0.09312495207107219,-0.022022987580691655,0
2022-12-14,2021-12-14,2022-12-13,252,normal,0.99,-0.09355941488746203,-0.10704662574829252,-0.022022987580691655,0
2022-12-15,2021-12-15,2022-12-14,252,historical,0.95,-0.06267960016448841,-0.0772452999871065,-0.040850905143248406,0
2022-12-15,2021-12-15,2022-12-14,252,normal,0.95,-0.06657940893851955,-0.0832187244547865,-0.040850905143248406,0
2022-12-15,2021-12-15,2022-12-14,252,historical,0.99,-0.0861566862291917,-0.09312495207107219,-0.040850905143248406,0
2022-12-15,2021-12-15,2022-12-14,252,normal,0.99,-0.0937167756101185,-0.10721056566281274,-0.040850905143248406,0
2022-12-16,2021-12-16,2022-12-15,252,historical,0.95,-0.06267960016448841,-0.0772452999871065,-0.022475436365411827,0
2022-12-16,2021-12-16,2022-12-15,252,normal,0.95,-0.06668867616484579,-0.08323907770313194,-0.022475436365411827,0
2022-12-16,2021-12-16,2022-12-15,252,historical,0.99,-0.0861566862291917,-0.09312495207107219,-0.022475436365411827,0
2022-12-16,2021-12-16,2022-12-15,252,normal,0.99,-0.09368103138928897,-0.1071027159187452,-0.022475436365411827,0
2022-12-19,2021-12-17,2022-12-16,252,historical,0.95,-0.06180186900885019,-0.07681489156352644,-0.01912998287913481,0
2022-12-19,2021-12-17,2022-12-16,252,normal,0.95,-0.06617697595575742,-0.08264330416039972,-0.01912998287913481,0
2022-12-19,2021-12-17,2022-12-16,252,historical,0.99,-0.0861566862291917,-0.09312495207107219,-0.01912998287913481,0
2022-12-19,2021-12-17,2022-12-16,252,normal,0.99,-0.09303221442920408,-0.10638571899584205,-0.01912998287913481,0
2022-12-20,2021-12-20,2022-12-19,252,historical,0.95,-0.06180186900885019,-0.07681489156352644,-0.010397394299417773,0
2022-12-20,2021-12-20,2022-12-19,252,normal,0.95,-0.06616630746119022,-0.08263145096606142,-0.010397394299417773,0
2022-12-20,2021-12-20,2022-12-19,252,historical,0.99,-0.0861566862291917,-0.09312495207107219,-0.010397394299417773,0
2022-12-20,2021-12-20,2022-12-19,252,normal,0.99,-0.09301961378592243,-0.1063721576105172,-0.010397394299417773,0
2022-12-21,2021-12-21,2022-12-20,252,historical,0.95,-0.06180186900885019,-0.07681489156352644,0.02586272640950349,0
2022-12-21,2021-12-21,2022-12-20,252,normal,0.95,-0.06620243387433657,-0.08266924676064466,0.02586272640950349,0
2022-12-21,2021-12-21,2022-12-20,252,historical,0.99,-0.0861566862291917,-0.09312495207107219,0.02586272640950349,0
2022-12-21,2021-12-21,2022-12-20,252,normal,0.99,-0.09305846282405435,-0.10641236044728375,0.02586272640950349,0
2022-12-22,2021-12-22,2022-12-21,252,historical,0.95,-0.06180186900885019,-0.07681489156352644,-0.0704198587709498,1
2022-12-22,2021-12-22,2022-12-21,252,normal,0.95,-0.06614491673793665,-0.08257387458816208,-0.0704198587709498,1
2022-12-22,2021-12-22,2022-12-21,252,historical,0.99,-0.0861566862291917,-0.09312495207107219,-0.0704198587709498,0
2022-12-22,2021-12-22,2022-12-21,252,normal,0.99,-0.0929392072108801,-0.10626240598061176,-0.0704198587709498,0
2022-12-23,2021-12-23,2022-12-22,252,historical,0.95,-0.06267960016448841,-0.07742945862034954,-0.008670902630614874,0
2022-12-23,2021-12-23,2022-12-22,252,normal,0.95,-0.06684820892825277,-0.08337357286444778,-0.008670902630614874,0
2022-12-23,2021-12-23,2022-12-22,252,historical,0.99,-0.0861566862291917,-0.09312495207107219,-0.008670902630614874,0
2022-12-23,2021-12-23,2022-12-22,252,normal,0.99,-0.09379972986550066,-0.10720110994519087,-0.008670902630614874,0
2022-12-27,2021-12-27,2022-12-23,252,historical,0.95,-0.06267960016448841,-0.07742945862034954,-0.07135331112609045,1
2022-12-27,2021-12-27,2022-12-23,252,normal,0.95,-0.06691061059547788,-0.08343485645048271,-0.07135331112609045,1
2022-12-27,2021-12-27,2022-12-23,252,historical,0.99,-0.0861566862291917,-0.09312495207107219,-0.07135331112609045,0
2022-12-27,2021-12-27,2022-12-23,252,normal,0.99,-0.09386030803348404,-0.10726078139601829,-0.07135331112609045,0
2022-12-28,2021-12-28,2022-12-27,252,historical,0.95,-0.06531472904615952,-0.07807324626308279,-0.00601933918794384,0
2022-12-28,2021-12-28,2022-12-27,252,normal,0.95,-0.06758929860597446,-0.08416964280194426,-0.00601933918794384,0
2022-12-28,2021-12-28,2022-12-27,252,historical,0.99,-0.0861566862291917,-0.09312495207107219,-0.00601933918794384,0
2022-12-28,2021-12-28,2022-12-27,252,normal,0.99,-0.09463048786327731,-0.10807645463775786,-0.00601933918794384,0
2022-12-29,2021-12-29,2022-12-28,252,historical,0.95,-0.06531472904615952,-0.07807324626308279,0.040396095950519184,0
2022-12-29,2021-12-29,2022-12-28,252,normal,0.95,-0.06750816107066783,-0.08408212030358536,0.040396095950519184,0
2022-12-29,2021-12-29,2022-12-28,252,historical,0.99,-0.0861566862291917,-0.09312495207107219,0.040396095950519184,0
2022-12-29,2021-12-29,2022-12-28,252,normal,0.99,-0.09453893697392587,-0.10797972580999679,0.040396095950519184,0
2022-12-30,2021-12-30,2022-12-29,252,historical,0.95,-0.06531472904615952,-0.07807324626308279,0.0007533419433298771,0
2022-12-30,2021-12-30,2022-12-29,252,normal,0.95,-0.06744947912536879,-0.08405992609662984,0.0007533419433298771,0
2022-12-30,2021-12-30,2022-12-29,252,historical,0.99,-0.0861566862291917,-0.09312495207107219,0.0007533419433298771,0
2022-12-30,2021-12-30,2022-12-29,252,normal,0.99,-0.09453976355429168,-0.10801014242249005,0.0007533419433298771,0
2023-01-03,2021-12-31,2022-12-30,252,historical,0.95,-0.06531472904615952,-0.07807324626308279,-0.020459997353469705,0
2023-01-03,2021-12-31,2022-12-30,252,normal,0.95,-0.06738076492194327,-0.08398846009637824,-0.020459997353469705,0
2023-01-03,2021-12-31,2022-12-30,252,historical,0.99,-0.0861566862291917,-0.09312495207107219,-0.020459997353469705,0
2023-01-03,2021-12-31,2022-12-30,252,normal,0.99,-0.09446656139465175,-0.10793470867053476,-0.020459997353469705,0
2023-01-04,2022-01-03,2023-01-03,252,historical,0.95,-0.06531472904615952,-0.07807324626308279,0.030318017398663022,0
2023-01-04,2022-01-03,2023-01-03,252,normal,0.95,-0.06746522370191592,-0.08407971186512528,0.030318017398663022,0
2023-01-04,2022-01-03,2023-01-03,252,historical,0.99,-0.0861566862291917,-0.09312495207107219,0.030318017398663022,0
2023-01-04,2022-01-03,2023-01-03,252,normal,0.99,-0.09456209898534745,-0.10803575509146221,0.030318017398663022,0
2023-01-05,2022-01-04,2023-01-04,252,historical,0.95,-0.06531472904615952,-0.07807324626308279,-0.03281574250483965,0
2023-01-05,2022-01-04,2023-01-04,252,normal,0.95,-0.0674705155743971,-0.08409257565741132,-0.03281574250483965,0
2023-01-05,2022-01-04,2023-01-04,252,historical,0.99,-0.0861566862291917,-0.09312495207107219,-0.03281574250483965,0
2023-01-05,2022-01-04,2023-01-04,252,normal,0.99,-0.09457974004154067,-0.10805953665842603,-0.03281574250483965,0
2023-01-06,2022-01-05,2023-01-05,252,historical,0.95,-0.06531472904615952,-0.07807324626308279,0.04164013186393922,0
2023-01-06,2022-01-05,2023-01-05,252,normal,0.95,-0.06751549435930314,-0.08414371160464768,0.04164013186393922,0
2023-01-06,2022-01-05,2023-01-05,252,historical,0.99,-0.0861566862291917,-0.09312495207107219,0.04164013186393922,0
2023-01-06,2022-01-05,2023-01-05,252,normal,0.99,-0.09463476065609114,-0.1081195504745132,0.04164013186393922,0
2023-01-09,2022-01-06,2023-01-06,252,historical,0.95,-0.06531472904615952,-0.07807324626308279,0.05175335048547325,0
2023-01-09,2022-01-06,2023-01-06,252,normal,0.95,-0.0670221492065012,-0.0836250423325438,0.05175335048547325,0
2023-01-09,2022-01-06,2023-01-06,252,historical,0.99,-0.0861566862291917,-0.09312495207107219,0.05175335048547325,0
2023-01-09,2022-01-06,2023-01-06,252,normal,0.99,-0.09410011392988853,-0.10756436694505113,0.05175335048547325,0
2023-01-10,2022-01-07,2023-01-09,252,historical,0.95,-0.06531472904615952,-0.07807324626308279,0.017980424355305447,0
2023-01-10,2022-01-07,2023-01-09,252,normal,0.95,-0.06709242453111411,-0.08374438044443927,0.017980424355305447,0
2023-01-10,2022-01-07,2023-01-09,252,historical,0.99,-0.0861566862291917,-0.09312495207107219,0.017980424355305447,0
2023-01-10,2022-01-07,2023-01-09,252,normal,0.99,-0.0942504066594912,-0.10775444754635706,0.017980424355305447,0
2023-01-11,2022-01-10,2023-01-10,252,historical,0.95,-0.06531472904615952,-0.07807324626308279,0.0057827985530793935,0
2023-01-11,2022-01-10,2023-01-10,252,normal,0.95,-0.06683887380288116,-0.08347785093242449,0.0057827985530793935,0
2023-01-11,2022-01-10,2023-01-10,252,historical,0.99,-0.0861566862291917,-0.09312495207107219,0.0057827985530793935,0
2023-01-11,2022-01-10,2023-01-10,252,normal,0.99,-0.09397568859332933,-0.10746920422852121,0.0057827985530793935,0
2023-01-12,2022-01-11,2023-01-11,252,historical,0.95,-0.06531472904615952,-0.07807324626308279,0.03187302838739425,0
2023-01-12,2022-01-11,2023-01-11,252,normal,0.95,-0.06683840316834273,-0.0834774296014718,0.03187302838739425,0
2023-01-12,2022-01-11,2023-01-11,252,historical,0.99,-0.0861566862291917,-0.09312495207107219,0.03187302838739425,0
2023-01-12,2022-01-11,2023-01-11,252,normal,0.99,-0.09397529836891853,-0.1074688539872596,0.03187302838739425,0
2023-01-13,2022-01-12,2023-01-12,252,historical,0.95,-0.06531472904615952,-0.07807324626308279,0.02349973434316932,0
2023-01-13,2022-01-12,2023-01-12,252,normal,0.95,-0.06684039906555211,-0.08349672157215286,0.02349973434316932,0
2023-01-13,2022-01-12,2023-01-12,252,historical,0.99,-0.0861566862291917,-0.09312495207107219,0.02349973434316932,0
2023-01-13,2022-01-12,2023-01-12,252,normal,0.99,-0.09400550275146621,-0.10751308476313665,0.02349973434316932,0
2023-01-17,2022-01-13,2023-01-13,252,historical,0.95,-0.06531472904615952,-0.07807324626308279,0.04751767186611744,0
2023-01-17,2022-01-13,2023-01-13,252,normal,0.95,-0.06681842894510763,-0.08348626446331912,0.04751767186611744,0
2023-01-17,2022-01-13,2023-01-13,252,historical,0.99,-0.0861566862291917,-0.09312495207107219,0.04751767186611744,0
2023-01-17,2022-01-13,2023-01-13,252,normal,0.99,-0.09400230941407325,-0.1075192279973952,0.04751767186611744,0
2023-01-18,2022-01-14,2023-01-17,252,historical,0.95,-0.06531472904615952,-0.07807324626308279,-0.018359633994344482,0
2023-01-18,2022-01-14,2023-01-17,252,normal,0.95,-0.0664174038790766,-0.08308253599103842,-0.018359633994344482,0
2023-01-18,2022-01-14,2023-01-17,252,historical,0.99,-0.0861566862291917,-0.09312495207107219,-0.018359633994344482,0
2023-01-18,2022-01-14,2023-01-17,252,normal,0.99,-0.09359687531291168,-0.10711160154665504,-0.018359633994344482,0
2023-01-19,2022-01-18,2023-01-18,252,historical,0.95,-0.06531472904615952,-0.07807324626308279,-0.035219181440396485,0
2023-01-19,2022-01-18,2023-01-18,252,normal,0.95,-0.06655242893151879,-0.0832194327375545,-0.035219181440396485,0
2023-01-19,2022-01-18,2023-01-18,252,historical,0.99,-0.0861566862291917,-0.09312495207107219,-0.035219181440396485,0
2023-01-19,2022-01-18,2023-01-18,252,normal,0.99,-0.09373495294575182,-0.10725119704523017,-0.035219181440396485,0
2023-01-20,2022-01-19,2023-01-19,252,historical,0.95,-0.06531472904615952,-0.07807324626308279,0.06406227936930264,0
2023-01-20,2022-01-19,2023-01-19,252,normal,0.95,-0.06651938944902194,-0.08318137234637188,0.06406227936930264,0
2023-01-20,2022-01-19,2023-01-19,252,historical,0.99,-0.0861566862291917,-0.09312495207107219,0.06406227936930264,0
2023-01-20,2022-01-19,2023-01-19,252,normal,0.99,-0.09369372477064333,-0.10720589712284255,0.06406227936930264,0
2023-01-23,2022-01-20,2023-01-20,252,historical,0.95,-0.06531472904615952,-0.07807324626308279,0.07590117499040927,0
2023-01-23,2022-01-20,2023-01-20,252,normal,0.95,-0.06639993748941425,-0.08312869122555148,0.07590117499040927,0
2023-01-23,2022-01-20,2023-01-20,252,historical,0.99,-0.0861566862291917,-0.09312495207107219,0.07590117499040927,0
2023-01-23,2022-01-20,2023-01-20,252,normal,0.99,-0.09368317060393883,-0.10724949131815195,0.07590117499040927,0
2023-01-24,2022-01-21,2023-01-23,252,historical,0.95,-0.06531472904615952,-0.07807324626308279,0.00375107349800774,0
2023-01-24,2022-01-21,2023-01-23,252,normal,0.95,-0.06632053366204683,-0.08314250946404535,0.00375107349800774,0
2023-01-24,2022-01-21,2023-01-23,252,historical,0.99,-0.0861566862291917,-0.09312495207107219,0.00375107349800774,0
2023-01-24,2022-01-21,2023-01-23,252,normal,0.99,-0.0937558043637359,-0.10739772428055931,0.00375107349800774,0
2023-01-25,2022-01-24,2023-01-24,252,historical,0.95,-0.06531472904615952,-0.07807324626308279,0.0030107038528526253,0
2023-01-25,2022-01-24,2023-01-24,252,normal,0.95,-0.0660953819434188,-0.08289633408687189,0.0030107038528526253,0
2023-01-25,2022-01-24,2023-01-24,252,historical,0.99,-0.0861566862291917,-0.09312495207107219,0.0030107038528526253,0
2023-01-25,2022-01-24,2023-01-24,252,normal,0.99,-0.0934963647724987,-0.10712123538015586,0.0030107038528526253,0
2023-01-26,2022-01-25,2023-01-25,252,historical,0.95,-0.06531472904615952,-0.07807324626308279,0.024789302467045582,0
2023-01-26,2022-01-25,2023-01-25,252,normal,0.95,-0.06608380953890987,-0.08288494331951791,0.024789302467045582,0
2023-01-26,2022-01-25,2023-01-25,252,historical,0.99,-0.0861566862291917,-0.09312495207107219,0.024789302467045582,0
2023-01-26,2022-01-25,2023-01-25,252,normal,0.99,-0.093485088603377,-0.10711010651118195,0.024789302467045582,0
2023-01-27,2022-01-26,2023-01-26,252,historical,0.95,-0.06531472904615952,-0.07807324626308279,0.028431417649107615,0
2023-01-27,2022-01-26,2023-01-26,252,normal,0.95,-0.06569147443783091,-0.0824631321317317,0.028431417649107615,0
2023-01-27,2022-01-26,2023-01-26,252,historical,0.99,-0.0861566862291917,-0.09312495207107219,0.028431417649107615,0
2023-01-27,2022-01-26,2023-01-26,252,normal,0.99,-0.09304468040865203,-0.10664579444101129,0.028431417649107615,0
2023-01-30,2022-01-27,2023-01-27,252,historical,0.95,-0.06531472904615952,-0.07807324626308279,-0.05907186794099284,0
2023-01-30,2022-01-27,2023-01-27,252,normal,0.95,-0.06569092031169692,-0.08247086842285754,-0.05907186794099284,0
2023-01-30,2022-01-27,2023-01-27,252,historical,0.99,-0.0861566862291917,-0.09312495207107219,-0.05907186794099284,0
2023-01-30,2022-01-27,2023-01-27,252,normal,0.99,-0.09305764727698568,-0.1066654844915482,-0.05907186794099284,0
2023-01-31,2022-01-28,2023-01-30,252,historical,0.95,-0.06531472904615952,-0.07807324626308279,0.01956999599517828,0
2023-01-31,2022-01-28,2023-01-30,252,normal,0.95,-0.06595882603374492,-0.0827839378088077,0.01956999599517828,0
2023-01-31,2022-01-28,2023-01-30,252,historical,0.99,-0.0861566862291917,-0.09312495207107219,0.01956999599517828,0
2023-01-31,2022-01-28,2023-01-30,252,normal,0.99,-0.09339921125176336,-0.1070436743117887,0.01956999599517828,0
2023-02-01,2022-01-31,2023-01-31,252,historical,0.95,-0.06531472904615952,-0.07807324626308279,0.07196605152591129,0
2023-02-01,2022-01-31,2023-01-31,252,normal,0.95,-0.0659394034962843,-0.08273814756267525,0.07196605152591129,0
2023-02-01,2022-01-31,2023-01-31,252,historical,0.99,-0.0861566862291917,-0.09312495207107219,0.07196605152591129,0
2023-02-01,2022-01-31,2023-01-31,252,normal,0.99,-0.09333678513174441,-0.10695986508110991,0.07196605152591129,0
2023-02-02,2022-02-01,2023-02-01,252,historical,0.95,-0.06531472904615952,-0.07807324626308279,0.036575156055022706,0
2023-02-02,2022-02-01,2023-02-01,252,normal,0.95,-0.06593862552224561,-0.08273707063234445,0.036575156055022706,0
2023-02-02,2022-02-01,2023-02-01,252,historical,0.99,-0.0861566862291917,-0.09312495207107219,0.036575156055022706,0
2023-02-02,2022-02-01,2023-02-01,252,normal,0.99,-0.09333551958437315,-0.10695835709266967,0.036575156055022706,0
2023-02-03,2022-02-02,2023-02-02,252,historical,0.95,-0.06531472904615952,-0.07807324626308279,-0.028052760621867123,0
2023-02-03,2022-02-02,2023-02-02,252,normal,0.95,-0.06592270705143903,-0.08274772170966842,-0.028052760621867123,0
2023-02-03,2022-02-02,2023-02-02,252,historical,0.99,-0.0861566862291917,-0.09312495207107219,-0.028052760621867123,0
2023-02-03,2022-02-02,2023-02-02,252,normal,0.99,-0.09336293387982204,-0.10700731818215094,-0.028052760621867123,0
2023-02-06,2022-02-03,2023-02-03,252,historical,0.95,-0.06531472904615952,-0.07807324626308279,-0.0005212408598052054,0
2023-02-06,2022-02-03,2023-02-03,252,normal,0.95,-0.06614817495937632,-0.08297747411628888,-0.0005212408598052054,0
2023-02-06,2022-02-03,2023-02-03,252,historical,0.99,-0.0861566862291917,-0.09312495207107219,-0.0005212408598052054,0
2023-02-06,2022-02-03,2023-02-03,252,normal,0.99,-0.09359538945571093,-0.10724324830755813,-0.0005212408598052054,0
2023-02-07,2022-02-04,2023-02-06,252,historical,0.95,-0.06531472904615952,-0.07807324626308279,0.05140116948790485,0
2023-02-07,2022-02-04,2023-02-06,252,normal,0.95,-0.06573104185931158,-0.08250552579895468,0.05140116948790485,0
2023-02-07,2022-02-04,2023-02-06,252,historical,0.99,-0.0861566862291917,-0.09312495207107219,0.05140116948790485,0
2023-02-07,2022-02-04,2023-02-06,252,normal,0.99,-0.0930888572064582,-0.106692263206095,0.05140116948790485,0
2023-02-08,2022-02-07,2023-02-07,252,historical,0.95,-0.06531472904615952,-0.07807324626308279,0.001443256259547887,0
2023-02-08,2022-02-07,2023-02-07,252,normal,0.95,-0.06578214760372088,-0.08260581444393718,0.001443256259547887,0
2023-02-08,2022-02-07,2023-02-07,252,historical,0.99,-0.0861566862291917,-0.09312495207107219,0.001443256259547887,0
2023-02-08,2022-02-07,2023-02-07,252,normal,0.99,-0.09322017625083907,-0.10686346752904208,0.001443256259547887,0
2023-02-09,2022-02-08,2023-02-08,252,historical,0.95,-0.06531472904615952,-0.07807324626308279,0.0059444858417057045,0
2023-02-09,2022-02-08,2023-02-08,252,normal,0.95,-0.06582133624475502,-0.08263945919492612,0.0059444858417057045,0
2023-02-09,2022-02-08,2023-02-08,252,historical,0.99,-0.0861566862291917,-0.09312495207107219,0.0059444858417057045,0
2023-02-09,2022-02-08,2023-02-08,252,normal,0.99,-0.09325032325931344,-0.10688911867419368,0.0059444858417057045,0
2023-02-10,2022-02-09,2023-02-09,252,historical,0.95,-0.06531472904615952,-0.07807324626308279,-0.04799230568619117,0
2023-02-10,2022-02-09,2023-02-09,252,normal,0.95,-0.06584293383958917,-0.08265704461062245,-0.04799230568619117,0
2023-02-10,2022-02-09,2023-02-09,252,historical,0.99,-0.0861566862291917,-0.09312495207107219,-0.04799230568619117,0
2023-02-10,2022-02-09,2023-02-09,252,normal,0.99,-0.09326537731716684,-0.10690091902230844,-0.04799230568619117,0
2023-02-13,2022-02-10,2023-02-10,252,historical,0.95,-0.06531472904615952,-0.07807324626308279,0.0245947787178169,0
2023-02-13,2022-02-10,2023-02-10,252,normal,0.95,-0.06614597846807586,-0.08292457357138527,0.0245947787178169,0
2023-02-13,2022-02-10,2023-02-10,252,historical,0.99,-0.0861566862291917,-0.09312495207107219,0.0245947787178169,0
2023-02-13,2022-02-10,2023-02-10,252,normal,0.99,-0.09351049878789702,-0.10711723876959163,0.0245947787178169,0
2023-02-14,2022-02-11,2023-02-13,252,historical,0.95,-0.06531472904615952,-0.07807324626308279,0.054296031760043384,0
2023-02-14,2022-02-11,2023-02-13,252,normal,0.95,-0.06587786139345199,-0.08264639514742052,0.054296031760043384,0
2023-02-14,2022-02-11,2023-02-13,252,historical,0.99,-0.0861566862291917,-0.09312495207107219,0.054296031760043384,0
2023-02-14,2022-02-11,2023-02-13,252,normal,0.99,-0.09322597247300074,-0.1068245531205256,0.054296031760043384,0
2023-02-15,2022-02-14,2023-02-14,252,historical,0.95,-0.06267960016448841,-0.07733302982691771,-0.009011612649531875,0
2023-02-15,2022-02-14,2023-02-14,252,normal,0.95,-0.06517634878325103,-0.08189460043224674,-0.009011612649531875,0
2023-02-15,2022-02-14,2023-02-14,252,historical,0.99,-0.0861566862291917,-0.09312495207107219,-0.009011612649531875,0
2023-02-15,2022-02-14,2023-02-14,252,normal,0.99,-0.09244245385009253,-0.10600025781018411,-0.009011612649531875,0
2023-02-16,2022-02-15,2023-02-15,252,historical,0.95,-0.06267960016448841,-0.07733302982691771,-0.033473724226933066,0
2023-02-16,2022-02-15,2023-02-15,252,normal,0.95,-0.06525916213852906,-0.08197598115962568,-0.033473724226933066,0
2023-02-16,2022-02-15,2023-02-15,252,historical,0.99,-0.0861566862291917,-0.09312495207107219,-0.033473724226933066,0
2023-02-16,2022-02-15,2023-02-15,252,normal,0.99,-0.09252293070609786,-0.1060795728647875,-0.033473724226933066,0
2023-02-17,2022-02-16,2023-02-16,252,historical,0.95,-0.06267960016448841,-0.07733302982691771,-0.027906625993839973,0
2023-02-17,2022-02-16,2023-02-16,252,normal,0.95,-0.06516109019887989,-0.08172669525481357,-0.027906625993839973,0
2023-02-17,2022-02-16,2023-02-16,252,historical,0.99,-0.0861566862291917,-0.09312495207107219,-0.027906625993839973,0
2023-02-17,2022-02-16,2023-02-16,252,normal,0.99,-0.09217824112076005,-0.10561225506815404,-0.027906625993839973,0
2023-02-21,2022-02-17,2023-02-17,252,historical,0.95,-0.06267960016448841,-0.07733302982691771,-0.03427150744633234,0
2023-02-21,2022-02-17,2023-02-17,252,normal,0.95,-0.0653384888786423,-0.08192041906583397,-0.03427150744633234,0
2023-02-21,2022-02-17,2023-02-17,252,historical,0.99,-0.0861566862291917,-0.09312495207107219,-0.03427150744633234,0
2023-02-21,2022-02-17,2023-02-17,252,normal,0.99,-0.0923822647582905,-0.10582951770542354,-0.03427150744633234,0
2023-02-22,2022-02-18,2023-02-21,252,historical,0.95,-0.06180186900885019,-0.07632067682383804,0.004792698731891587,0
2023-02-22,2022-02-18,2023-02-21,252,normal,0.95,-0.06479850688304316,-0.08128491397524738,0.004792698731891587,0
2023-02-22,2022-02-18,2023-02-21,252,historical,0.99,-0.0861566862291917,-0.09312495207107219,0.004792698731891587,0
2023-02-22,2022-02-18,2023-02-21,252,normal,0.99,-0.09168649238467093,-0.10505628009065963,0.004792698731891587,0
2023-02-23,2022-02-22,2023-02-22,252,historical,0.95,-0.06180186900885019,-0.07632067682383804,0.1402141411026765,0
2023-02-23,2022-02-22,2023-02-22,252,normal,0.95,-0.06453660391077308,-0.0809968905055943,0.1402141411026765,0
2023-02-23,2022-02-22,2023-02-22,252,historical,0.99,-0.0861566862291917,-0.09312495207107219,0.1402141411026765,0
2023-02-23,2022-02-22,2023-02-22,252,normal,0.99,-0.09138198901129457,-0.10473059408465554,0.1402141411026765,0
2023-02-24,2022-02-23,2023-02-23,252,historical,0.95,-0.06180186900885019,-0.07632067682383804,-0.01597375517249411,0
2023-02-24,2022-02-23,2023-02-23,252,normal,0.95,-0.06553022015409578,-0.08239502003443042,-0.01597375517249411,0
2023-02-24,2022-02-23,2023-02-23,252,historical,0.99,-0.0861566862291917,-0.09312495207107219,-0.01597375517249411,0
2023-02-24,2022-02-23,2023-02-23,252,normal,0.99,-0.09303533343524939,-0.10671198189133889,-0.01597375517249411,0
2023-02-27,2022-02-24,2023-02-24,252,historical,0.95,-0.06180186900885019,-0.07632067682383804,0.009233074668845598,0
2023-02-27,2022-02-24,2023-02-24,252,normal,0.95,-0.0652907660559812,-0.08212186078704917,0.009233074668845598,0
2023-02-27,2022-02-24,2023-02-24,252,historical,0.99,-0.0861566862291917,-0.09312495207107219,0.009233074668845598,0
2023-02-27,2022-02-24,2023-02-24,252,normal,0.99,-0.09274090898733427,-0.1063902239748412,0.009233074668845598,0
2023-02-28,2022-02-25,2023-02-27,252,historical,0.95,-0.06180186900885019,-0.07632067682383804,-0.012127050032356923,0
2023-02-28,2022-02-25,2023-02-27,252,normal,0.95,-0.06520825116425488,-0.08196640497721507,-0.012127050032356923,0
2023-02-28,2022-02-25,2023-02-27,252,historical,0.99,-0.0861566862291917,-0.09312495207107219,-0.012127050032356923,0
2023-02-28,2022-02-25,2023-02-27,252,normal,0.99,-0.09253943340650275,-0.10612959635531947,-0.012127050032356923,0
2023-03-01,2022-02-28,2023-02-28,252,historical,0.95,-0.06180186900885019,-0.07632067682383804,-0.022312099847419664,0
2023-03-01,2022-02-28,2023-02-28,252,normal,0.95,-0.0653158560157296,-0.08207175850203305,-0.022312099847419664,0
2023-03-01,2022-02-28,2023-02-28,252,historical,0.99,-0.0861566862291917,-0.09312495207107219,-0.022312099847419664,0
2023-03-01,2022-02-28,2023-02-28,252,normal,0.99,-0.09264336652779592,-0.1062317037447058,-0.022312099847419664,0
2023-03-02,2022-03-01,2023-03-01,252,historical,0.95,-0.06180186900885019,-0.07632067682383804,0.027138681866527348,0
2023-03-02,2022-03-01,2023-03-01,252,normal,0.95,-0.06547824195668918,-0.08224338975864962,0.027138681866527348,0
2023-03-02,2022-03-01,2023-03-01,252,historical,0.99,-0.0861566862291917,-0.09312495207107219,0.027138681866527348,0
2023-03-02,2022-03-01,2023-03-01,252,normal,0.99,-0.09282083082463699,-0.10641666560647521,0.027138681866527348,0
2023-03-03,2022-03-02,2023-03-02,252,historical,0.95,-0.06180186900885019,-0.07632067682383804,0.024706142417039167,0
2023-03-03,2022-03-02,2023-03-02,252,normal,0.95,-0.06516290795925989,-0.08191284419622641,0.024706142417039167,0
2023-03-03,2022-03-02,2023-03-02,252,historical,0.99,-0.0861566862291917,-0.09312495207107219,0.024706142417039167,0
2023-03-03,2022-03-02,2023-03-02,252,normal,0.99,-0.09248068800520504,-0.10606418684304363,0.024706142417039167,0
2023-03-06,2022-03-03,2023-03-03,252,historical,0.95,-0.06180186900885019,-0.07632067682383804,-0.014064164697400572,0
2023-03-06,2022-03-03,2023-03-03,252,normal,0.95,-0.0651591362635306,-0.08190093887387083,-0.014064164697400572,0
2023-03-06,2022-03-03,2023-03-03,252,historical,0.99,-0.0861566862291917,-0.09312495207107219,-0.014064164697400572,0
2023-03-06,2022-03-03,2023-03-03,252,normal,0.99,-0.09246365102774516,-0.10604055383403696,-0.014064164697400572,0
2023-03-07,2022-03-04,2023-03-06,252,historical,0.95,-0.06180186900885019,-0.07632067682383804,-0.011125347641723682,0
2023-03-07,2022-03-04,2023-03-06,252,normal,0.95,-0.06511167457408339,-0.08184830312323377,-0.011125347641723682,0
2023-03-07,2022-03-04,2023-03-06,252,historical,0.99,-0.0861566862291917,-0.09312495207107219,-0.011125347641723682,0
2023-03-07,2022-03-04,2023-03-06,252,normal,0.99,-0.09240775086644176,-0.10598045772516905,-0.011125347641723682,0
2023-03-08,2022-03-07,2023-03-07,252,historical,0.95,-0.06180186900885019,-0.07632067682383804,0.038345986361022044,0
2023-03-08,2022-03-07,2023-03-07,252,normal,0.95,-0.06494477558166602,-0.08166086270355694,0.038345986361022044,0
2023-03-08,2022-03-07,2023-03-07,252,historical,0.99,-0.0861566862291917,-0.09312495207107219,0.038345986361022044,0
2023-03-08,2022-03-07,2023-03-07,252,normal,0.99,-0.09220735048131667,-0.10576339910031343,0.038345986361022044,0
2023-03-09,2022-03-08,2023-03-08,252,historical,0.95,-0.060837520504879075,-0.07572265898222635,-0.030809381668781888,0
2023-03-09,2022-03-08,2023-03-08,252,normal,0.95,-0.0642288842285481,-0.08087138346645555,-0.030809381668781888,0
2023-03-09,2022-03-08,2023-03-08,252,historical,0.99,-0.0861566862291917,-0.09312495207107219,-0.030809381668781888,0
2023-03-09,2022-03-08,2023-03-08,252,normal,0.99,-0.09137144329051033,-0.10486781520850792,-0.030809381668781888,0
2023-03-10,2022-03-09,2023-03-09,252,historical,0.95,-0.060837520504879075,-0.07572265898222635,-0.020097157584258896,0
2023-03-10,2022-03-09,2023-03-09,252,normal,0.95,-0.06446217650021438,-0.0811252340996013,-0.020097157584258896,0
2023-03-10,2022-03-09,2023-03-09,252,historical,0.99,-0.0861566862291917,-0.09312495207107219,-0.020097157584258896,0
2023-03-10,2022-03-09,2023-03-09,252,normal,0.99,-0.09163826457321622,-0.10515130846388963,-0.020097157584258896,0
2023-03-13,2022-03-10,2023-03-10,252,historical,0.95,-0.060837520504879075,-0.07572265898222635,4.357537356503016e-05,0
2023-03-13,2022-03-10,2023-03-10,252,normal,0.95,-0.06446545750053986,-0.08103880204359809,4.357537356503016e-05,0
2023-03-13,2022-03-10,2023-03-10,252,historical,0.99,-0.0861566862291917,-0.09312495207107219,4.357537356503016e-05,0
2023-03-13,2022-03-10,2023-03-10,252,normal,0.99,-0.09149523089476531,-0.10493552124302878,4.357537356503016e-05,0
2023-03-14,2022-03-11,2023-03-13,252,historical,0.95,-0.060837520504879075,-0.07572265898222635,0.04776619289885664,0
2023-03-14,2022-03-11,2023-03-13,252,normal,0.95,-0.064382066529347,-0.08094986454898921,0.04776619289885664,0
2023-03-14,2022-03-11,2023-03-13,252,historical,0.99,-0.0861566862291917,-0.09312495207107219,0.04776619289885664,0
2023-03-14,2022-03-11,2023-03-13,252,normal,0.99,-0.09140279399619966,-0.10483858634558665,0.04776619289885664,0
2023-03-15,2022-03-14,2023-03-14,252,historical,0.95,-0.060837520504879075,-0.07572265898222635,0.006857087513802984,0
2023-03-15,2022-03-14,2023-03-14,252,normal,0.95,-0.0642213910843788,-0.08082135019417712,0.006857087513802984,0
2023-03-15,2022-03-14,2023-03-14,252,historical,0.99,-0.0861566862291917,-0.09312495207107219,0.006857087513802984,0
2023-03-15,2022-03-14,2023-03-14,252,normal,0.99,-0.09129457066654062,-0.1047564443170489,0.006857087513802984,0
2023-03-16,2022-03-15,2023-03-15,252,historical,0.95,-0.060837520504879075,-0.07572265898222635,0.05419334631362416,0
2023-03-16,2022-03-15,2023-03-15,252,normal,0.95,-0.06395129715712815,-0.08052467809237729,0.05419334631362416,0
2023-03-16,2022-03-15,2023-03-15,252,historical,0.99,-0.0861566862291917,-0.09312495207107219,0.05419334631362416,0
2023-03-16,2022-03-15,2023-03-15,252,normal,0.99,-0.09098112990404919,-0.10442144976485981,0.05419334631362416,0
2023-03-17,2022-03-16,2023-03-16,252,historical,0.95,-0.060837520504879075,-0.07572265898222635,0.007204188340474538,0
2023-03-17,2022-03-16,2023-03-16,252,normal,0.95,-0.0637986102383304,-0.08031018332153096,0.007204188340474538,0
2023-03-17,2022-03-16,2023-03-16,252,historical,0.99,-0.0861566862291917,-0.09312495207107219,0.007204188340474538,0
2023-03-17,2022-03-16,2023-03-16,252,normal,0.99,-0.09072763941898776,-0.1041178356927833,0.007204188340474538,0
2023-03-20,2022-03-17,2023-03-17,252,historical,0.95,-0.060837520504879075,-0.07572265898222635,0.006802705909041862,0
2023-03-20,2022-03-17,2023-03-17,252,normal,0.95,-0.06368259739703351,-0.08010512897226553,0.006802705909041862,0
2023-03-20,2022-03-17,2023-03-17,252,historical,0.99,-0.0861566862291917,-0.09312495207107219,0.006802705909041862,0
2023-03-20,2022-03-17,2023-03-17,252,normal,0.99,-0.09046640713952514,-0.10378439446858802,0.006802705909041862,0
2023-03-21,2022-03-18,2023-03-20,252,historical,0.95,-0.060837520504879075,-0.07572265898222635,0.011544306303657326,0
2023-03-21,2022-03-18,2023-03-20,252,normal,0.95,-0.06369374214590733,-0.0801148512927593,0.011544306303657326,0
2023-03-21,2022-03-18,2023-03-20,252,historical,0.99,-0.0861566862291917,-0.09312495207107219,0.011544306303657326,0
2023-03-21,2022-03-18,2023-03-20,252,normal,0.99,-0.09047523202371009,-0.10379206582275508,0.011544306303657326,0
2023-03-22,2022-03-21,2023-03-21,252,historical,0.95,-0.060837520504879075,-0.07572265898222635,0.01026768548188306,0
2023-03-22,2022-03-21,2023-03-21,252,normal,0.95,-0.06354929184265533,-0.07987667370042484,0.01026768548188306,0
2023-03-22,2022-03-21,2023-03-21,252,historical,0.99,-0.0861566862291917,-0.09312495207107219,0.01026768548188306,0
2023-03-22,2022-03-21,2023-03-21,252,normal,0.99,-0.09017792015542078,-0.10341874503692042,0.01026768548188306,0
2023-03-23,2022-03-22,2023-03-22,252,historical,0.95,-0.060837520504879075,-0.07572265898222635,0.027315693151518383,0
2023-03-23,2022-03-22,2023-03-22,252,normal,0.95,-0.06355012163602591,-0.07987735640472149,0.027315693151518383,0
2023-03-23,2022-03-22,2023-03-22,252,historical,0.99,-0.0861566862291917,-0.09312495207107219,0.027315693151518383,0
2023-03-23,2022-03-22,2023-03-22,252,normal,0.99,-0.09017851005850691,-0.1034192156569098,0.027315693151518383,0
2023-03-24,2022-03-23,2023-03-23,252,historical,0.95,-0.060837520504879075,-0.07572265898222635,-0.015151974681828717,0
2023-03-24,2022-03-23,2023-03-23,252,normal,0.95,-0.06346327076415663,-0.07980389726016954,-0.015151974681828717,0
2023-03-24,2022-03-23,2023-03-23,252,historical,0.99,-0.0861566862291917,-0.09312495207107219,-0.015151974681828717,0
2023-03-24,2022-03-23,2023-03-23,252,normal,0.99,-0.09011350000179742,-0.10336506573183771,-0.015151974681828717,0
2023-03-27,2022-03-24,2023-03-24,252,historical,0.95,-0.060837520504879075,-0.07572265898222635,-0.009260905952692355,0
2023-03-27,2022-03-24,2023-03-24,252,normal,0.95,-0.06331233236784185,-0.07963316594737416,-0.009260905952692355,0
2023-03-27,2022-03-24,2023-03-24,252,historical,0.99,-0.0861566862291917,-0.09312495207107219,-0.009260905952692355,0
2023-03-27,2022-03-24,2023-03-24,252,normal,0.99,-0.08993028097281423,-0.10316579547410905,-0.009260905952692355,0
2023-03-28,2022-03-25,2023-03-27,252,historical,0.95,-0.060837520504879075,-0.07572265898222635,-0.00456068879252447,0
2023-03-28,2022-03-25,2023-03-27,252,normal,0.95,-0.06294567723839604,-0.07906508428697462,-0.00456068879252447,0
2023-03-28,2022-03-25,2023-03-27,252,historical,0.99,-0.0861566862291917,-0.09312495207107219,-0.00456068879252447,0
2023-03-28,2022-03-25,2023-03-27,252,normal,0.99,-0.08923511559770743,-0.10230728159364606,-0.00456068879252447,0
2023-03-29,2022-03-28,2023-03-28,252,historical,0.95,-0.060837520504879075,-0.07572265898222635,0.02173408729483106,0
2023-03-29,2022-03-28,2023-03-28,252,normal,0.95,-0.06287743586938482,-0.07899131109891039,0.02173408729483106,0
2023-03-29,2022-03-28,2023-03-28,252,historical,0.99,-0.0861566862291917,-0.09312495207107219,0.02173408729483106,0
2023-03-29,2022-03-28,2023-03-28,252,normal,0.99,-0.08915785228294036,-0.10222553220462686,0.02173408729483106,0
2023-03-30,2022-03-29,2023-03-29,252,historical,0.95,-0.060837520504879075,-0.07572265898222635,0.014786595245513734,0
2023-03-30,2022-03-29,2023-03-29,252,normal,0.95,-0.06287581488002973,-0.07899200335755015,0.014786595245513734,0
2023-03-30,2022-03-29,2023-03-29,252,historical,0.99,-0.0861566862291917,-0.09312495207107219,0.014786595245513734,0
2023-03-30,2022-03-29,2023-03-29,252,normal,0.99,-0.0891600040124196,-0.10222955988163239,0.014786595245513734,0
2023-03-31,2022-03-30,2023-03-30,252,historical,0.95,-0.060837520504879075,-0.07572265898222635,0.014388553051714492,0
2023-03-31,2022-03-30,2023-03-30,252,normal,0.95,-0.06287685818733578,-0.07899260675223738,0.014388553051714492,0
2023-03-31,2022-03-30,2023-03-30,252,historical,0.99,-0.0861566862291917,-0.09312495207107219,0.014388553051714492,0
2023-03-31,2022-03-30,2023-03-30,252,normal,0.99,-0.08916032985811921,-0.1022295289765682,0.014388553051714492,0
2023-04-03,2022-03-31,2023-03-31,252,historical,0.95,-0.060837520504879075,-0.07572265898222635,0.006768232052095868,0
2023-04-03,2022-03-31,2023-03-31,252,normal,0.95,-0.0626016158224597,-0.07869592980425438,0.006768232052095868,0
2023-04-03,2022-03-31,2023-03-31,252,historical,0.99,-0.0861566862291917,-0.09312495207107219,0.006768232052095868,0
2023-04-03,2022-03-31,2023-03-31,252,normal,0.99,-0.08885012943618505,-0.10190194600280796,0.006768232052095868,0
2023-04-04,2022-04-01,2023-04-03,252,historical,0.95,-0.060837520504879075,-0.07572265898222635,-0.018308708521320716,0
2023-04-04,2022-04-01,2023-04-03,252,normal,0.95,-0.06249975897044888,-0.07858972865990525,-0.018308708521320716,0
2023-04-04,2022-04-01,2023-04-03,252,historical,0.99,-0.0861566862291917,-0.09312495207107219,-0.018308708521320716,0
2023-04-04,2022-04-01,2023-04-03,252,normal,0.99,-0.08874118739764726,-0.10178948092459447,-0.018308708521320716,0
2023-04-05,2022-04-04,2023-04-04,252,historical,0.95,-0.060837520504879075,-0.07572265898222635,-0.020835598496544927,0
2023-04-05,2022-04-04,2023-04-04,252,normal,0.95,-0.062479410257733924,-0.07856696040802262,-0.020835598496544927,0
2023-04-05,2022-04-04,2023-04-04,252,historical,0.99,-0.0861566862291917,-0.09312495207107219,-0.020835598496544927,0
2023-04-05,2022-04-04,2023-04-04,252,normal,0.99,-0.08871689261386316,-0.10176322399558144,-0.020835598496544927,0
2023-04-06,2022-04-05,2023-04-05,252,historical,0.95,-0.060837520504879075,-0.07572265898222635,0.005803552870820017,0
2023-04-06,2022-04-05,2023-04-05,252,normal,0.95,-0.06265103533054728,-0.07873672547024972,0.005803552870820017,0
2023-04-06,2022-04-05,2023-04-05,252,historical,0.99,-0.0861566862291917,-0.09312495207107219,0.005803552870820017,0
2023-04-06,2022-04-05,2023-04-05,252,normal,0.99,-0.08888548416109411,-0.10193030715189798,0.005803552870820017,0
2023-04-10,2022-04-06,2023-04-06,252,historical,0.95,-0.060837520504879075,-0.07572265898222635,0.02004650843174982,0
2023-04-10,2022-04-06,2023-04-06,252,normal,0.95,-0.06218323145263128,-0.07820858373398173,0.02004650843174982,0
2023-04-10,2022-04-06,2023-04-06,252,historical,0.99,-0.0861566862291917,-0.09312495207107219,0.02004650843174982,0
2023-04-10,2022-04-06,2023-04-06,252,normal,0.99,-0.08831927415675565,-0.10131516566404776,0.02004650843174982,0
2023-04-11,2022-04-07,2023-04-10,252,historical,0.95,-0.060837520504879075,-0.07572265898222635,-0.01486644042208729,0
2023-04-11,2022-04-07,2023-04-10,252,normal,0.95,-0.06159488299615181,-0.07755022676992382,-0.01486644042208729,0
2023-04-11,2022-04-07,2023-04-10,252,historical,0.99,-0.0861566862291917,-0.09312495207107219,-0.01486644042208729,0
2023-04-11,2022-04-07,2023-04-10,252,normal,0.99,-0.08761674753360639,-0.10055586506469484,-0.01486644042208729,0
2023-04-12,2022-04-08,2023-04-11,252,historical,0.95,-0.060837520504879075,-0.07572265898222635,-0.024807726789285667,0
2023-04-12,2022-04-08,2023-04-11,252,normal,0.95,-0.06163616029502237,-0.07759522299399095,-0.024807726789285667,0
2023-04-12,2022-04-08,2023-04-11,252,historical,0.99,-0.0861566862291917,-0.09312495207107219,-0.024807726789285667,0
2023-04-12,2022-04-08,2023-04-11,252,normal,0.99,-0.08766409009619436,-0.10060622352032089,-0.024807726789285667,0
2023-04-13,2022-04-11,2023-04-12,252,historical,0.95,-0.060837520504879075,-0.07572265898222635,-0.0012076920515982081,0
2023-04-13,2022-04-11,2023-04-12,252,normal,0.95,-0.061430910773636396,-0.07735817256389022,-0.0012076920515982081,0
2023-04-13,2022-04-11,2023-04-12,252,historical,0.99,-0.0861566862291917,-0.09312495207107219,-0.0012076920515982081,0
2023-04-13,2022-04-11,2023-04-12,252,normal,0.99,-0.0874069758860573,-0.10032332010117086,-0.0012076920515982081,0
2023-04-14,2022-04-12,2023-04-13,252,historical,0.95,-0.060837520504879075,-0.07572265898222635,0.011147657145336165,0
2023-04-14,2022-04-12,2023-04-13,252,normal,0.95,-0.06098473926843692,-0.07684985082872667,0.011147657145336165,0
2023-04-14,2022-04-12,2023-04-13,252,historical,0.99,-0.0861566862291917,-0.09312495207107219,0.011147657145336165,0
2023-04-14,2022-04-12,2023-04-13,252,normal,0.99,-0.08685944242413488,-0.099725385398041,0.011147657145336165,0
2023-04-17,2022-04-13,2023-04-14,252,historical,0.95,-0.060837520504879075,-0.07572265898222635,0.009118793157522731,0
2023-04-17,2022-04-13,2023-04-14,252,normal,0.95,-0.06083790097395694,-0.07669594394458315,0.009118793157522731,0
2023-04-17,2022-04-13,2023-04-14,252,historical,0.99,-0.0861566862291917,-0.09312495207107219,0.009118793157522731,0
2023-04-17,2022-04-13,2023-04-14,252,normal,0.99,-0.08670107583635685,-0.09956128647921877,0.009118793157522731,0
2023-04-18,2022-04-14,2023-04-17,252,historical,0.95,-0.060837520504879075,-0.07572265898222635,0.024627679837823768,0
2023-04-18,2022-04-14,2023-04-17,252,normal,0.95,-0.060852825356782735,-0.07669108367583109,0.024627679837823768,0
2023-04-18,2022-04-14,2023-04-17,252,historical,0.99,-0.0861566862291917,-0.09312495207107219,0.024627679837823768,0
2023-04-18,2022-04-14,2023-04-17,252,normal,0.99,-0.0866837330658966,-0.09952789918250404,0.024627679837823768,0
2023-04-19,2022-04-18,2023-04-18,252,historical,0.95,-0.060837520504879075,-0.07572265898222635,0.009541968499117814,0
2023-04-19,2022-04-18,2023-04-18,252,normal,0.95,-0.06046302435295569,-0.07626999100588625,0.009541968499117814,0
2023-04-19,2022-04-18,2023-04-18,252,historical,0.99,-0.0861566862291917,-0.09312495207107219,0.009541968499117814,0
2023-04-19,2022-04-18,2023-04-18,252,normal,0.99,-0.08624289790646539,-0.09906168778854084,0.009541968499117814,0
2023-04-20,2022-04-19,2023-04-19,252,historical,0.95,-0.060837520504879075,-0.07572265898222635,-0.0296085621933736,0
2023-04-20,2022-04-19,2023-04-19,252,normal,0.95,-0.06048274486898113,-0.0762794437717308,-0.0296085621933736,0
2023-04-20,2022-04-19,2023-04-19,252,historical,0.99,-0.0861566862291917,-0.09312495207107219,-0.0296085621933736,0
2023-04-20,2022-04-19,2023-04-19,252,normal,0.99,-0.08624587255928036,-0.0990563357247238,-0.0296085621933736,0
2023-04-21,2022-04-20,2023-04-20,252,historical,0.95,-0.060837520504879075,-0.07572265898222635,0.0005533218193261025,0
2023-04-21,2022-04-20,2023-04-20,252,normal,0.95,-0.06073385589562436,-0.07654529310580453,0.0005533218193261025,0
2023-04-21,2022-04-20,2023-04-20,252,historical,0.99,-0.0861566862291917,-0.09312495207107219,0.0005533218193261025,0
2023-04-21,2022-04-20,2023-04-20,252,normal,0.99,-0.08652102056343443,-0.09934343588075605,0.0005533218193261025,0
2023-04-24,2022-04-21,2023-04-21,252,historical,0.95,-0.060837520504879075,-0.07572265898222635,-0.0028390920803802455,0
2023-04-24,2022-04-21,2023-04-21,252,normal,0.95,-0.0605045921031108,-0.07629086131046088,-0.0028390920803802455,0
2023-04-24,2022-04-21,2023-04-21,252,historical,0.99,-0.0861566862291917,-0.09312495207107219,-0.0028390920803802455,0
2023-04-24,2022-04-21,2023-04-21,252,normal,0.99,-0.0862507098107545,-0.09905271492875614,-0.0028390920803802455,0
2023-04-25,2022-04-22,2023-04-24,252,historical,0.95,-0.06030885590510495,-0.07572265898222635,-0.029620842182037865,0
2023-04-25,2022-04-22,2023-04-24,252,normal,0.95,-0.059941063109536376,-0.07564227005313882,-0.029620842182037865,0
2023-04-25,2022-04-22,2023-04-24,252,historical,0.99,-0.0861566862291917,-0.09312495207107219,-0.029620842182037865,0
2023-04-25,2022-04-22,2023-04-24,252,normal,0.99,-0.08554845120183148,-0.09828147437599684,-0.029620842182037865,0
2023-04-26,2022-04-25,2023-04-25,252,historical,0.95,-0.06030885590510495,-0.07572265898222635,0.027247496850737907,0
2023-04-26,2022-04-25,2023-04-25,252,normal,0.95,-0.05990711941224351,-0.0756032076002261,0.027247496850737907,0
2023-04-26,2022-04-25,2023-04-25,252,historical,0.99,-0.0861566862291917,-0.09312495207107219,0.027247496850737907,0
2023-04-26,2022-04-25,2023-04-25,252,normal,0.99,-0.08550615923155691,-0.09823503130866555,0.027247496850737907,0
2023-04-27,2022-04-26,2023-04-26,252,historical,0.95,-0.06030885590510495,-0.07572265898222635,0.010016464360993682,0
2023-04-27,2022-04-26,2023-04-26,252,normal,0.95,-0.05990568945816829,-0.0756088909113925,0.010016464360993682,0
2023-04-27,2022-04-26,2023-04-26,252,historical,0.99,-0.0861566862291917,-0.09312495207107219,0.010016464360993682,0
2023-04-27,2022-04-26,2023-04-26,252,normal,0.99,-0.0855163304330043,-0.0982509710711854,0.010016464360993682,0
2023-04-28,2022-04-27,2023-04-27,252,historical,0.95,-0.06030885590510495,-0.07572265898222635,0.01920948432710201,0
2023-04-28,2022-04-27,2023-04-27,252,normal,0.95,-0.05935525403418376,-0.07498514782856897,0.01920948432710201,0
2023-04-28,2022-04-27,2023-04-27,252,historical,0.99,-0.0861566862291917,-0.09312495207107219,0.01920948432710201,0
2023-04-28,2022-04-27,2023-04-27,252,normal,0.99,-0.08484633619568964,-0.09752152738376198,0.01920948432710201,0
2023-05-01,2022-04-28,2023-04-28,252,historical,0.95,-0.06030885590510495,-0.07572265898222635,0.04183920359393034,0
2023-05-01,2022-04-28,2023-04-28,252,normal,0.95,-0.05918265933703446,-0.07480808578146354,0.04183920359393034,0
2023-05-01,2022-04-28,2023-04-28,252,historical,0.99,-0.0861566862291917,-0.09312495207107219,0.04183920359393034,0
2023-05-01,2022-04-28,2023-04-28,252,normal,0.99,-0.0846664556150741,-0.09733802396888137,0.04183920359393034,0
2023-05-02,2022-04-29,2023-05-01,252,historical,0.95,-0.06030885590510495,-0.07572265898222635,-0.02421302698444694,0
2023-05-02,2022-04-29,2023-05-01,252,normal,0.95,-0.05899375516116131,-0.07453853637203162,-0.02421302698444694,0
2023-05-02,2022-04-29,2023-05-01,252,historical,0.99,-0.0861566862291917,-0.09312495207107219,-0.02421302698444694,0
2023-05-02,2022-04-29,2023-05-01,252,normal,0.99,-0.08434602563988176,-0.09695219407688783,-0.02421302698444694,0
2023-05-03,2022-05-02,2023-05-02,252,historical,0.95,-0.05926817693129826,-0.07549786075987422,-0.014462895962405353,0
2023-05-03,2022-05-02,2023-05-02,252,normal,0.95,-0.058534374024697446,-0.07400098078541381,-0.014462895962405353,0
2023-05-03,2022-05-02,2023-05-02,252,historical,0.99,-0.0861566862291917,-0.09312495207107219,-0.014462895962405353,0
2023-05-03,2022-05-02,2023-05-02,252,normal,0.99,-0.08375914835033972,-0.09630192057271,-0.014462895962405353,0
2023-05-04,2022-05-03,2023-05-03,252,historical,0.95,-0.05926817693129826,-0.07549786075987422,-0.008632395398533443,0
2023-05-04,2022-05-03,2023-05-03,252,normal,0.95,-0.05859721757937315,-0.07401161644749882,-0.008632395398533443,0
2023-05-04,2022-05-03,2023-05-03,252,historical,0.99,-0.0861566862291917,-0.09312495207107219,-0.008632395398533443,0
2023-05-04,2022-05-03,2023-05-03,252,normal,0.99,-0.0837368450897513,-0.09623727889134796,-0.008632395398533443,0
2023-05-05,2022-05-04,2023-05-04,252,historical,0.95,-0.05926817693129826,-0.07549786075987422,0.040563093208337175,0
2023-05-05,2022-05-04,2023-05-04,252,normal,0.95,-0.058655442680945497,-0.07407236977805533,0.040563093208337175,0
2023-05-05,2022-05-04,2023-05-04,252,historical,0.99,-0.0861566862291917,-0.09312495207107219,0.040563093208337175,0
2023-05-05,2022-05-04,2023-05-04,252,normal,0.99,-0.08379919352661984,-0.0963016776163479,0.040563093208337175,0
2023-05-08,2022-05-05,2023-05-05,252,historical,0.95,-0.05926817693129826,-0.07549786075987422,0.016422487927829854,0
2023-05-08,2022-05-05,2023-05-05,252,normal,0.95,-0.05866377440014618,-0.07408606429709715,0.016422487927829854,0
2023-05-08,2022-05-05,2023-05-05,252,historical,0.99,-0.0861566862291917,-0.09312495207107219,0.016422487927829854,0
2023-05-08,2022-05-05,2023-05-05,252,normal,0.99,-0.08381627153502531,-0.09632310463148265,0.016422487927829854,0
2023-05-09,2022-05-06,2023-05-08,252,historical,0.95,-0.0576944876080451,-0.07440522071886954,-0.019896454107490857,0
2023-05-09,2022-05-06,2023-05-08,252,normal,0.95,-0.05781771589410769,-0.07311549772832848,-0.019896454107490857,0
2023-05-09,2022-05-06,2023-05-08,252,historical,0.99,-0.0861566862291917,-0.09312495207107219,-0.019896454107490857,0
2023-05-09,2022-05-06,2023-05-08,252,normal,0.99,-0.08276715053230085,-0.09517301278914006,-0.019896454107490857,0
2023-05-10,2022-05-09,2023-05-09,252,historical,0.95,-0.0576944876080451,-0.07440522071886954,0.010990385714594764,0
2023-05-10,2022-05-09,2023-05-09,252,normal,0.95,-0.05789395737601574,-0.07320009096307889,0.010990385714594764,0
2023-05-10,2022-05-09,2023-05-09,252,historical,0.99,-0.0861566862291917,-0.09312495207107219,0.010990385714594764,0
2023-05-10,2022-05-09,2023-05-09,252,normal,0.99,-0.0828570130420097,-0.09526964822164831,0.010990385714594764,0
2023-05-11,2022-05-10,2023-05-10,252,historical,0.95,-0.05627160284979271,-0.07165122945994633,-0.010628530699197669,0
2023-05-11,2022-05-10,2023-05-10,252,normal,0.95,-0.056678640023378975,-0.07178023064796098,-0.010628530699197669,0
2023-05-11,2022-05-10,2023-05-10,252,historical,0.99,-0.07920509672337189,-0.08909314215076373,-0.010628530699197669,0
2023-05-11,2022-05-10,2023-05-10,252,normal,0.99,-0.08130810279803559,-0.09355486217648645,-0.010628530699197669,0
2023-05-12,2022-05-11,2023-05-11,252,historical,0.95,-0.05627160284979271,-0.07165122945994633,-0.008327960304531867,0
2023-05-12,2022-05-11,2023-05-11,252,normal,0.95,-0.05677427140172914,-0.07185108040712979,-0.008327960304531867,0
2023-05-12,2022-05-11,2023-05-11,252,historical,0.99,-0.07920509672337189,-0.08909314215076373,-0.008327960304531867,0
2023-05-12,2022-05-11,2023-05-11,252,normal,0.99,-0.0813633173764409,-0.09358997989657615,-0.008327960304531867,0
2023-05-15,2022-05-12,2023-05-12,252,historical,0.95,-0.05627160284979271,-0.07165122945994633,0.02163006877304574,0
2023-05-15,2022-05-12,2023-05-12,252,normal,0.95,-0.056299575203562505,-0.07130268647742004,0.02163006877304574,0
2023-05-15,2022-05-12,2023-05-12,252,historical,0.99,-0.07920509672337189,-0.08909314215076373,0.02163006877304574,0
2023-05-15,2022-05-12,2023-05-12,252,normal,0.99,-0.08076842618817413,-0.0929353229255264,0.02163006877304574,0
2023-05-16,2022-05-13,2023-05-15,252,historical,0.95,-0.05627160284979271,-0.07165122945994633,0.008980024446697765,0
2023-05-16,2022-05-13,2023-05-15,252,normal,0.95,-0.0560539993548497,-0.07104411097612896,0.008980024446697765,0
2023-05-16,2022-05-13,2023-05-15,252,historical,0.99,-0.07920509672337189,-0.08909314215076373,0.008980024446697765,0
2023-05-16,2022-05-13,2023-05-15,252,normal,0.99,-0.08050164896622725,-0.09265800352818308,0.008980024446697765,0
2023-05-17,2022-05-16,2023-05-16,252,historical,0.95,-0.05627160284979271,-0.07165122945994633,0.033033397108998,0
2023-05-17,2022-05-16,2023-05-16,252,normal,0.95,-0.05562153553076708,-0.07041541814696295,0.033033397108998,0
2023-05-17,2022-05-16,2023-05-16,252,historical,0.99,-0.07920509672337189,-0.08909314215076373,0.033033397108998,0
2023-05-17,2022-05-16,2023-05-16,252,normal,0.99,-0.07974915163732016,-0.09174637267036034,0.033033397108998,0
2023-05-18,2022-05-17,2023-05-17,252,historical,0.95,-0.05627160284979271,-0.07165122945994633,0.04970511197781313,0
2023-05-18,2022-05-17,2023-05-17,252,normal,0.95,-0.05540542104456513,-0.07020286805586999,0.04970511197781313,0
2023-05-18,2022-05-17,2023-05-17,252,historical,0.99,-0.07920509672337189,-0.08909314215076373,0.04970511197781313,0
2023-05-18,2022-05-17,2023-05-17,252,normal,0.99,-0.07953885038886471,-0.0915389619974949,0.04970511197781313,0
2023-05-19,2022-05-18,2023-05-18,252,historical,0.95,-0.05627160284979271,-0.07165122945994633,-0.013069024969038168,0
2023-05-19,2022-05-18,2023-05-18,252,normal,0.95,-0.05538951909464801,-0.07017972105642062,-0.013069024969038168,0
2023-05-19,2022-05-18,2023-05-18,252,historical,0.99,-0.07920509672337189,-0.08909314215076373,-0.013069024969038168,0
2023-05-19,2022-05-18,2023-05-18,252,normal,0.99,-0.07951113235399396,-0.09150536852999508,-0.013069024969038168,0
2023-05-22,2022-05-19,2023-05-19,252,historical,0.95,-0.05424571633207941,-0.07071785732470914,-0.00281483607663513,0
2023-05-22,2022-05-19,2023-05-19,252,normal,0.95,-0.05472489684481348,-0.06940179830354437,-0.00281483607663513,0
2023-05-22,2022-05-19,2023-05-19,252,historical,0.99,-0.07920509672337189,-0.08909314215076373,-0.00281483607663513,0
2023-05-22,2022-05-19,2023-05-19,252,normal,0.99,-0.07866172622334931,-0.09056408042262999,-0.00281483607663513,0
2023-05-23,2022-05-20,2023-05-22,252,historical,0.95,-0.05424571633207941,-0.07071785732470914,-0.015653111283258858,0
2023-05-23,2022-05-20,2023-05-22,252,normal,0.95,-0.054776911641172446,-0.06945311877696679,-0.015653111283258858,0
2023-05-23,2022-05-20,2023-05-22,252,historical,0.99,-0.07920509672337189,-0.08909314215076373,-0.015653111283258858,0
2023-05-23,2022-05-20,2023-05-22,252,normal,0.99,-0.07871260863562078,-0.09061439976799374,-0.015653111283258858,0
2023-05-24,2022-05-23,2023-05-23,252,historical,0.95,-0.05424571633207941,-0.07071785732470914,-0.004887814028006976,0
2023-05-24,2022-05-23,2023-05-23,252,normal,0.95,-0.0546980792943534,-0.06936379448028646,-0.004887814028006976,0
2023-05-24,2022-05-23,2023-05-23,252,historical,0.99,-0.07920509672337189,-0.08909314215076373,-0.004887814028006976,0
2023-05-24,2022-05-23,2023-05-23,252,normal,0.99,-0.078616664774196,-0.09050994737335838,-0.004887814028006976,0
2023-05-25,2022-05-24,2023-05-24,252,historical,0.95,-0.05424571633207941,-0.07071785732470914,0.24369631326689456,0
2023-05-25,2022-05-24,2023-05-24,252,normal,0.95,-0.05476383300896606,-0.06942900587725263,0.24369631326689456,0
2023-05-25,2022-05-24,2023-05-24,252,historical,0.99,-0.07920509672337189,-0.08909314215076373,0.24369631326689456,0
2023-05-25,2022-05-24,2023-05-24,252,normal,0.99,-0.07868153401295325,-0.09057437681515064,0.24369631326689456,0
2023-05-26,2022-05-25,2023-05-25,252,historical,0.95,-0.05424571633207941,-0.07071785732470914,0.025434326370562754,0
2023-05-26,2022-05-25,2023-05-25,252,normal,0.95,-0.05858257129514273,-0.07450791271058368,0.025434326370562754,0
2023-05-26,2022-05-25,2023-05-25,252,historical,0.99,-0.07920509672337189,-0.08909314215076373,0.025434326370562754,0
2023-05-26,2022-05-25,2023-05-25,252,normal,0.99,-0.08455550443285033,-0.09747029130418242,0.025434326370562754,0
2023-05-30,2022-05-26,2023-05-26,252,historical,0.95,-0.05424571633207941,-0.07071785732470914,0.029913337367200254,0
2023-05-30,2022-05-26,2023-05-26,252,normal,0.95,-0.0585343948590952,-0.07442190311194556,0.029913337367200254,0
2023-05-30,2022-05-26,2023-05-26,252,historical,0.99,-0.07920509672337189,-0.08909314215076373,0.029913337367200254,0
2023-05-30,2022-05-26,2023-05-26,252,normal,0.99,-0.08444562519391025,-0.09732973095023326,0.029913337367200254,0
2023-05-31,2022-05-27,2023-05-30,252,historical,0.95,-0.05424571633207941,-0.07071785732470914,-0.056767483663513585,1
2023-05-31,2022-05-27,2023-05-30,252,normal,0.95,-0.05848274596862485,-0.07433526573057925,-0.056767483663513585,0
2023-05-31,2022-05-27,2023-05-30,252,historical,0.99,-0.07920509672337189,-0.08909314215076373,-0.056767483663513585,0
2023-05-31,2022-05-27,2023-05-30,252,normal,0.99,-0.08433691292809843,-0.0971926444793678,-0.056767483663513585,0
2023-06-01,2022-05-31,2023-05-31,252,historical,0.95,-0.05627160284979271,-0.07077462742169481,0.051171157684883006,0
2023-06-01,2022-05-31,2023-05-31,252,normal,0.95,-0.05902052250501652,-0.0748982180594603,0.051171157684883006,0
2023-06-01,2022-05-31,2023-05-31,252,historical,0.99,-0.07920509672337189,-0.08909314215076373,0.051171157684883006,0
2023-06-01,2022-05-31,2023-05-31,252,normal,0.99,-0.08491574912895554,-0.09779189719663327,0.051171157684883006,0
2023-06-02,2022-06-01,2023-06-01,252,historical,0.95,-0.05627160284979271,-0.07077462742169481,-0.011139098193282404,0
2023-06-02,2022-06-01,2023-06-01,252,normal,0.95,-0.0589726342011572,-0.07489719871518635,-0.011139098193282404,0
2023-06-02,2022-06-01,2023-06-01,252,historical,0.99,-0.07920509672337189,-0.08909314215076373,-0.011139098193282404,0
2023-06-02,2022-06-01,2023-06-01,252,normal,0.99,-0.08494430027601842,-0.0978584571127477,-0.011139098193282404,0
2023-06-05,2022-06-02,2023-06-02,252,historical,0.95,-0.05627160284979271,-0.07077462742169481,-0.003966826023452996,0
2023-06-05,2022-06-02,2023-06-02,252,normal,0.95,-0.058917191961601466,-0.07483544702704165,-0.003966826023452996,0
2023-06-05,2022-06-02,2023-06-02,252,historical,0.99,-0.07920509672337189,-0.08909314215076373,-0.003966826023452996,0
2023-06-05,2022-06-02,2023-06-02,252,normal,0.99,-0.08487856784034933,-0.09778760797774534,-0.003966826023452996,0
2023-06-06,2022-06-03,2023-06-05,252,historical,0.95,-0.05627160284979271,-0.07077462742169481,-0.013198366074753665,0
2023-06-06,2022-06-03,2023-06-05,252,normal,0.95,-0.05883949820773572,-0.0746640223163999,-0.013198366074753665,0
2023-06-06,2022-06-03,2023-06-05,252,historical,0.99,-0.07920509672337189,-0.08909314215076373,-0.013198366074753665,0
2023-06-06,2022-06-03,2023-06-05,252,normal,0.99,-0.08464800653973724,-0.0974810347852416,-0.013198366074753665,0
2023-06-07,2022-06-06,2023-06-06,252,historical,0.95,-0.05627160284979271,-0.07077462742169481,-0.030401353705711953,0
2023-06-07,2022-06-06,2023-06-06,252,normal,0.95,-0.05853964279595962,-0.0743195547641869,-0.030401353705711953,0
2023-06-07,2022-06-06,2023-06-06,252,historical,0.99,-0.07920509672337189,-0.08909314215076373,-0.030401353705711953,0
2023-06-07,2022-06-06,2023-06-06,252,normal,0.99,-0.08427539236502662,-0.09707224202756774,-0.030401353705711953,0
2023-06-08,2022-06-07,2023-06-07,252,historical,0.95,-0.05627160284979271,-0.07077462742169481,0.027618532812540453,0
2023-06-08,2022-06-07,2023-06-07,252,normal,0.95,-0.058773965581447825,-0.07457920333898374,0.027618532812540453,0
2023-06-08,2022-06-07,2023-06-07,252,historical,0.99,-0.07920509672337189,-0.08909314215076373,0.027618532812540453,0
2023-06-08,2022-06-07,2023-06-07,252,normal,0.99,-0.0845510194475602,-0.09736840726766648,0.027618532812540453,0
2023-06-09,2022-06-08,2023-06-08,252,historical,0.95,-0.05627160284979271,-0.07077462742169481,0.006751504032679545,0
2023-06-09,2022-06-08,2023-06-08,252,normal,0.95,-0.05874302430739866,-0.07456073116856786,0.006751504032679545,0
2023-06-09,2022-06-08,2023-06-08,252,historical,0.99,-0.07920509672337189,-0.08909314215076373,0.006751504032679545,0
2023-06-09,2022-06-08,2023-06-08,252,normal,0.99,-0.08454041426468209,-0.0973679140071453,0.006751504032679545,0
2023-06-12,2022-06-09,2023-06-09,252,historical,0.95,-0.05627160284979271,-0.07077462742169481,0.018364673109805496,0
2023-06-12,2022-06-09,2023-06-09,252,normal,0.95,-0.05863146276206055,-0.07444223218854247,0.018364673109805496,0
2023-06-12,2022-06-09,2023-06-09,252,historical,0.99,-0.07920509672337189,-0.08909314215076373,0.018364673109805496,0
2023-06-12,2022-06-09,2023-06-09,252,normal,0.99,-0.08441753832911653,-0.09723941210174443,0.018364673109805496,0
2023-06-13,2022-06-10,2023-06-12,252,historical,0.95,-0.05627160284979271,-0.07077462742169481,0.03900516557960132,0
2023-06-13,2022-06-10,2023-06-12,252,normal,0.95,-0.05833795574873612,-0.07412511163183232,0.03900516557960132,0
2023-06-13,2022-06-10,2023-06-12,252,historical,0.99,-0.07920509672337189,-0.08909314215076373,0.03900516557960132,0
2023-06-13,2022-06-10,2023-06-12,252,normal,0.99,-0.08408551955221337,-0.09688824372721896,0.03900516557960132,0
2023-06-14,2022-06-13,2023-06-13,252,historical,0.95,-0.05424571633207941,-0.07050703990331238,0.04814478292458002,0
2023-06-14,2022-06-13,2023-06-13,252,normal,0.95,-0.05770300058619374,-0.07342816314009387,0.04814478292458002,0
2023-06-14,2022-06-13,2023-06-13,252,historical,0.99,-0.07920509672337189,-0.08909314215076373,0.04814478292458002,0
2023-06-14,2022-06-13,2023-06-13,252,normal,0.99,-0.08334945832530542,-0.09610190849907455,0.04814478292458002,0
2023-06-15,2022-06-14,2023-06-14,252,historical,0.95,-0.05267364616123427,-0.06855382183587994,-0.008000415772441483,0
2023-06-15,2022-06-14,2023-06-14,252,normal,0.95,-0.05677205922306383,-0.07238807079672412,-0.008000415772441483,0
2023-06-15,2022-06-14,2023-06-14,252,historical,0.99,-0.07842720011583373,-0.08909314215076373,-0.008000415772441483,0
2023-06-15,2022-06-14,2023-06-14,252,normal,0.99,-0.08224050061466184,-0.09490443390142546,-0.008000415772441483,0
2023-06-16,2022-06-15,2023-06-15,252,historical,0.95,-0.05267364616123427,-0.06855382183587994,0.0009144151223969832,0
2023-06-16,2022-06-15,2023-06-15,252,normal,0.95,-0.05686096124756854,-0.07247931568211909,0.0009144151223969832,0
2023-06-16,2022-06-15,2023-06-15,252,historical,0.99,-0.07842720011583373,-0.08909314215076373,0.0009144151223969832,0
2023-06-16,2022-06-15,2023-06-15,252,normal,0.99,-0.08233322365421837,-0.09499905690332988,0.0009144151223969832,0
2023-06-20,2022-06-16,2023-06-16,252,historical,0.95,-0.05267364616123427,-0.06855382183587994,0.026140587668475046,0
2023-06-20,2022-06-16,2023-06-16,252,normal,0.95,-0.05689746579561329,-0.07248202759224791,0.026140587668475046,0
2023-06-20,2022-06-16,2023-06-16,252,historical,0.99,-0.07842720011583373,-0.08909314215076373,0.026140587668475046,0
2023-06-20,2022-06-16,2023-06-16,252,normal,0.99,-0.08231461516561035,-0.09495304399649816,0.026140587668475046,0
2023-06-21,2022-06-17,2023-06-20,252,historical,0.95,-0.05073268844114674,-0.06828859254127678,-0.017416835642659723,0
2023-06-21,2022-06-17,2023-06-20,252,normal,0.95,-0.05628838303881775,-0.0718010486009463,-0.017416835642659723,0
2023-06-21,2022-06-17,2023-06-20,252,historical,0.99,-0.07842720011583373,-0.08909314215076373,-0.017416835642659723,0
2023-06-21,2022-06-17,2023-06-20,252,normal,0.99,-0.08158827551347012,-0.09416839950044434,-0.017416835642659723,0
2023-06-22,2022-06-21,2023-06-21,252,historical,0.95,-0.05073268844114674,-0.06828859254127678,-0.0004646444425520091,0
2023-06-22,2022-06-21,2023-06-21,252,normal,0.95,-0.056456323553780344,-0.07197606677049102,-0.0004646444425520091,0
2023-06-22,2022-06-21,2023-06-21,252,historical,0.99,-0.07842720011583373,-0.08909314215076373,-0.0004646444425520091,0
2023-06-22,2022-06-21,2023-06-21,252,normal,0.99,-0.08176775910587372,-0.09435362277516263,-0.0004646444425520091,0
2023-06-23,2022-06-22,2023-06-22,252,historical,0.95,-0.05073268844114674,-0.06828859254127678,-0.018965896746199307,0
2023-06-23,2022-06-22,2023-06-22,252,normal,0.95,-0.05649988334743361,-0.07198667515637992,-0.018965896746199307,0
2023-06-23,2022-06-22,2023-06-22,252,historical,0.99,-0.07842720011583373,-0.08909314215076373,-0.018965896746199307,0
2023-06-23,2022-06-22,2023-06-22,252,normal,0.99,-0.08175757784064913,-0.09431671929423881,-0.018965896746199307,0
2023-06-26,2022-06-23,2023-06-23,252,historical,0.95,-0.05073268844114674,-0.06828859254127678,-0.03736169177383908,0
2023-06-26,2022-06-23,2023-06-23,252,normal,0.95,-0.056549060826484025,-0.0720417622716337,-0.03736169177383908,0
2023-06-26,2022-06-23,2023-06-23,252,historical,0.99,-0.07842720011583373,-0.08909314215076373,-0.03736169177383908,0
2023-06-26,2022-06-23,2023-06-23,252,normal,0.99,-0.08181639345441669,-0.09438032737619043,-0.03736169177383908,0
2023-06-27,2022-06-24,2023-06-26,252,historical,0.95,-0.05073268844114674,-0.06828859254127678,0.030616426913593786,0
2023-06-27,2022-06-24,2023-06-26,252,normal,0.95,-0.05680428653074591,-0.07233248016692774,0.030616426913593786,0
2023-06-27,2022-06-24,2023-06-26,252,historical,0.99,-0.07842720011583373,-0.08909314215076373,0.030616426913593786,0
2023-06-27,2022-06-24,2023-06-26,252,normal,0.99,-0.08212950402786544,-0.09472222063446956,0.030616426913593786,0
2023-06-28,2022-06-27,2023-06-27,252,historical,0.95,-0.05073268844114674,-0.06828859254127678,-0.01812498646512828,0
2023-06-28,2022-06-27,2023-06-27,252,normal,0.95,-0.056732429729901744,-0.07221725160269776,-0.01812498646512828,0
2023-06-28,2022-06-27,2023-06-27,252,historical,0.99,-0.07842720011583373,-0.08909314215076373,-0.01812498646512828,0
2023-06-28,2022-06-27,2023-06-27,252,normal,0.99,-0.08198691141790435,-0.0945444553355375,-0.01812498646512828,0
2023-06-29,2022-06-28,2023-06-28,252,historical,0.95,-0.05073268844114674,-0.06828859254127678,-0.007174661540348515,0
2023-06-29,2022-06-28,2023-06-28,252,normal,0.95,-0.05675626096707171,-0.07224399359424796,-0.007174661540348515,0
2023-06-29,2022-06-28,2023-06-28,252,historical,0.99,-0.07842720011583373,-0.08909314215076373,-0.007174661540348515,0
2023-06-29,2022-06-28,2023-06-28,252,normal,0.99,-0.08201548985809658,-0.09457539427598369,-0.007174661540348515,0
2023-06-30,2022-06-29,2023-06-29,252,historical,0.95,-0.04854478222742715,-0.06803001867670165,0.036254869242136945,0
2023-06-30,2022-06-29,2023-06-29,252,normal,0.95,-0.05630107153872427,-0.07171894215816574,0.036254869242136945,0
2023-06-30,2022-06-29,2023-06-29,252,historical,0.99,-0.07842720011583373,-0.08909314215076373,0.036254869242136945,0
2023-06-30,2022-06-29,2023-06-29,252,normal,0.99,-0.08144636119237732,-0.09394961043931638,0.036254869242136945,0
2023-07-03,2022-06-30,2023-06-30,252,historical,0.95,-0.04854478222742715,-0.06803001867670165,0.002624084792763881,0
2023-07-03,2022-06-30,2023-06-30,252,normal,0.95,-0.056046206327781144,-0.0714636332043064,0.002624084792763881,0
2023-07-03,2022-06-30,2023-06-30,252,historical,0.99,-0.07842720011583373,-0.08909314215076373,0.002624084792763881,0
2023-07-03,2022-06-30,2023-06-30,252,normal,0.99,-0.08119077227292505,-0.09369366166288903,0.002624084792763881,0
2023-07-05,2022-07-01,2023-07-03,252,historical,0.95,-0.04854478222742715,-0.06803001867670165,-0.00226329275128323,0
2023-07-05,2022-07-01,2023-07-03,252,normal,0.95,-0.05586189219358545,-0.0712599835987007,-0.00226329275128323,0
2023-07-05,2022-07-01,2023-07-03,252,historical,0.99,-0.07842720011583373,-0.08909314215076373,-0.00226329275128323,0
2023-07-05,2022-07-01,2023-07-03,252,normal,0.99,-0.08097492356166647,-0.09346213269173509,-0.00226329275128323,0
2023-07-06,2022-07-05,2023-07-05,252,historical,0.95,-0.04854478222742715,-0.06803001867670165,-0.0050569634022551435,0
2023-07-06,2022-07-05,2023-07-05,252,normal,0.95,-0.0555139333533505,-0.07086364255336175,-0.0050569634022551435,0
2023-07-06,2022-07-05,2023-07-05,252,historical,0.99,-0.07842720011583373,-0.08909314215076373,-0.0050569634022551435,0
2023-07-06,2022-07-05,2023-07-05,252,normal,0.99,-0.08054805729047351,-0.09299603047256566,-0.0050569634022551435,0
2023-07-07,2022-07-06,2023-07-06,252,historical,0.95,-0.04854478222742715,-0.06803001867670165,0.009500258104855996,0
2023-07-07,2022-07-06,2023-07-06,252,normal,0.95,-0.05560508640793263,-0.07094224252085315,0.009500258104855996,0
2023-07-07,2022-07-06,2023-07-06,252,historical,0.99,-0.07842720011583373,-0.08909314215076373,0.009500258104855996,0
2023-07-07,2022-07-06,2023-07-06,252,normal,0.99,-0.08061873728371438,-0.09305653043637263,0.009500258104855996,0
2023-07-10,2022-07-07,2023-07-07,252,historical,0.95,-0.04854478222742715,-0.06803001867670165,-0.007599425053390396,0
2023-07-10,2022-07-07,2023-07-07,252,normal,0.95,-0.05560983399972806,-0.07094659043667814,-0.007599425053390396,0
2023-07-10,2022-07-07,2023-07-07,252,historical,0.99,-0.07842720011583373,-0.08909314215076373,-0.007599425053390396,0
2023-07-10,2022-07-07,2023-07-07,252,normal,0.99,-0.08062283303659558,-0.09306030206873163,-0.007599425053390396,0
2023-07-11,2022-07-08,2023-07-10,252,historical,0.95,-0.04854478222742715,-0.06803001867670165,0.0053341976763796595,0
2023-07-11,2022-07-08,2023-07-10,252,normal,0.95,-0.05567546733478258,-0.07097273036339424,0.0053341976763796595,0
2023-07-11,2022-07-08,2023-07-10,252,historical,0.99,-0.07842720011583373,-0.08909314215076373,0.0053341976763796595,0
2023-07-11,2022-07-08,2023-07-10,252,normal,0.99,-0.0806240558433358,-0.09302949737049049,0.0053341976763796595,0
2023-07-12,2022-07-11,2023-07-11,252,historical,0.95,-0.04854478222742715,-0.06803001867670165,0.03530237041338902,0
2023-07-12,2022-07-11,2023-07-11,252,normal,0.95,-0.05564632408797038,-0.07094283222037533,0.03530237041338902,0
2023-07-12,2022-07-11,2023-07-11,252,historical,0.99,-0.07842720011583373,-0.08909314215076373,0.03530237041338902,0
2023-07-12,2022-07-11,2023-07-11,252,normal,0.99,-0.08059368142237221,-0.09299851076022651,0.03530237041338902,0
2023-07-13,2022-07-12,2023-07-12,252,historical,0.95,-0.04854478222742715,-0.06803001867670165,0.047264593064149096,0
2023-07-13,2022-07-12,2023-07-12,252,normal,0.95,-0.05521139417861305,-0.07047666507356144,0.047264593064149096,0
2023-07-13,2022-07-12,2023-07-12,252,historical,0.99,-0.07842720011583373,-0.08909314215076373,0.047264593064149096,0
2023-07-13,2022-07-12,2023-07-12,252,normal,0.99,-0.08010780612611856,-0.09248730336881228,0.047264593064149096,0
2023-07-14,2022-07-13,2023-07-13,252,historical,0.95,-0.04854478222742715,-0.06803001867670165,-0.011049194983536959,0
2023-07-14,2022-07-13,2023-07-13,252,normal,0.95,-0.05515739839709886,-0.07046125669923485,-0.011049194983536959,0
2023-07-14,2022-07-13,2023-07-13,252,historical,0.99,-0.07842720011583373,-0.08909314215076373,-0.011049194983536959,0
2023-07-14,2022-07-13,2023-07-13,252,normal,0.99,-0.08011674325892602,-0.09252753327750096,-0.011049194983536959,0
2023-07-17,2022-07-14,2023-07-14,252,historical,0.95,-0.04854478222742715,-0.06803001867670165,0.021817135858401615,0
2023-07-17,2022-07-14,2023-07-14,252,normal,0.95,-0.05524599438386842,-0.07055574010579467,0.021817135858401615,0
2023-07-17,2022-07-14,2023-07-14,252,historical,0.99,-0.07842720011583373,-0.08909314215076373,0.021817135858401615,0
2023-07-17,2022-07-14,2023-07-14,252,normal,0.99,-0.08021494114725466,-0.09263050561743033,0.021817135858401615,0
2023-07-18,2022-07-15,2023-07-17,252,historical,0.95,-0.04854478222742715,-0.06803001867670165,0.02223368819748961,0
2023-07-18,2022-07-15,2023-07-17,252,normal,0.95,-0.05523229366323861,-0.07054672480153469,0.02223368819748961,0
2023-07-18,2022-07-15,2023-07-17,252,historical,0.99,-0.07842720011583373,-0.08909314215076373,0.02223368819748961,0
2023-07-18,2022-07-15,2023-07-17,252,normal,0.99,-0.08020888195862856,-0.09262824610582474,0.02223368819748961,0
2023-07-19,2022-07-18,2023-07-18,252,historical,0.95,-0.04854478222742715,-0.06803001867670165,-0.008780172300236644,0
2023-07-19,2022-07-18,2023-07-18,252,normal,0.95,-0.055234219877912306,-0.07054597812850458,-0.008780172300236644,0
2023-07-19,2022-07-18,2023-07-18,252,historical,0.99,-0.07842720011583373,-0.08909314215076373,-0.008780172300236644,0
2023-07-19,2022-07-18,2023-07-18,252,normal,0.99,-0.08020644891143121,-0.09262364545831507,-0.008780172300236644,0
2023-07-20,2022-07-19,2023-07-19,252,historical,0.95,-0.04854478222742715,-0.06803001867670165,-0.033073373653499605,0
2023-07-20,2022-07-19,2023-07-19,252,normal,0.95,-0.055346906603777495,-0.0706567587519932,-0.033073373653499605,0
2023-07-20,2022-07-19,2023-07-19,252,historical,0.99,-0.07842720011583373,-0.08909314215076373,-0.033073373653499605,0
2023-07-20,2022-07-19,2023-07-19,252,normal,0.99,-0.08031602693976281,-0.09273167771721504,-0.033073373653499605,0
2023-07-21,2022-07-20,2023-07-20,252,historical,0.95,-0.04854478222742715,-0.06803001867670165,-0.026603774187599072,0
2023-07-21,2022-07-20,2023-07-20,252,normal,0.95,-0.05559662485757358,-0.07088078796655034,-0.026603774187599072,0
2023-07-21,2022-07-20,2023-07-20,252,historical,0.99,-0.07842720011583373,-0.08909314215076373,-0.026603774187599072,0
2023-07-21,2022-07-20,2023-07-20,252,normal,0.99,-0.08052384846550013,-0.09291866650486244,-0.026603774187599072,0
2023-07-24,2022-07-21,2023-07-21,252,historical,0.95,-0.04854478222742715,-0.06803001867670165,0.006838462439234583,0
2023-07-24,2022-07-21,2023-07-21,252,normal,0.95,-0.05580883613009419,-0.07107173837150987,0.006838462439234583,0
2023-07-24,2022-07-21,2023-07-21,252,historical,0.99,-0.07842720011583373,-0.08909314215076373,0.006838462439234583,0
2023-07-24,2022-07-21,2023-07-21,252,normal,0.99,-0.08070138499685142,-0.09307896136044125,0.006838462439234583,0
2023-07-25,2022-07-22,2023-07-24,252,historical,0.95,-0.04854478222742715,-0.06803001867670165,0.023917435687363486,0
2023-07-25,2022-07-22,2023-07-24,252,normal,0.95,-0.05582854146129737,-0.07108958691970096,0.023917435687363486,0
2023-07-25,2022-07-22,2023-07-24,252,historical,0.99,-0.07842720011583373,-0.08909314215076373,0.023917435687363486,0
2023-07-25,2022-07-22,2023-07-24,252,normal,0.99,-0.08071806206638246,-0.09309413265648576,0.023917435687363486,0
2023-07-26,2022-07-25,2023-07-25,252,historical,0.95,-0.04854478222742715,-0.06803001867670165,-0.004969576984507285,0
2023-07-26,2022-07-25,2023-07-25,252,normal,0.95,-0.055426380474599496,-0.07065019829249006,-0.004969576984507285,0
2023-07-26,2022-07-25,2023-07-25,252,historical,0.99,-0.07842720011583373,-0.08909314215076373,-0.004969576984507285,0
2023-07-26,2022-07-25,2023-07-25,252,normal,0.99,-0.08025518583392023,-0.09260106636213374,-0.004969576984507285,0
2023-07-27,2022-07-26,2023-07-26,252,historical,0.95,-0.04854478222742715,-0.06803001867670165,0.00985670678757633,0
2023-07-27,2022-07-26,2023-07-26,252,normal,0.95,-0.05534480978145191,-0.07056006672768655,0.00985670678757633,0
2023-07-27,2022-07-26,2023-07-26,252,historical,0.99,-0.07842720011583373,-0.08909314215076373,0.00985670678757633,0
2023-07-27,2022-07-26,2023-07-26,252,normal,0.99,-0.08015965305724054,-0.09249859107602929,0.00985670678757633,0
2023-07-28,2022-07-27,2023-07-27,252,historical,0.95,-0.04854478222742715,-0.06803001867670165,0.01851846603011076,0
2023-07-28,2022-07-27,2023-07-27,252,normal,0.95,-0.05509284205198559,-0.07028310061072307,0.01851846603011076,0
2023-07-28,2022-07-27,2023-07-27,252,historical,0.99,-0.07842720011583373,-0.08909314215076373,0.01851846603011076,0
2023-07-28,2022-07-27,2023-07-27,252,normal,0.99,-0.07986691499638375,-0.09218558036680467,0.01851846603011076,0
2023-07-31,2022-07-28,2023-07-28,252,historical,0.95,-0.04854478222742715,-0.06803001867670165,-0.000449346826506436,0
2023-07-31,2022-07-28,2023-07-28,252,normal,0.95,-0.05487686289719475,-0.06995427708597747,-0.000449346826506436,0
2023-07-31,2022-07-28,2023-07-28,252,historical,0.99,-0.07842720011583373,-0.08909314215076373,-0.000449346826506436,0
2023-07-31,2022-07-28,2023-07-28,252,normal,0.99,-0.07946689587664998,-0.09169404917523662,-0.000449346826506436,0
2023-08-01,2022-07-29,2023-07-31,252,historical,0.95,-0.04854478222742715,-0.06803001867670165,-0.004750642060541876,0
2023-08-01,2022-07-29,2023-07-31,252,normal,0.95,-0.05492031778002712,-0.06999732507951675,-0.004750642060541876,0
2023-08-01,2022-07-29,2023-07-31,252,historical,0.99,-0.07842720011583373,-0.08909314215076373,-0.004750642060541876,0
2023-08-01,2022-07-29,2023-07-31,252,normal,0.99,-0.07950968715622711,-0.09173651048458809,-0.004750642060541876,0
2023-08-02,2022-08-01,2023-08-01,252,historical,0.95,-0.04854478222742715,-0.06803001867670165,-0.0481216906577695,0
2023-08-02,2022-08-01,2023-08-01,252,normal,0.95,-0.054983467980683064,-0.070061695113104,-0.0481216906577695,0
2023-08-02,2022-08-01,2023-08-01,252,historical,0.99,-0.07842720011583373,-0.08909314215076373,-0.0481216906577695,0
2023-08-02,2022-08-01,2023-08-01,252,normal,0.99,-0.07957482680491672,-0.09180263936684671,-0.0481216906577695,0
2023-08-03,2022-08-02,2023-08-02,252,historical,0.95,-0.04861594396179523,-0.06803001867670165,0.005556753164785544,0
2023-08-03,2022-08-02,2023-08-02,252,normal,0.95,-0.055472581650402294,-0.0706111221011517,0.005556753164785544,0
2023-08-03,2022-08-02,2023-08-02,252,historical,0.99,-0.07842720011583373,-0.08909314215076373,0.005556753164785544,0
2023-08-03,2022-08-02,2023-08-02,252,normal,0.99,-0.0801623065782813,-0.09243903072278875,0.005556753164785544,0
2023-08-04,2022-08-03,2023-08-03,252,historical,0.95,-0.04861594396179523,-0.06803001867670165,0.0037066663778488884,0
2023-08-04,2022-08-03,2023-08-03,252,normal,0.95,-0.0554689866976103,-0.07060756906003468,0.0037066663778488884,0
2023-08-04,2022-08-03,2023-08-03,252,historical,0.99,-0.07842720011583373,-0.08909314215076373,0.0037066663778488884,0
2023-08-04,2022-08-03,2023-08-03,252,normal,0.99,-0.08015877998001325,-0.09243553811313893,0.0037066663778488884,0
2023-08-07,2022-08-04,2023-08-04,252,historical,0.95,-0.04861594396179523,-0.06803001867670165,0.016495077913763145,0
2023-08-07,2022-08-04,2023-08-04,252,normal,0.95,-0.05551054910261625,-0.07064345622928042,0.016495077913763145,0
2023-08-07,2022-08-04,2023-08-04,252,historical,0.99,-0.07842720011583373,-0.08909314215076373,0.016495077913763145,0
2023-08-07,2022-08-04,2023-08-04,252,normal,0.99,-0.08019108653830954,-0.0924632422922224,0.016495077913763145,0
2023-08-08,2022-08-05,2023-08-07,252,historical,0.95,-0.04861594396179523,-0.06803001867670165,-0.016579909708733354,0
2023-08-08,2022-08-05,2023-08-07,252,normal,0.95,-0.05551146374945746,-0.07064405043867175,-0.016579909708733354,0
2023-08-08,2022-08-05,2023-08-07,252,historical,0.99,-0.07842720011583373,-0.08909314215076373,-0.016579909708733354,0
2023-08-08,2022-08-05,2023-08-07,252,normal,0.99,-0.08019147857780165,-0.0924633744703236,-0.016579909708733354,0
2023-08-09,2022-08-08,2023-08-08,252,historical,0.95,-0.04861594396179523,-0.06803001867670165,-0.04724151626565254,0
2023-08-09,2022-08-08,2023-08-08,252,normal,0.95,-0.055546465950460186,-0.07068308723514305,-0.04724151626565254,0
2023-08-09,2022-08-08,2023-08-08,252,historical,0.99,-0.07842720011583373,-0.08909314215076373,-0.04724151626565254,0
2023-08-09,2022-08-08,2023-08-08,252,normal,0.99,-0.08023306087499255,-0.0925082286559613,-0.04724151626565254,0
2023-08-10,2022-08-09,2023-08-09,252,historical,0.95,-0.04805052892340142,-0.0668867585911025,-0.0039011281395381348,0
2023-08-10,2022-08-09,2023-08-09,252,normal,0.95,-0.05531521263612479,-0.07040895626608072,-0.0039011281395381348,0
2023-08-10,2022-08-09,2023-08-09,252,historical,0.99,-0.07842720011583373,-0.08909314215076373,-0.0039011281395381348,0
2023-08-10,2022-08-09,2023-08-09,252,normal,0.99,-0.07993187760246834,-0.09217227339595528,-0.0039011281395381348,0
2023-08-11,2022-08-10,2023-08-10,252,historical,0.95,-0.04805052892340142,-0.0668867585911025,-0.03616571477420927,0
2023-08-11,2022-08-10,2023-08-10,252,normal,0.95,-0.05500382478787517,-0.07005458704843519,-0.03616571477420927,0
2023-08-11,2022-08-10,2023-08-10,252,historical,0.99,-0.07842720011583373,-0.08909314215076373,-0.03616571477420927,0
2023-08-11,2022-08-10,2023-08-10,252,normal,0.99,-0.07955039064586274,-0.09175593034360233,-0.03616571477420927,0
2023-08-14,2022-08-11,2023-08-11,252,historical,0.95,-0.04805052892340142,-0.0668867585911025,0.07093381531090492,0
2023-08-14,2022-08-11,2023-08-11,252,normal,0.95,-0.05525277822611618,-0.07027067592823982,0.07093381531090492,0
2023-08-14,2022-08-11,2023-08-11,252,historical,0.99,-0.07842720011583373,-0.08909314215076373,0.07093381531090492,0
2023-08-14,2022-08-11,2023-08-11,252,normal,0.99,-0.0797457446693973,-0.09192463258261598,0.07093381531090492,0
2023-08-15,2022-08-12,2023-08-14,252,historical,0.95,-0.04805052892340142,-0.0668867585911025,0.004273998728933304,0
2023-08-15,2022-08-12,2023-08-14,252,normal,0.95,-0.055329752403820175,-0.07044734687296246,0.004273998728933304,0
2023-08-15,2022-08-12,2023-08-14,252,historical,0.99,-0.07842720011583373,-0.08909314215076373,0.004273998728933304,0
2023-08-15,2022-08-12,2023-08-14,252,normal,0.99,-0.0799853161438418,-0.09224505397193629,0.004273998728933304,0
2023-08-16,2022-08-15,2023-08-15,252,historical,0.95,-0.04805052892340142,-0.0668867585911025,-0.010332252871589342,0
2023-08-16,2022-08-15,2023-08-15,252,normal,0.95,-0.05534701399630299,-0.07043020738219889,-0.010332252871589342,0
2023-08-16,2022-08-15,2023-08-15,252,historical,0.99,-0.07842720011583373,-0.08909314215076373,-0.010332252871589342,0
2023-08-16,2022-08-15,2023-08-15,252,normal,0.99,-0.07994647237495656,-0.09217831236107202,-0.010332252871589342,0
2023-08-17,2022-08-16,2023-08-16,252,historical,0.95,-0.04805052892340142,-0.0668867585911025,-0.0032653706257254056,0
2023-08-17,2022-08-16,2023-08-16,252,normal,0.95,-0.05545905626814512,-0.0705428929473646,-0.0032653706257254056,0
2023-08-17,2022-08-16,2023-08-16,252,historical,0.99,-0.07842720011583373,-0.08909314215076373,-0.0032653706257254056,0
2023-08-17,2022-08-16,2023-08-16,252,normal,0.99,-0.08005956380574891,-0.0922919254758869,-0.0032653706257254056,0
2023-08-18,2022-08-17,2023-08-17,252,historical,0.95,-0.04805052892340142,-0.0668867585911025,-0.0010381719768957076,0
2023-08-18,2022-08-17,2023-08-17,252,normal,0.95,-0.055431812476835624,-0.07051354034853775,-0.0010381719768957076,0
2023-08-18,2022-08-17,2023-08-17,252,historical,0.99,-0.07842720011583373,-0.08909314215076373,-0.0010381719768957076,0
2023-08-18,2022-08-17,2023-08-17,252,normal,0.99,-0.08002888072135177,-0.09225953223665359,-0.0010381719768957076,0
2023-08-21,2022-08-18,2023-08-18,252,historical,0.95,-0.04805052892340142,-0.0668867585911025,0.08471335277451275,0
2023-08-21,2022-08-18,2023-08-18,252,normal,0.95,-0.055226102595675466,-0.07028357375950839,0.08471335277451275,0
2023-08-21,2022-08-18,2023-08-18,252,historical,0.99,-0.07842720011583373,-0.08909314215076373,0.08471335277451275,0
2023-08-21,2022-08-18,2023-08-18,252,normal,0.99,-0.07978361012779038,-0.09199459046593132,0.08471335277451275,0
2023-08-22,2022-08-19,2023-08-21,252,historical,0.95,-0.04805052892340142,-0.0668867585911025,-0.027657867410064818,0
2023-08-22,2022-08-19,2023-08-21,252,normal,0.95,-0.05553672354014459,-0.07073442176870913,-0.027657867410064818,0
2023-08-22,2022-08-19,2023-08-21,252,historical,0.99,-0.07842720011583373,-0.08909314215076373,-0.027657867410064818,0
2023-08-22,2022-08-19,2023-08-21,252,normal,0.99,-0.08032292997932594,-0.092647628611308,-0.027657867410064818,0
2023-08-23,2022-08-22,2023-08-22,252,historical,0.95,-0.04757937150489491,-0.0667923181567032,0.031707016051413905,0
2023-08-23,2022-08-22,2023-08-22,252,normal,0.95,-0.05528476790460318,-0.07044019598111745,0.031707016051413905,0
2023-08-23,2022-08-22,2023-08-22,252,historical,0.99,-0.07842720011583373,-0.08909314215076373,0.031707016051413905,0
2023-08-23,2022-08-22,2023-08-22,252,normal,0.99,-0.08000203517291954,-0.09229245447672224,0.031707016051413905,0
2023-08-24,2022-08-23,2023-08-23,252,historical,0.95,-0.04757937150489491,-0.0667923181567032,0.0009976949470344998,0
2023-08-24,2022-08-23,2023-08-23,252,normal,0.95,-0.05481673406518667,-0.06993125677370123,0.0009976949470344998,0
2023-08-24,2022-08-23,2023-08-23,252,historical,0.99,-0.07842720011583373,-0.08909314215076373,0.0009976949470344998,0
2023-08-24,2022-08-23,2023-08-23,252,normal,0.99,-0.07946728801412642,-0.09172453477262361,0.0009976949470344998,0
2023-08-25,2022-08-24,2023-08-24,252,historical,0.95,-0.04757937150489491,-0.0667923181567032,-0.024277467152287402,0
2023-08-25,2022-08-24,2023-08-24,252,normal,0.95,-0.05484681367595913,-0.06996128403947226,-0.024277467152287402,0
2023-08-25,2022-08-24,2023-08-24,252,historical,0.99,-0.07842720011583373,-0.08909314215076373,-0.024277467152287402,0
2023-08-25,2022-08-24,2023-08-24,252,normal,0.99,-0.07949728225447027,-0.09175448656335712,-0.024277467152287402,0
2023-08-28,2022-08-25,2023-08-25,252,historical,0.95,-0.04757937150489491,-0.0667923181567032,0.017753810939104886,0
2023-08-28,2022-08-25,2023-08-25,252,normal,0.95,-0.05502765560758607,-0.07016118733179699,0.017753810939104886,0
2023-08-28,2022-08-25,2023-08-25,252,historical,0.99,-0.07842720011583373,-0.08909314215076373,0.017753810939104886,0
2023-08-28,2022-08-25,2023-08-25,252,normal,0.99,-0.07970921171094221,-0.09198187398738329,0.017753810939104886,0
2023-08-29,2022-08-26,2023-08-28,252,historical,0.95,-0.04757937150489491,-0.0667923181567032,0.04161423247992824,0
2023-08-29,2022-08-26,2023-08-28,252,normal,0.95,-0.05501742055885932,-0.07012580155602524,0.04161423247992824,0
2023-08-29,2022-08-26,2023-08-28,252,historical,0.99,-0.07842720011583373,-0.08909314215076373,0.04161423247992824,0
2023-08-29,2022-08-26,2023-08-28,252,normal,0.99,-0.07965795787744571,-0.09191022396450711,0.04161423247992824,0
2023-08-30,2022-08-29,2023-08-29,252,historical,0.95,-0.04620772003749005,-0.06332785897956804,0.009839204543181657,0
2023-08-30,2022-08-29,2023-08-29,252,normal,0.95,-0.05375225058718727,-0.06867420517217852,0.009839204543181657,0
2023-08-30,2022-08-29,2023-08-29,252,historical,0.99,-0.07395007388367074,-0.0838842559472562,0.009839204543181657,0
2023-08-30,2022-08-29,2023-08-29,252,normal,0.99,-0.07808874163058234,-0.0901898236822366,0.009839204543181657,0
2023-08-31,2022-08-30,2023-08-30,252,historical,0.95,-0.04620772003749005,-0.06332785897956804,0.0018472597439980198,0
2023-08-31,2022-08-30,2023-08-30,252,normal,0.95,-0.053501509322015944,-0.06839814163709296,0.0018472597439980198,0
2023-08-31,2022-08-30,2023-08-30,252,historical,0.99,-0.07395007388367074,-0.0838842559472562,0.0018472597439980198,0
2023-08-31,2022-08-30,2023-08-30,252,normal,0.99,-0.07779670180821088,-0.08987724855638188,0.0018472597439980198,0
2023-09-01,2022-08-31,2023-08-31,252,historical,0.95,-0.04620772003749005,-0.06332785897956804,-0.01714117943216631,0
2023-09-01,2022-08-31,2023-08-31,252,normal,0.95,-0.05334817140249207,-0.0682289571105979,-0.01714117943216631,0
2023-09-01,2022-08-31,2023-08-31,252,historical,0.99,-0.07395007388367074,-0.0838842559472562,-0.01714117943216631,0
2023-09-01,2022-08-31,2023-08-31,252,normal,0.99,-0.07761751936500705,-0.08968521517665315,-0.01714117943216631,0
2023-09-05,2022-09-01,2023-09-01,252,historical,0.95,-0.04620772003749005,-0.06332785897956804,0.000803948244096464,0
2023-09-05,2022-09-01,2023-09-01,252,normal,0.95,-0.05328668859850307,-0.06815894997337012,0.000803948244096464,0
2023-09-05,2022-09-01,2023-09-01,252,historical,0.99,-0.07395007388367074,-0.0838842559472562,0.000803948244096464,0
2023-09-05,2022-09-01,2023-09-01,252,normal,0.99,-0.0775421340686646,-0.08960291700201647,0.000803948244096464,0
2023-09-06,2022-09-02,2023-09-05,252,historical,0.95,-0.04288084687074274,-0.06092086357972308,-0.030549610348666545,0
2023-09-06,2022-09-02,2023-09-05,252,normal,0.95,-0.0523580097365654,-0.06707243312610524,-0.030549610348666545,0
2023-09-06,2022-09-02,2023-09-05,252,historical,0.99,-0.07087725042496872,-0.08211775066999068,-0.030549610348666545,0
2023-09-06,2022-09-02,2023-09-05,252,normal,0.99,-0.07635603432433885,-0.08828881724265025,-0.030549610348666545,0
2023-09-07,2022-09-06,2023-09-06,252,historical,0.95,-0.04288084687074274,-0.06092086357972308,-0.017424195060448233,0
2023-09-07,2022-09-06,2023-09-06,252,normal,0.95,-0.05245324285308167,-0.06718203885327378,-0.017424195060448233,0
2023-09-07,2022-09-06,2023-09-06,252,historical,0.99,-0.07087725042496872,-0.08211775066999068,-0.017424195060448233,0
2023-09-07,2022-09-06,2023-09-06,252,normal,0.99,-0.07647470799674325,-0.08841914650211657,-0.017424195060448233,0
2023-09-08,2022-09-07,2023-09-07,252,historical,0.95,-0.04288084687074274,-0.06092086357972308,-0.014467670690290757,0
2023-09-08,2022-09-07,2023-09-07,252,normal,0.95,-0.05248534501315208,-0.06721817517386054,-0.014467670690290757,0
2023-09-08,2022-09-07,2023-09-07,252,historical,0.99,-0.07087725042496872,-0.08211775066999068,-0.014467670690290757,0
2023-09-08,2022-09-07,2023-09-07,252,normal,0.99,-0.07651338954363021,-0.08846109958472226,-0.014467670690290757,0
2023-09-11,2022-09-08,2023-09-08,252,historical,0.95,-0.04288084687074274,-0.06092086357972308,-0.008645476524645201,0
2023-09-11,2022-09-08,2023-09-08,252,normal,0.95,-0.05263760840862728,-0.0673755876708409,-0.008645476524645201,0
2023-09-11,2022-09-08,2023-09-08,252,historical,0.99,-0.07087725042496872,-0.08211775066999068,-0.008645476524645201,0
2023-09-11,2022-09-08,2023-09-08,252,normal,0.99,-0.07667405070375131,-0.08862593645114587,-0.008645476524645201,0
2023-09-12,2022-09-09,2023-09-11,252,historical,0.95,-0.04288084687074274,-0.06092086357972308,-0.006817567051421114,0
2023-09-12,2022-09-09,2023-09-11,252,normal,0.95,-0.05274953154001944,-0.06748694000846997,-0.006817567051421114,0
2023-09-12,2022-09-09,2023-09-11,252,historical,0.99,-0.07087725042496872,-0.08211775066999068,-0.006817567051421114,0
2023-09-12,2022-09-09,2023-09-11,252,normal,0.99,-0.07678504291706408,-0.08873646577455219,-0.006817567051421114,0
2023-09-13,2022-09-12,2023-09-12,252,historical,0.95,-0.04288084687074274,-0.06092086357972308,0.013706304487354659,0
2023-09-13,2022-09-12,2023-09-12,252,normal,0.95,-0.05285264523819555,-0.06758076883161582,0.013706304487354659,0
2023-09-13,2022-09-12,2023-09-12,252,historical,0.99,-0.07087725042496872,-0.08211775066999068,0.013706304487354659,0
2023-09-13,2022-09-12,2023-09-12,252,normal,0.99,-0.07687301374124697,-0.08881690695280696,0.013706304487354659,0
2023-09-14,2022-09-13,2023-09-13,252,historical,0.95,-0.04288084687074274,-0.06092086357972308,0.0021105951523352484,0
2023-09-14,2022-09-13,2023-09-13,252,normal,0.95,-0.05283675858942712,-0.06756639529637881,0.0021105951523352484,0
2023-09-14,2022-09-13,2023-09-13,252,historical,0.99,-0.07087725042496872,-0.08211775066999068,0.0021105951523352484,0
2023-09-14,2022-09-13,2023-09-13,252,normal,0.99,-0.07685959485725397,-0.08880471514070275,0.0021105951523352484,0
2023-09-15,2022-09-14,2023-09-14,252,historical,0.95,-0.040666106916228004,-0.05677662980490379,-0.0368795740727077,0
2023-09-15,2022-09-14,2023-09-14,252,normal,0.95,-0.05151518432588495,-0.06600670843908377,-0.0368795740727077,0
2023-09-15,2022-09-14,2023-09-14,252,historical,0.99,-0.0657623788352424,-0.07401572218834089,-0.0368795740727077,0
2023-09-15,2022-09-14,2023-09-14,252,normal,0.99,-0.07514967837137217,-0.08690169928448552,-0.0368795740727077,0
2023-09-18,2022-09-15,2023-09-15,252,historical,0.95,-0.040666106916228004,-0.05677662980490379,0.0015035054048539997,0
2023-09-18,2022-09-15,2023-09-15,252,normal,0.95,-0.05182666912271382,-0.06636037505162505,0.0015035054048539997,0
2023-09-18,2022-09-15,2023-09-15,252,historical,0.99,-0.0657623788352424,-0.07401572218834089,0.0015035054048539997,0
2023-09-18,2022-09-15,2023-09-15,252,normal,0.99,-0.07552995826970281,-0.08731618687391429,0.0015035054048539997,0
2023-09-19,2022-09-16,2023-09-18,252,historical,0.95,-0.040666106916228004,-0.05677662980490379,-0.010144195022514846,0
2023-09-19,2022-09-16,2023-09-18,252,normal,0.95,-0.051722099000327634,-0.06624603681575789,-0.010144195022514846,0
2023-09-19,2022-09-16,2023-09-18,252,historical,0.99,-0.0657623788352424,-0.07401572218834089,-0.010144195022514846,0
2023-09-19,2022-09-16,2023-09-18,252,normal,0.99,-0.07540945715081837,-0.08718776422289748,-0.010144195022514846,0
2023-09-20,2022-09-19,2023-09-19,252,historical,0.95,-0.040666106916228004,-0.05677662980490379,-0.029434783097965544,0
2023-09-20,2022-09-19,2023-09-19,252,normal,0.95,-0.05184525191062677,-0.06636927481564589,-0.029434783097965544,0
2023-09-20,2022-09-19,2023-09-19,252,historical,0.99,-0.0657623788352424,-0.07401572218834089,-0.029434783097965544,0
2023-09-20,2022-09-19,2023-09-19,252,normal,0.99,-0.07553274883529788,-0.08731112491148034,-0.029434783097965544,0
2023-09-21,2022-09-20,2023-09-20,252,historical,0.95,-0.040666106916228004,-0.05677662980490379,-0.028930601466756967,0
2023-09-21,2022-09-20,2023-09-20,252,normal,0.95,-0.052123493782449994,-0.06667447362953473,-0.028930601466756967,0
2023-09-21,2022-09-20,2023-09-20,252,historical,0.99,-0.0657623788352424,-0.07401572218834089,-0.028930601466756967,0
2023-09-21,2022-09-20,2023-09-20,252,normal,0.99,-0.07585495528129271,-0.08765519231181193,-0.028930601466756967,0
2023-09-22,2022-09-21,2023-09-21,252,historical,0.95,-0.040666106916228004,-0.05677662980490379,0.014457559800092223,0
2023-09-22,2022-09-21,2023-09-21,252,normal,0.95,-0.052246687601236595,-0.06681531748543634,0.014457559800092223,0
2023-09-22,2022-09-21,2023-09-21,252,historical,0.99,-0.0657623788352424,-0.07401572218834089,0.014457559800092223,0
2023-09-22,2022-09-21,2023-09-21,252,normal,0.99,-0.07600693487125418,-0.08782148534483657,0.014457559800092223,0
2023-09-25,2022-09-22,2023-09-22,252,historical,0.95,-0.040666106916228004,-0.05677662980490379,0.014707871473912615,0
2023-09-25,2022-09-22,2023-09-22,252,normal,0.95,-0.05222294792143486,-0.06679361817456046,0.014707871473912615,0
2023-09-25,2022-09-22,2023-09-22,252,historical,0.99,-0.0657623788352424,-0.07401572218834089,0.014707871473912615,0
2023-09-25,2022-09-22,2023-09-22,252,normal,0.99,-0.07598652286677851,-0.08780272799435726,0.014707871473912615,0
2023-09-26,2022-09-23,2023-09-25,252,historical,0.95,-0.03886081582944818,-0.05583267817565928,-0.007365826313880719,0
2023-09-26,2022-09-23,2023-09-25,252,normal,0.95,-0.05164597492348776,-0.06613811138223943,-0.007365826313880719,0
2023-09-26,2022-09-23,2023-09-25,252,historical,0.99,-0.0657623788352424,-0.07401572218834089,-0.007365826313880719,0
2023-09-26,2022-09-23,2023-09-25,252,normal,0.99,-0.07528146765463492,-0.08703398515442107,-0.007365826313880719,0
2023-09-27,2022-09-26,2023-09-26,252,historical,0.95,-0.03886081582944818,-0.05583267817565928,0.013289937321537826,0
2023-09-27,2022-09-26,2023-09-26,252,normal,0.95,-0.05166875513678603,-0.06616286492755898,0.013289937321537826,0
2023-09-27,2022-09-26,2023-09-26,252,historical,0.99,-0.0657623788352424,-0.07401572218834089,0.013289937321537826,0
2023-09-27,2022-09-26,2023-09-26,252,normal,0.99,-0.07530746621153477,-0.087061584001187,0.013289937321537826,0
2023-09-28,2022-09-27,2023-09-27,252,historical,0.95,-0.03886081582944818,-0.05583267817565928,0.0146230758280943,0
2023-09-28,2022-09-27,2023-09-27,252,normal,0.95,-0.05145390054270662,-0.06593002294904927,0.0146230758280943,0
2023-09-28,2022-09-27,2023-09-27,252,historical,0.99,-0.0657623788352424,-0.07401572218834089,0.0146230758280943,0
2023-09-28,2022-09-27,2023-09-27,252,normal,0.99,-0.07506327566031994,-0.08680280643232341,0.0146230758280943,0
2023-09-29,2022-09-28,2023-09-28,252,historical,0.95,-0.03886081582944818,-0.05583267817565928,0.009514921562899348,0
2023-09-29,2022-09-28,2023-09-28,252,normal,0.95,-0.051455014293411046,-0.06593090929996089,0.009514921562899348,0
2023-09-29,2022-09-28,2023-09-28,252,historical,0.99,-0.0657623788352424,-0.07401572218834089,0.009514921562899348,0
2023-09-29,2022-09-28,2023-09-28,252,normal,0.99,-0.07506401854050673,-0.08680336490077407,0.009514921562899348,0
2023-10-02,2022-09-29,2023-09-29,252,historical,0.95,-0.03886081582944818,-0.05583267817565928,0.029495086922860514,0
2023-10-02,2022-09-29,2023-09-29,252,normal,0.95,-0.051482180867511974,-0.06594833769347191,0.029495086922860514,0
2023-10-02,2022-09-29,2023-09-29,252,historical,0.99,-0.0657623788352424,-0.07401572218834089,0.029495086922860514,0
2023-10-02,2022-09-29,2023-09-29,252,normal,0.99,-0.07507530293621371,-0.08680675203867337,0.029495086922860514,0
2023-10-03,2022-09-30,2023-10-02,252,historical,0.95,-0.037427290801002475,-0.05560133656203698,-0.028248064805157957,0
2023-10-03,2022-09-30,2023-10-02,252,normal,0.95,-0.0510569269918082,-0.0654856290153964,-0.028248064805157957,0
2023-10-03,2022-09-30,2023-10-02,252,historical,0.99,-0.0657623788352424,-0.07401572218834089,-0.028248064805157957,0
2023-10-03,2022-09-30,2023-10-02,252,normal,0.99,-0.07458896333227909,-0.08629003815406745,-0.028248064805157957,0
2023-10-04,2022-10-03,2023-10-03,252,historical,0.95,-0.037427290801002475,-0.05560133656203698,0.012041322163637957,0
2023-10-04,2022-10-03,2023-10-03,252,normal,0.95,-0.05123756505486719,-0.06569036172461235,0.012041322163637957,0
2023-10-04,2022-10-03,2023-10-03,252,historical,0.99,-0.0657623788352424,-0.07401572218834089,0.012041322163637957,0
2023-10-04,2022-10-03,2023-10-03,252,normal,0.99,-0.07480889779830276,-0.08652951237197082,0.012041322163637957,0
2023-10-05,2022-10-04,2023-10-04,252,historical,0.95,-0.037427290801002475,-0.05560133656203698,0.014690932076625085,0
2023-10-05,2022-10-04,2023-10-04,252,normal,0.95,-0.05125586683127957,-0.0656944757390283,0.014690932076625085,0
2023-10-05,2022-10-04,2023-10-04,252,historical,0.99,-0.0657623788352424,-0.07401572218834089,0.014690932076625085,0
2023-10-05,2022-10-04,2023-10-04,252,normal,0.99,-0.07480406049191032,-0.08651316938305735,0.014690932076625085,0
2023-10-06,2022-10-05,2023-10-05,252,historical,0.95,-0.037427290801002475,-0.05560133656203698,0.024033440957810237,0
2023-10-06,2022-10-05,2023-10-05,252,normal,0.95,-0.05120486727325789,-0.06559255647231299,0.024033440957810237,0
2023-10-06,2022-10-05,2023-10-05,252,historical,0.99,-0.0657623788352424,-0.07401572218834089,0.024033440957810237,0
2023-10-06,2022-10-05,2023-10-05,252,normal,0.99,-0.07467001504150929,-0.08633783017523076,0.024033440957810237,0
2023-10-09,2022-10-06,2023-10-06,252,historical,0.95,-0.037427290801002475,-0.05560133656203698,-0.010685911099981849,0
2023-10-09,2022-10-06,2023-10-06,252,normal,0.95,-0.051154435192476234,-0.06555032510788289,-0.010685911099981849,0
2023-10-09,2022-10-06,2023-10-06,252,historical,0.99,-0.0657623788352424,-0.07401572218834089,-0.010685911099981849,0
2023-10-09,2022-10-06,2023-10-06,252,normal,0.99,-0.07463295766032897,-0.08630742323256285,-0.010685911099981849,0
2023-10-10,2022-10-07,2023-10-09,252,historical,0.95,-0.037427290801002475,-0.05560133656203698,0.011596248567318446,0
2023-10-10,2022-10-07,2023-10-09,252,normal,0.95,-0.05118549030077241,-0.06558452605992839,0.011596248567318446,0
2023-10-10,2022-10-07,2023-10-09,252,historical,0.99,-0.0657623788352424,-0.07401572218834089,0.011596248567318446,0
2023-10-10,2022-10-07,2023-10-09,252,normal,0.99,-0.07466914338323687,-0.08634616010338608,0.011596248567318446,0
2023-10-11,2022-10-10,2023-10-10,252,historical,0.95,-0.037096527038216816,-0.05230039003171826,0.022009752612402345,0
2023-10-11,2022-10-10,2023-10-10,252,normal,0.95,-0.050117432818193884,-0.06433775296950253,0.022009752612402345,0
2023-10-11,2022-10-10,2023-10-10,252,historical,0.99,-0.06015754978395289,-0.06768690502285461,0.022009752612402345,0
2023-10-11,2022-10-10,2023-10-10,252,normal,0.99,-0.07330961531850916,-0.08484170114356993,0.022009752612402345,0
2023-10-12,2022-10-11,2023-10-11,252,historical,0.95,-0.037096527038216816,-0.05230039003171826,0.002969580923532389,0
2023-10-12,2022-10-11,2023-10-11,252,normal,0.95,-0.04977039709758934,-0.06395863692361334,0.002969580923532389,0
2023-10-12,2022-10-11,2023-10-11,252,historical,0.99,-0.06015754978395289,-0.06768690502285461,0.002969580923532389,0
2023-10-12,2022-10-11,2023-10-11,252,normal,0.99,-0.07291025920351442,-0.08441632922439203,0.002969580923532389,0
2023-10-13,2022-10-12,2023-10-12,252,historical,0.95,-0.037096527038216816,-0.05230039003171826,-0.03161143903716013,0
2023-10-13,2022-10-12,2023-10-12,252,normal,0.95,-0.04971392858303797,-0.06389807293995829,-0.03161143903716013,0
2023-10-13,2022-10-12,2023-10-12,252,historical,0.99,-0.06015754978395289,-0.06768690502285461,-0.03161143903716013,0
2023-10-13,2022-10-12,2023-10-12,252,normal,0.99,-0.07284711131284026,-0.08434986007929497,-0.03161143903716013,0
2023-10-16,2022-10-13,2023-10-13,252,historical,0.95,-0.037096527038216816,-0.05230039003171826,0.013946239475852273,0
2023-10-16,2022-10-13,2023-10-13,252,normal,0.95,-0.04992928366579384,-0.06414375236366977,0.013946239475852273,0
2023-10-16,2022-10-13,2023-10-13,252,historical,0.99,-0.06015754978395289,-0.06768690502285461,0.013946239475852273,0
2023-10-16,2022-10-13,2023-10-13,252,normal,0.99,-0.0731119229227461,-0.08463926346342021,0.013946239475852273,0
2023-10-17,2022-10-14,2023-10-16,252,historical,0.95,-0.037096527038216816,-0.05230039003171826,-0.0467946672634133,1
2023-10-17,2022-10-14,2023-10-16,252,normal,0.95,-0.049927169482527886,-0.064114836529427,-0.0467946672634133,0
2023-10-17,2022-10-14,2023-10-16,252,historical,0.99,-0.06015754978395289,-0.06768690502285461,-0.0467946672634133,0
2023-10-17,2022-10-14,2023-10-16,252,normal,0.99,-0.07306609743241037,-0.08457170295333603,-0.0467946672634133,0
2023-10-18,2022-10-17,2023-10-17,252,historical,0.95,-0.037096527038216816,-0.051185553269555935,-0.03964693876680225,1
2023-10-18,2022-10-17,2023-10-17,252,normal,0.95,-0.04970159759367552,-0.0638465705013911,-0.03964693876680225,0
2023-10-18,2022-10-17,2023-10-17,252,historical,0.99,-0.05789663195947842,-0.06694834594601103,-0.03964693876680225,0
2023-10-18,2022-10-17,2023-10-17,252,normal,0.99,-0.07277089488425482,-0.08424187724114109,-0.03964693876680225,0
2023-10-19,2022-10-18,2023-10-18,252,historical,0.95,-0.037427290801002475,-0.05136134149978387,-0.00225107879682529,0
2023-10-19,2022-10-18,2023-10-18,252,normal,0.95,-0.05001943510813709,-0.06414583112605338,-0.00225107879682529,0
2023-10-19,2022-10-18,2023-10-18,252,historical,0.99,-0.05789663195947842,-0.06694834594601103,-0.00225107879682529,0
2023-10-19,2022-10-18,2023-10-18,252,normal,0.99,-0.07305843500639826,-0.08451435228139827,-0.00225107879682529,0
2023-10-20,2022-10-19,2023-10-19,252,historical,0.95,-0.037427290801002475,-0.05136134149978387,-0.016959350994359745,0
2023-10-20,2022-10-19,2023-10-19,252,normal,0.95,-0.050060554864463966,-0.06418842835835227,-0.016959350994359745,0
2023-10-20,2022-10-19,2023-10-19,252,historical,0.99,-0.05789663195947842,-0.06694834594601103,-0.016959350994359745,0
2023-10-20,2022-10-19,2023-10-19,252,normal,0.99,-0.0731019644055474,-0.08455907985186371,-0.016959350994359745,0
2023-10-23,2022-10-20,2023-10-20,252,historical,0.95,-0.037427290801002475,-0.05136134149978387,0.038369429592118864,0
2023-10-23,2022-10-20,2023-10-20,252,normal,0.95,-0.05020436835196382,-0.06434460366939619,0.038369429592118864,0
2023-10-23,2022-10-20,2023-10-20,252,historical,0.99,-0.05789663195947842,-0.06694834594601103,0.038369429592118864,0
2023-10-23,2022-10-20,2023-10-20,252,normal,0.99,-0.07326593901914147,-0.08473307938814217,0.038369429592118864,0
2023-10-24,2022-10-21,2023-10-23,252,historical,0.95,-0.037427290801002475,-0.05136134149978387,0.016009304766262167,0
2023-10-24,2022-10-21,2023-10-23,252,normal,0.95,-0.05019974528521826,-0.06436552365360663,0.016009304766262167,0
2023-10-24,2022-10-21,2023-10-23,252,historical,0.99,-0.05789663195947842,-0.06694834594601103,0.016009304766262167,0
2023-10-24,2022-10-21,2023-10-23,252,normal,0.99,-0.0733029745854705,-0.08479082930215988,0.016009304766262167,0
2023-10-25,2022-10-24,2023-10-24,252,historical,0.95,-0.037427290801002475,-0.05136134149978387,-0.043148952002867835,1
2023-10-25,2022-10-24,2023-10-24,252,normal,0.95,-0.05020816633488641,-0.06436973630653187,-0.043148952002867835,0
2023-10-25,2022-10-24,2023-10-24,252,historical,0.99,-0.05789663195947842,-0.06694834594601103,-0.043148952002867835,0
2023-10-25,2022-10-24,2023-10-24,252,normal,0.99,-0.07330453208324551,-0.08478897396591227,-0.043148952002867835,0
2023-10-26,2022-10-25,2023-10-25,252,historical,0.95,-0.038470229509427745,-0.051795301854638494,-0.03477806078832002,0
2023-10-26,2022-10-25,2023-10-25,252,normal,0.95,-0.0506467851424916,-0.06486552837633396,-0.03477806078832002,0
2023-10-26,2022-10-25,2023-10-25,252,historical,0.99,-0.05789663195947842,-0.06694834594601103,-0.03477806078832002,0
2023-10-26,2022-10-25,2023-10-25,252,normal,0.99,-0.07383639581901688,-0.08536720282986203,-0.03477806078832002,0
2023-10-27,2022-10-26,2023-10-26,252,historical,0.95,-0.038470229509427745,-0.051795301854638494,0.004314812319848427,0
2023-10-27,2022-10-26,2023-10-26,252,normal,0.95,-0.05093049568754508,-0.06513328386063626,0.004314812319848427,0
2023-10-27,2022-10-26,2023-10-26,252,historical,0.99,-0.05789663195947842,-0.06694834594601103,0.004314812319848427,0
2023-10-27,2022-10-26,2023-10-26,252,normal,0.99,-0.07409408496111966,-0.08561195308395322,0.004314812319848427,0
2023-10-30,2022-10-27,2023-10-27,252,historical,0.95,-0.038470229509427745,-0.051795301854638494,0.016321158083013376,0
2023-10-30,2022-10-27,2023-10-27,252,normal,0.95,-0.05070187748457248,-0.0648786844537477,0.016321158083013376,0
2023-10-30,2022-10-27,2023-10-27,252,historical,0.99,-0.05789663195947842,-0.06694834594601103,0.016321158083013376,0
2023-10-30,2022-10-27,2023-10-27,252,normal,0.99,-0.07382309353332614,-0.08531989198471707,0.016321158083013376,0
2023-10-31,2022-10-28,2023-10-30,252,historical,0.95,-0.038470229509427745,-0.051795301854638494,-0.009256477517154749,0
2023-10-31,2022-10-28,2023-10-30,252,normal,0.95,-0.050708769609381116,-0.06488189273518416,-0.009256477517154749,0
2023-10-31,2022-10-28,2023-10-30,252,historical,0.99,-0.05789663195947842,-0.06694834594601103,-0.009256477517154749,0
2023-10-31,2022-10-28,2023-10-30,252,normal,0.99,-0.07382397761001203,-0.08531778861825948,-0.009256477517154749,0
2023-11-01,2022-10-31,2023-10-31,252,historical,0.95,-0.038470229509427745,-0.051795301854638494,0.037886271662376236,0
2023-11-01,2022-10-31,2023-10-31,252,normal,0.95,-0.05076753282069689,-0.06489590919678748,0.037886271662376236,0
2023-11-01,2022-10-31,2023-10-31,252,historical,0.99,-0.05789663195947842,-0.06694834594601103,0.037886271662376236,0
2023-11-01,2022-10-31,2023-10-31,252,normal,0.99,-0.07380976252164222,-0.08526728578442502,0.037886271662376236,0
2023-11-02,2022-11-01,2023-11-01,252,historical,0.95,-0.038470229509427745,-0.051795301854638494,0.02790311444209226,0
2023-11-02,2022-11-01,2023-11-01,252,normal,0.95,-0.05054214295609549,-0.06467601164012864,0.02790311444209226,0
2023-11-02,2022-11-01,2023-11-01,252,historical,0.99,-0.05789663195947842,-0.06694834594601103,0.02790311444209226,0
2023-11-02,2022-11-01,2023-11-01,252,normal,0.99,-0.07359333016339765,-0.08505530745857193,0.02790311444209226,0
2023-11-03,2022-11-02,2023-11-02,252,historical,0.95,-0.038470229509427745,-0.051795301854638494,0.034455041106771445,0
2023-11-03,2022-11-02,2023-11-02,252,normal,0.95,-0.050494809041454966,-0.06464134631061504,0.034455041106771445,0
2023-11-03,2022-11-02,2023-11-02,252,historical,0.99,-0.05789663195947842,-0.06694834594601103,0.034455041106771445,0
2023-11-03,2022-11-02,2023-11-02,252,normal,0.99,-0.07356665767797661,-0.08503890866666913,0.034455041106771445,0
2023-11-06,2022-11-03,2023-11-03,252,historical,0.95,-0.038470229509427745,-0.051795301854638494,0.016576012568585652,0
2023-11-06,2022-11-03,2023-11-03,252,normal,0.95,-0.05026267767975626,-0.06440909566324945,0.016576012568585652,0
2023-11-06,2022-11-03,2023-11-03,252,historical,0.99,-0.05789663195947842,-0.06694834594601103,0.016576012568585652,0
2023-11-06,2022-11-03,2023-11-03,252,normal,0.99,-0.07333433177108298,-0.08480648602408083,0.016576012568585652,0
2023-11-07,2022-11-04,2023-11-06,252,historical,0.95,-0.038470229509427745,-0.051795301854638494,0.0044589073527732115,0
2023-11-07,2022-11-04,2023-11-06,252,normal,0.95,-0.05026017163261859,-0.06440725840852471,0.0044589073527732115,0
2023-11-07,2022-11-04,2023-11-06,252,historical,0.99,-0.05789663195947842,-0.06694834594601103,0.0044589073527732115,0
2023-11-07,2022-11-04,2023-11-06,252,normal,0.99,-0.07333291646983078,-0.08480561308554783,0.0044589073527732115,0
2023-11-08,2022-11-07,2023-11-07,252,historical,0.95,-0.038470229509427745,-0.051795301854638494,0.013469702161926111,0
2023-11-08,2022-11-07,2023-11-07,252,normal,0.95,-0.05022283978345555,-0.06430972949608335,0.013469702161926111,0
2023-11-08,2022-11-07,2023-11-07,252,historical,0.99,-0.05789663195947842,-0.06694834594601103,0.013469702161926111,0
2023-11-08,2022-11-07,2023-11-07,252,normal,0.99,-0.07319740811952863,-0.0846212874306593,0.013469702161926111,0
2023-11-09,2022-11-08,2023-11-08,252,historical,0.95,-0.038470229509427745,-0.051795301854638494,0.008073120759993335,0
2023-11-09,2022-11-08,2023-11-08,252,normal,0.95,-0.05021418839614246,-0.06430213313593791,0.008073120759993335,0
2023-11-09,2022-11-08,2023-11-08,252,historical,0.99,-0.05789663195947842,-0.06694834594601103,0.008073120759993335,0
2023-11-09,2022-11-08,2023-11-08,252,normal,0.99,-0.07319047739548853,-0.08461521228959594,0.008073120759993335,0
2023-11-10,2022-11-09,2023-11-09,252,historical,0.95,-0.038470229509427745,-0.051795301854638494,0.029499359954989757,0
2023-11-10,2022-11-09,2023-11-09,252,normal,0.95,-0.050242102884154496,-0.06432405963571254,0.029499359954989757,0
2023-11-10,2022-11-09,2023-11-09,252,historical,0.99,-0.05789663195947842,-0.06694834594601103,0.029499359954989757,0
2023-11-10,2022-11-09,2023-11-09,252,normal,0.99,-0.07320862596300554,-0.08462850484870114,0.029499359954989757,0
2023-11-13,2022-11-10,2023-11-10,252,historical,0.95,-0.037427290801002475,-0.05032914241824246,0.005896382957047752,0
2023-11-13,2022-11-10,2023-11-10,252,normal,0.95,-0.0495834346517273,-0.06358482684861957,0.005896382957047752,0
2023-11-13,2022-11-10,2023-11-10,252,historical,0.99,-0.05789663195947842,-0.06694834594601103,0.005896382957047752,0
2023-11-13,2022-11-10,2023-11-10,252,normal,0.99,-0.07241856351195429,-0.08377310790806192,0.005896382957047752,0
2023-11-14,2022-11-11,2023-11-13,252,historical,0.95,-0.037427290801002475,-0.05032914241824246,0.021308066550997262,0
2023-11-14,2022-11-11,2023-11-13,252,normal,0.95,-0.04823291943550244,-0.061752717541900544,0.021308066550997262,0
2023-11-14,2022-11-11,2023-11-13,252,historical,0.99,-0.05789663195947842,-0.06694834594601103,0.021308066550997262,0
2023-11-14,2022-11-11,2023-11-13,252,normal,0.99,-0.07028260760810988,-0.08124659930741977,0.021308066550997262,0
2023-11-15,2022-11-14,2023-11-14,252,historical,0.95,-0.037427290801002475,-0.05032914241824246,-0.015466403046325183,0
2023-11-15,2022-11-14,2023-11-14,252,normal,0.95,-0.048219136132205596,-0.06171998202062124,-0.015466403046325183,0
2023-11-15,2022-11-14,2023-11-14,252,historical,0.99,-0.05789663195947842,-0.06694834594601103,-0.015466403046325183,0
2023-11-15,2022-11-14,2023-11-14,252,normal,0.99,-0.07023791478283617,-0.08118653702477636,-0.015466403046325183,0
2023-11-16,2022-11-15,2023-11-15,252,historical,0.95,-0.037427290801002475,-0.05032914241824246,0.012109458062053102,0
2023-11-16,2022-11-15,2023-11-15,252,normal,0.95,-0.0483100088596515,-0.06182032426764502,0.012109458062053102,0
2023-11-16,2022-11-15,2023-11-15,252,historical,0.99,-0.05789663195947842,-0.06694834594601103,0.012109458062053102,0
2023-11-16,2022-11-15,2023-11-15,252,normal,0.99,-0.07034423152447469,-0.08130053315136067,0.012109458062053102,0
2023-11-17,2022-11-16,2023-11-16,252,historical,0.95,-0.037427290801002475,-0.05032914241824246,-0.0036782428317644333,0
2023-11-17,2022-11-16,2023-11-16,252,normal,0.95,-0.048325103436132374,-0.06182850880685686,-0.0036782428317644333,0
2023-11-17,2022-11-16,2023-11-16,252,historical,0.99,-0.05789663195947842,-0.06694834594601103,-0.0036782428317644333,0
2023-11-17,2022-11-16,2023-11-16,252,normal,0.99,-0.070348056393683,-0.08129875426889581,-0.0036782428317644333,0
2023-11-20,2022-11-17,2023-11-17,252,historical,0.95,-0.037096527038216816,-0.049713742803929886,0.02253650726978851,0
2023-11-20,2022-11-17,2023-11-17,252,normal,0.95,-0.04791031935662256,-0.06135037397705528,0.02253650726978851,0
2023-11-20,2022-11-17,2023-11-17,252,historical,0.99,-0.05789663195947842,-0.06694834594601103,0.02253650726978851,0
2023-11-20,2022-11-17,2023-11-17,252,normal,0.99,-0.06982995240669813,-0.08072927546884956,0.02253650726978851,0
2023-11-21,2022-11-18,2023-11-20,252,historical,0.95,-0.037096527038216816,-0.049713742803929886,-0.009224846623205774,0
2023-11-21,2022-11-18,2023-11-20,252,normal,0.95,-0.047754269321619094,-0.06119216313746396,-0.009224846623205774,0
2023-11-21,2022-11-18,2023-11-20,252,historical,0.99,-0.05789663195947842,-0.06694834594601103,-0.009224846623205774,0
2023-11-21,2022-11-18,2023-11-20,252,normal,0.99,-0.06967037827562543,-0.0805679490154878,-0.009224846623205774,0
2023-11-22,2022-11-21,2023-11-21,252,historical,0.95,-0.037096527038216816,-0.049713742803929886,-0.024587368384280994,0
2023-11-22,2022-11-21,2023-11-21,252,normal,0.95,-0.04769365177534604,-0.061124080313885026,-0.024587368384280994,0
2023-11-22,2022-11-21,2023-11-21,252,historical,0.99,-0.05789663195947842,-0.06694834594601103,-0.024587368384280994,0
2023-11-22,2022-11-21,2023-11-21,252,normal,0.99,-0.0695975854708595,-0.08048910218256475,-0.024587368384280994,0
2023-11-24,2022-11-22,2023-11-22,252,historical,0.95,-0.037096527038216816,-0.049713742803929886,-0.01929553947432494,0
2023-11-24,2022-11-22,2023-11-22,252,normal,0.95,-0.047844964835902226,-0.061295065372586076,-0.01929553947432494,0
2023-11-24,2022-11-22,2023-11-22,252,historical,0.99,-0.05789663195947842,-0.06694834594601103,-0.01929553947432494,0
2023-11-24,2022-11-22,2023-11-22,252,normal,0.99,-0.0697809819561394,-0.08068845183686921,-0.01929553947432494,0
2023-11-27,2022-11-23,2023-11-24,252,historical,0.95,-0.037096527038216816,-0.049713742803929886,0.009753823567710818,0
2023-11-27,2022-11-23,2023-11-24,252,normal,0.95,-0.04798766462676093,-0.061407112045241415,0.009753823567710818,0
2023-11-27,2022-11-23,2023-11-24,252,historical,0.99,-0.05789663195947842,-0.06694834594601103,0.009753823567710818,0
2023-11-27,2022-11-23,2023-11-24,252,normal,0.99,-0.06987368901096881,-0.0807563004928605,0.009753823567710818,0
2023-11-28,2022-11-25,2023-11-27,252,historical,0.95,-0.037096527038216816,-0.049713742803929886,-0.008726915628765042,0
2023-11-28,2022-11-25,2023-11-27,252,normal,0.95,-0.048005676739500104,-0.06140929870626177,-0.008726915628765042,0
2023-11-28,2022-11-25,2023-11-27,252,historical,0.99,-0.05789663195947842,-0.06694834594601103,-0.008726915628765042,0
2023-11-28,2022-11-25,2023-11-27,252,normal,0.99,-0.06986589110251948,-0.08073566880391257,-0.008726915628765042,0
2023-11-29,2022-11-28,2023-11-28,252,historical,0.95,-0.037096527038216816,-0.049713742803929886,0.006670956193856936,0
2023-11-29,2022-11-28,2023-11-28,252,normal,0.95,-0.047958875664278165,-0.06135700612851259,0.006670956193856936,0
2023-11-29,2022-11-28,2023-11-28,252,historical,0.99,-0.05789663195947842,-0.06694834594601103,0.006670956193856936,0
2023-11-29,2022-11-28,2023-11-28,252,normal,0.99,-0.06981013383450739,-0.08067545815666718,0.006670956193856936,0
2023-11-30,2022-11-29,2023-11-29,252,historical,0.95,-0.037096527038216816,-0.049713742803929886,-0.028458907604460792,0
2023-11-30,2022-11-29,2023-11-29,252,normal,0.95,-0.04771944540614592,-0.06109092450084154,-0.028458907604460792,0
2023-11-30,2022-11-29,2023-11-29,252,historical,0.99,-0.05789663195947842,-0.06694834594601103,-0.028458907604460792,0
2023-11-30,2022-11-29,2023-11-29,252,normal,0.99,-0.06952723736607533,-0.08037094854045738,-0.028458907604460792,0
2023-12-01,2022-11-30,2023-11-30,252,historical,0.95,-0.037096527038216816,-0.049713742803929886,-0.00010683931114008338,0
2023-12-01,2022-11-30,2023-11-30,252,normal,0.95,-0.04787023536933241,-0.06126330635105076,-0.00010683931114008338,0
2023-12-01,2022-11-30,2023-11-30,252,historical,0.99,-0.05789663195947842,-0.06694834594601103,-0.00010683931114008338,0
2023-12-01,2022-11-30,2023-11-30,252,normal,0.99,-0.06971324193617848,-0.08057446322929357,-0.00010683931114008338,0
2023-12-04,2022-12-01,2023-12-01,252,historical,0.95,-0.037096527038216816,-0.049713742803929886,-0.026836304604423655,0
2023-12-04,2022-12-01,2023-12-01,252,normal,0.95,-0.04757921515790472,-0.06081520163236787,-0.026836304604423655,0
2023-12-04,2022-12-01,2023-12-01,252,historical,0.99,-0.05789663195947842,-0.06694834594601103,-0.026836304604423655,0
2023-12-04,2022-12-01,2023-12-01,252,normal,0.99,-0.06916602970365208,-0.07989986202097905,-0.026836304604423655,0
2023-12-05,2022-12-02,2023-12-04,252,historical,0.95,-0.037096527038216816,-0.049713742803929886,0.023293669556257557,0
2023-12-05,2022-12-02,2023-12-04,252,normal,0.95,-0.04782979446716731,-0.06108975569563026,0.023293669556257557,0
2023-12-05,2022-12-02,2023-12-04,252,historical,0.99,-0.05789663195947842,-0.06694834594601103,0.023293669556257557,0
2023-12-05,2022-12-02,2023-12-04,252,normal,0.99,-0.06945570988154823,-0.08020898472322195,0.023293669556257557,0
2023-12-06,2022-12-05,2023-12-05,252,historical,0.95,-0.037096527038216816,-0.049713742803929886,-0.022827837450719812,0
2023-12-06,2022-12-05,2023-12-05,252,normal,0.95,-0.047674574249926924,-0.06093382318366056,-0.022827837450719812,0
2023-12-06,2022-12-05,2023-12-05,252,historical,0.99,-0.05789663195947842,-0.06694834594601103,-0.022827837450719812,0
2023-12-06,2022-12-05,2023-12-05,252,normal,0.99,-0.06929932796969193,-0.08005202517008447,-0.022827837450719812,0
2023-12-07,2022-12-06,2023-12-06,252,historical,0.95,-0.037096527038216816,-0.049713742803929886,0.02402062105300673,0
2023-12-07,2022-12-06,2023-12-06,252,normal,0.95,-0.04773733205568539,-0.061005400886267665,0.02402062105300673,0
2023-12-07,2022-12-06,2023-12-06,252,historical,0.99,-0.05789663195947842,-0.06694834594601103,0.02402062105300673,0
2023-12-07,2022-12-06,2023-12-06,252,normal,0.99,-0.06937647030794836,-0.08013632007638045,0.02402062105300673,0
2023-12-08,2022-12-07,2023-12-07,252,historical,0.95,-0.036486951458533555,-0.04966544331800296,0.019529437922316095,0
2023-12-08,2022-12-07,2023-12-07,252,normal,0.95,-0.047348765589191745,-0.060580149117976434,0.019529437922316095,0
2023-12-08,2022-12-07,2023-12-07,252,historical,0.99,-0.05789663195947842,-0.06694834594601103,0.019529437922316095,0
2023-12-08,2022-12-07,2023-12-07,252,normal,0.99,-0.06892807310590754,-0.07965817262650088,0.019529437922316095,0
2023-12-11,2022-12-08,2023-12-08,252,historical,0.95,-0.036486951458533555,-0.04966544331800296,-0.018503116025210375,0
2023-12-11,2022-12-08,2023-12-08,252,normal,0.95,-0.047325544008288686,-0.06056232931575166,-0.018503116025210375,0
2023-12-11,2022-12-08,2023-12-08,252,historical,0.99,-0.05789663195947842,-0.06694834594601103,-0.018503116025210375,0
2023-12-11,2022-12-08,2023-12-08,252,normal,0.99,-0.06891366138551396,-0.0796481415230458,-0.018503116025210375,0
2023-12-12,2022-12-09,2023-12-11,252,historical,0.95,-0.036486951458533555,-0.04966544331800296,0.022090374847150818,0
2023-12-12,2022-12-09,2023-12-11,252,normal,0.95,-0.04733335664547336,-0.06048787212078886,0.022090374847150818,0
2023-12-12,2022-12-09,2023-12-11,252,historical,0.99,-0.05789663195947842,-0.06694834594601103,0.022090374847150818,0
2023-12-12,2022-12-09,2023-12-11,252,normal,0.99,-0.0687872986355672,-0.07945506137468306,0.022090374847150818,0
2023-12-13,2022-12-12,2023-12-12,252,historical,0.95,-0.036486951458533555,-0.04966544331800296,0.009043909912995085,0
2023-12-13,2022-12-12,2023-12-12,252,normal,0.95,-0.04721775629596409,-0.06037503838980429,0.009043909912995085,0
2023-12-13,2022-12-12,2023-12-12,252,historical,0.99,-0.05789663195947842,-0.06694834594601103,0.009043909912995085,0
2023-12-13,2022-12-12,2023-12-12,252,normal,0.99,-0.0686762104152541,-0.07934621676646393,0.009043909912995085,0
2023-12-14,2022-12-13,2023-12-13,252,historical,0.95,-0.036486951458533555,-0.04966544331800296,0.0054480868447954744,0
2023-12-14,2022-12-13,2023-12-13,252,normal,0.95,-0.047233391698241964,-0.0603720987052929,0.0054480868447954744,0
2023-12-14,2022-12-13,2023-12-13,252,historical,0.99,-0.05789663195947842,-0.06694834594601103,0.0054480868447954744,0
2023-12-14,2022-12-13,2023-12-13,252,normal,0.99,-0.06866155136577619,-0.07931649409726564,0.0054480868447954744,0
2023-12-15,2022-12-14,2023-12-14,252,historical,0.95,-0.036486951458533555,-0.04966544331800296,0.011168512814101472,0
2023-12-15,2022-12-14,2023-12-14,252,normal,0.95,-0.04726188402390606,-0.060382449064957794,0.011168512814101472,0
2023-12-15,2022-12-14,2023-12-14,252,historical,0.99,-0.05789663195947842,-0.06694834594601103,0.011168512814101472,0
2023-12-15,2022-12-14,2023-12-14,252,normal,0.99,-0.06866045562437209,-0.07930068597901543,0.011168512814101472,0
2023-12-18,2022-12-15,2023-12-15,252,historical,0.95,-0.036486951458533555,-0.04966544331800296,0.024279261154355858,0
2023-12-18,2022-12-15,2023-12-15,252,normal,0.95,-0.04706169406485762,-0.06016486301867727,0.024279261154355858,0
2023-12-18,2022-12-15,2023-12-15,252,historical,0.99,-0.05789663195947842,-0.06694834594601103,0.024279261154355858,0
2023-12-18,2022-12-15,2023-12-15,252,normal,0.99,-0.06843189406569825,-0.07905801692002892,0.024279261154355858,0
2023-12-19,2022-12-16,2023-12-18,252,historical,0.95,-0.03564512144061223,-0.0493050440588461,-0.009445548005198368,0
2023-12-19,2022-12-16,2023-12-18,252,normal,0.95,-0.046626916465236874,-0.059685291867565396,-0.009445548005198368,0
2023-12-19,2022-12-16,2023-12-18,252,historical,0.99,-0.05789663195947842,-0.06694834594601103,-0.009445548005198368,0
2023-12-19,2022-12-16,2023-12-18,252,normal,0.99,-0.0679240618365076,-0.0785138589910855,-0.009445548005198368,0
2023-12-20,2022-12-19,2023-12-19,252,historical,0.95,-0.03564512144061223,-0.0493050440588461,-0.030098466659622458,0
2023-12-20,2022-12-19,2023-12-19,252,normal,0.95,-0.046518449817781075,-0.059562405701896005,-0.030098466659622458,0
2023-12-20,2022-12-19,2023-12-19,252,historical,0.99,-0.05789663195947842,-0.06694834594601103,-0.030098466659622458,0
2023-12-20,2022-12-19,2023-12-19,252,normal,0.99,-0.06779207813075651,-0.07837018165819902,-0.030098466659622458,0
2023-12-21,2022-12-20,2023-12-20,252,historical,0.95,-0.03564512144061223,-0.0493050440588461,0.01827036078475719,0
2023-12-21,2022-12-20,2023-12-20,252,normal,0.95,-0.0466296737938472,-0.05969082776383459,0.01827036078475719,0
2023-12-21,2022-12-20,2023-12-20,252,historical,0.99,-0.05789663195947842,-0.06694834594601103,0.01827036078475719,0
2023-12-21,2022-12-20,2023-12-20,252,normal,0.99,-0.06793135078237747,-0.0785234012392982,0.01827036078475719,0
2023-12-22,2022-12-21,2023-12-21,252,historical,0.95,-0.03564512144061223,-0.0493050440588461,-0.003265986579483071,0
2023-12-22,2022-12-21,2023-12-21,252,normal,0.95,-0.046510476725107816,-0.05957024969727205,-0.003265986579483071,0
2023-12-22,2022-12-21,2023-12-21,252,historical,0.99,-0.05789663195947842,-0.06694834594601103,-0.003265986579483071,0
2023-12-22,2022-12-21,2023-12-21,252,normal,0.99,-0.06780990141880883,-0.07840083194416322,-0.003265986579483071,0
2023-12-26,2022-12-22,2023-12-22,252,historical,0.95,-0.03564512144061223,-0.0493050440588461,0.009195207238267056,0
2023-12-26,2022-12-22,2023-12-22,252,normal,0.95,-0.04658660665216678,-0.05963635514058666,0.009195207238267056,0
2023-12-26,2022-12-22,2023-12-22,252,historical,0.99,-0.05789663195947842,-0.06694834594601103,0.009195207238267056,0
2023-12-26,2022-12-22,2023-12-22,252,normal,0.99,-0.06786968223037695,-0.07845248331802097,0.009195207238267056,0
2023-12-27,2022-12-23,2023-12-26,252,historical,0.95,-0.034976565081754424,-0.04659729964880354,0.002800511767071523,0
2023-12-27,2022-12-23,2023-12-26,252,normal,0.95,-0.04567325433206589,-0.05857123416074089,0.002800511767071523,0
2023-12-27,2022-12-23,2023-12-26,252,historical,0.99,-0.05235812923058408,-0.06239755424353229,0.002800511767071523,0
2023-12-27,2022-12-23,2023-12-26,252,normal,0.99,-0.06670880760295954,-0.07716853064516509,0.002800511767071523,0
2023-12-28,2022-12-27,2023-12-27,252,historical,0.95,-0.034976565081754424,-0.04659729964880354,0.0021246529652201307,0
2023-12-28,2022-12-27,2023-12-27,252,normal,0.95,-0.04560810888041606,-0.05850110343003975,0.0021246529652201307,0
2023-12-28,2022-12-27,2023-12-27,252,historical,0.99,-0.05235812923058408,-0.06239755424353229,0.0021246529652201307,0
2023-12-28,2022-12-27,2023-12-27,252,normal,0.99,-0.06663553156772631,-0.07709121175679845,0.0021246529652201307,0
2023-12-29,2022-12-28,2023-12-28,252,historical,0.95,-0.03449945645022679,-0.04378381885359043,0.0,0
2023-12-29,2022-12-28,2023-12-28,252,normal,0.95,-0.04468993020302781,-0.057423743211856074,0.0,0
2023-12-29,2022-12-28,2023-12-28,252,historical,0.99,-0.04805570432226455,-0.05465368075409197,0.0,0
2023-12-29,2022-12-28,2023-12-28,252,normal,0.99,-0.06545774077854821,-0.07578433138519985,0.0,0
2024-01-02,2022-12-29,2023-12-29,252,historical,0.95,-0.03449945645022679,-0.04378381885359043,-0.027341369924562597,0
2024-01-02,2022-12-29,2023-12-29,252,normal,0.95,-0.044655096068885416,-0.05738612787768635,-0.027341369924562597,0
2024-01-02,2022-12-29,2023-12-29,252,historical,0.99,-0.04805570432226455,-0.05465368075409197,-0.027341369924562597,0
2024-01-02,2022-12-29,2023-12-29,252,normal,0.99,-0.06541837073396797,-0.07574270590353588,-0.027341369924562597,0
2024-01-03,2022-12-30,2024-01-02,252,historical,0.95,-0.03449945645022679,-0.04378381885359043,-0.012435685431668064,0
2024-01-03,2022-12-30,2024-01-02,252,normal,0.95,-0.044906370350921446,-0.05763295005551992,-0.012435685431668064,0
2024-01-03,2022-12-30,2024-01-02,252,historical,0.99,-0.04805570432226455,-0.05465368075409197,-0.012435685431668064,0
2024-01-03,2022-12-30,2024-01-02,252,normal,0.99,-0.0656623839971187,-0.07598310869609111,-0.012435685431668064,0
2024-01-04,2023-01-03,2024-01-03,252,historical,0.95,-0.03449945645022679,-0.04378381885359043,0.009018497752392607,0
2024-01-04,2023-01-03,2024-01-03,252,normal,0.95,-0.04498992912882254,-0.057724440320394706,0.009018497752392607,0
2024-01-04,2023-01-03,2024-01-03,252,historical,0.99,-0.04805570432226455,-0.05465368075409197,0.009018497752392607,0
2024-01-04,2023-01-03,2024-01-03,252,normal,0.99,-0.06575887838346146,-0.07608603518716343,0.009018497752392607,0
2024-01-05,2023-01-04,2024-01-04,252,historical,0.95,-0.03449945645022679,-0.04378381885359043,0.022896736049604183,0
2024-01-05,2023-01-04,2024-01-04,252,normal,0.95,-0.04480370116075593,-0.05752062010606892,0.022896736049604183,0
2024-01-05,2023-01-04,2024-01-04,252,historical,0.99,-0.04805570432226455,-0.05465368075409197,0.022896736049604183,0
2024-01-05,2023-01-04,2024-01-04,252,normal,0.99,-0.06554395889639306,-0.07585684912300268,0.022896736049604183,0
2024-01-08,2023-01-05,2024-01-05,252,historical,0.95,-0.03449945645022679,-0.04378381885359043,0.06428103727439427,0
2024-01-08,2023-01-05,2024-01-05,252,normal,0.95,-0.04479899405031312,-0.05750723583116459,0.06428103727439427,0
2024-01-08,2023-01-05,2024-01-05,252,historical,0.99,-0.04805570432226455,-0.05465368075409197,0.06428103727439427,0
2024-01-08,2023-01-05,2024-01-05,252,normal,0.99,-0.06552510003833585,-0.07583095344691157,0.06428103727439427,0
2024-01-09,2023-01-06,2024-01-08,252,historical,0.95,-0.03449945645022679,-0.04378381885359043,0.016975047414656608,0
2024-01-09,2023-01-06,2024-01-08,252,normal,0.95,-0.044629025412953625,-0.057391971236488724,0.016975047414656608,0
2024-01-09,2023-01-06,2024-01-08,252,historical,0.99,-0.04805570432226455,-0.05465368075409197,0.016975047414656608,0
2024-01-09,2023-01-06,2024-01-08,252,normal,0.99,-0.06544434923348115,-0.07579456533632066,0.016975047414656608,0
2024-01-10,2023-01-09,2024-01-09,252,historical,0.95,-0.03449945645022679,-0.04378381885359043,0.02277007471451009,0
2024-01-10,2023-01-09,2024-01-09,252,normal,0.95,-0.044601084211295855,-0.05733206705455052,0.02277007471451009,0
2024-01-10,2023-01-09,2024-01-09,252,historical,0.99,-0.04805570432226455,-0.05465368075409197,0.02277007471451009,0
2024-01-10,2023-01-09,2024-01-09,252,normal,0.99,-0.0653642790175656,-0.0756885744781202,0.02277007471451009,0
2024-01-11,2023-01-10,2024-01-10,252,historical,0.95,-0.03449945645022679,-0.04378381885359043,0.008684355328120397,0
2024-01-11,2023-01-10,2024-01-10,252,normal,0.95,-0.04451742200511538,-0.05719793333095884,0.008684355328120397,0
2024-01-11,2023-01-10,2024-01-10,252,historical,0.99,-0.04805570432226455,-0.05465368075409197,0.008684355328120397,0
2024-01-11,2023-01-10,2024-01-10,252,normal,0.99,-0.06519830188243743,-0.07548166704998077,0.008684355328120397,0
2024-01-12,2023-01-11,2024-01-11,252,historical,0.95,-0.03449945645022679,-0.04378381885359043,-0.0020429563053692146,0
2024-01-12,2023-01-11,2024-01-11,252,normal,0.95,-0.04453834349281201,-0.05721479838498417,-0.0020429563053692146,0
2024-01-12,2023-01-11,2024-01-11,252,historical,0.99,-0.04805570432226455,-0.05465368075409197,-0.0020429563053692146,0
2024-01-12,2023-01-11,2024-01-11,252,normal,0.99,-0.06521260765761815,-0.07549268322684421,-0.0020429563053692146,0
2024-01-16,2023-01-12,2024-01-12,252,historical,0.95,-0.03449945645022679,-0.04378381885359043,0.030561138325097437,0
2024-01-16,2023-01-12,2024-01-12,252,normal,0.95,-0.044575273162207676,-0.05725322056340447,0.030561138325097437,0
2024-01-16,2023-01-12,2024-01-12,252,historical,0.99,-0.04805570432226455,-0.05465368075409197,0.030561138325097437,0
2024-01-16,2023-01-12,2024-01-12,252,normal,0.99,-0.06525197148751895,-0.0755332574192392,0.030561138325097437,0
2024-01-17,2023-01-13,2024-01-16,252,historical,0.95,-0.03449945645022679,-0.04378381885359043,-0.005835119650996146,0
2024-01-17,2023-01-13,2024-01-16,252,normal,0.95,-0.04457314253928612,-0.05724922616439041,-0.005835119650996146,0
2024-01-17,2023-01-13,2024-01-16,252,historical,0.99,-0.04805570432226455,-0.05465368075409197,-0.005835119650996146,0
2024-01-17,2023-01-13,2024-01-16,252,normal,0.99,-0.06524680119778137,-0.0755265756849189,-0.005835119650996146,0
2024-01-18,2023-01-17,2024-01-17,252,historical,0.95,-0.03449945645022679,-0.04378381885359043,0.018803613993714663,0
2024-01-18,2023-01-17,2024-01-17,252,normal,0.95,-0.04466694955976285,-0.05733729158596165,0.018803613993714663,0
2024-01-18,2023-01-17,2024-01-17,252,historical,0.99,-0.04805570432226455,-0.05465368075409197,0.018803613993714663,0
2024-01-18,2023-01-17,2024-01-17,252,normal,0.99,-0.06533124413867039,-0.07560636242885549,0.018803613993714663,0
2024-01-19,2023-01-18,2024-01-18,252,historical,0.95,-0.03449945645022679,-0.04378381885359043,0.04174618424487764,0
2024-01-19,2023-01-18,2024-01-18,252,normal,0.95,-0.044606773715863635,-0.057232882105843604,0.04174618424487764,0
2024-01-19,2023-01-18,2024-01-18,252,historical,0.99,-0.04805570432226455,-0.05465368075409197,0.04174618424487764,0
2024-01-19,2023-01-18,2024-01-18,252,normal,0.99,-0.0651989268413493,-0.07543817349968628,0.04174618424487764,0
2024-01-22,2023-01-19,2024-01-19,252,historical,0.95,-0.03449945645022679,-0.04378381885359043,0.0027399756838171196,0
2024-01-22,2023-01-19,2024-01-19,252,normal,0.95,-0.044452652246334455,-0.05710020003634134,0.0027399756838171196,0
2024-01-22,2023-01-19,2024-01-19,252,historical,0.99,-0.04805570432226455,-0.05465368075409197,0.0027399756838171196,0
2024-01-22,2023-01-19,2024-01-19,252,normal,0.99,-0.06507977128488192,-0.07533640440136592,0.0027399756838171196,0
2024-01-23,2023-01-20,2024-01-22,252,historical,0.95,-0.03383272667566273,-0.043710920854047035,0.0036711303878822488,0
2024-01-23,2023-01-20,2024-01-22,252,normal,0.95,-0.044123788272554344,-0.05672605784296121,0.0036711303878822488,0
2024-01-23,2023-01-20,2024-01-22,252,historical,0.99,-0.04805570432226455,-0.05465368075409197,0.0036711303878822488,0
2024-01-23,2023-01-20,2024-01-22,252,normal,0.99,-0.06467706222737095,-0.07489697659850482,0.0036711303878822488,0
2024-01-24,2023-01-23,2024-01-23,252,historical,0.95,-0.03383272667566273,-0.043710920854047035,0.024869220347006005,0
2024-01-24,2023-01-23,2024-01-23,252,normal,0.95,-0.04398799222174573,-0.056494884004693026,0.024869220347006005,0
2024-01-24,2023-01-23,2024-01-23,252,historical,0.99,-0.04805570432226455,-0.05465368075409197,0.024869220347006005,0
2024-01-24,2023-01-23,2024-01-23,252,normal,0.99,-0.06438571278327004,-0.07452827975159688,0.024869220347006005,0
2024-01-25,2023-01-24,2024-01-24,252,historical,0.95,-0.03383272667566273,-0.043710920854047035,0.00415569588266651,0
2024-01-25,2023-01-24,2024-01-24,252,normal,0.95,-0.04368237542032705,-0.056060183065985654,0.00415569588266651,0
2024-01-25,2023-01-24,2024-01-24,252,historical,0.99,-0.04805570432226455,-0.05465368075409197,0.00415569588266651,0
2024-01-25,2023-01-24,2024-01-24,252,normal,0.99,-0.06386957028073909,-0.07390745540407032,0.00415569588266651,0
2024-01-26,2023-01-25,2024-01-25,252,historical,0.95,-0.03383272667566273,-0.043710920854047035,-0.00951039824361899,0
2024-01-26,2023-01-25,2024-01-25,252,normal,0.95,-0.0436806723106167,-0.05605845519615019,-0.00951039824361899,0
2024-01-26,2023-01-25,2024-01-25,252,historical,0.99,-0.04805570432226455,-0.05465368075409197,-0.00951039824361899,0
2024-01-26,2023-01-25,2024-01-25,252,normal,0.99,-0.06386782678928388,-0.0739056918331876,-0.00951039824361899,0
2024-01-29,2023-01-26,2024-01-26,252,historical,0.95,-0.03383272667566273,-0.043710920854047035,0.023496251913159183,0
2024-01-29,2023-01-26,2024-01-26,252,normal,0.95,-0.04375325644206387,-0.05613685614481844,0.023496251913159183,0
2024-01-29,2023-01-26,2024-01-26,252,historical,0.99,-0.04805570432226455,-0.05465368075409197,0.023496251913159183,0
2024-01-29,2023-01-26,2024-01-26,252,normal,0.99,-0.06394989767525744,-0.07399247991502653,0.023496251913159183,0
2024-01-30,2023-01-27,2024-01-29,252,historical,0.95,-0.03383272667566273,-0.043710920854047035,0.004946807533302788,0
2024-01-30,2023-01-27,2024-01-29,252,normal,0.95,-0.043752911248929036,-0.05613511973883199,0.004946807533302788,0
2024-01-30,2023-01-27,2024-01-29,252,historical,0.99,-0.04805570432226455,-0.05465368075409197,0.004946807533302788,0
2024-01-30,2023-01-27,2024-01-29,252,normal,0.99,-0.06394728352741497,-0.0739887375516562,0.004946807533302788,0
2024-01-31,2023-01-30,2024-01-30,252,historical,0.95,-0.03383272667566273,-0.043710920854047035,-0.019864983929749114,0
2024-01-31,2023-01-30,2024-01-30,252,normal,0.95,-0.04378505401420266,-0.056151753307592873,-0.019864983929749114,0
2024-01-31,2023-01-30,2024-01-30,252,historical,0.99,-0.04805570432226455,-0.05465368075409197,-0.019864983929749114,0
2024-01-31,2023-01-30,2024-01-30,252,normal,0.99,-0.06395413205795059,-0.07398300877145905,-0.019864983929749114,0
2024-02-01,2023-01-31,2024-01-31,252,historical,0.95,-0.033253531411544655,-0.04174183287604243,0.024379630823141873,0
2024-02-01,2023-01-31,2024-01-31,252,normal,0.95,-0.04324211598316808,-0.05551041143913285,0.024379630823141873,0
2024-02-01,2023-01-31,2024-01-31,252,historical,0.99,-0.04760940308171647,-0.05096049333582475,0.024379630823141873,0
2024-02-01,2023-01-31,2024-01-31,252,normal,0.99,-0.06325070539290364,-0.07319978070344572,0.024379630823141873,0
2024-02-02,2023-02-01,2024-02-01,252,historical,0.95,-0.033253531411544655,-0.04174183287604243,0.04970888165881604,0
2024-02-02,2023-02-01,2024-02-01,252,normal,0.95,-0.043241185017692564,-0.05551409254739293,0.04970888165881604,0
2024-02-02,2023-02-01,2024-02-01,252,historical,0.99,-0.04760940308171647,-0.05096049333582475,0.04970888165881604,0
2024-02-02,2023-02-01,2024-02-01,252,normal,0.99,-0.06325729634357648,-0.07321011185332536,0.04970888165881604,0
2024-02-05,2023-02-02,2024-02-02,252,historical,0.95,-0.033253531411544655,-0.04174183287604243,0.0479445131543248,0
2024-02-05,2023-02-02,2024-02-02,252,normal,0.95,-0.04305154580632282,-0.05525383994830391,0.0479445131543248,0
2024-02-05,2023-02-02,2024-02-02,252,historical,0.99,-0.04760940308171647,-0.05096049333582475,0.0479445131543248,0
2024-02-05,2023-02-02,2024-02-02,252,normal,0.99,-0.06295249245535518,-0.072848043456365,0.0479445131543248,0
2024-02-06,2023-02-03,2024-02-05,252,historical,0.95,-0.033253531411544655,-0.04174183287604243,-0.01599541430504625,0
2024-02-06,2023-02-03,2024-02-05,252,normal,0.95,-0.04310139006184216,-0.05532780806587553,-0.01599541430504625,0
2024-02-06,2023-02-03,2024-02-05,252,historical,0.99,-0.04760940308171647,-0.05096049333582475,-0.01599541430504625,0
2024-02-06,2023-02-03,2024-02-05,252,normal,0.99,-0.06304168076258193,-0.07295679520834256,-0.01599541430504625,0
2024-02-07,2023-02-06,2024-02-06,252,historical,0.95,-0.033253531411544655,-0.04174183287604243,0.027497666068061477,0
2024-02-07,2023-02-06,2024-02-06,252,normal,0.95,-0.042980374576772895,-0.05518820473524479,0.027497666068061477,0
2024-02-07,2023-02-06,2024-02-06,252,historical,0.99,-0.04760940308171647,-0.05096049333582475,0.027497666068061477,0
2024-02-07,2023-02-06,2024-02-06,252,normal,0.99,-0.06289035001723987,-0.0727903904964486,0.027497666068061477,0
2024-02-08,2023-02-07,2024-02-07,252,historical,0.95,-0.033253531411544655,-0.04174183287604243,-0.006533564897563848,0
2024-02-08,2023-02-07,2024-02-07,252,normal,0.95,-0.042921690594647316,-0.055142858418990186,-0.006533564897563848,0
2024-02-08,2023-02-07,2024-02-07,252,historical,0.99,-0.04760940308171647,-0.05096049333582475,-0.006533564897563848,0
2024-02-08,2023-02-07,2024-02-07,252,normal,0.99,-0.06285341868046379,-0.07276427544973445,-0.006533564897563848,0
2024-02-09,2023-02-08,2024-02-08,252,historical,0.95,-0.033253531411544655,-0.04174183287604243,0.03578358276189553,0
2024-02-09,2023-02-08,2024-02-08,252,normal,0.95,-0.04292566663644239,-0.0550894407269621,0.03578358276189553,0
2024-02-09,2023-02-08,2024-02-08,252,historical,0.99,-0.04760940308171647,-0.05096049333582475,0.03578358276189553,0
2024-02-09,2023-02-08,2024-02-08,252,normal,0.99,-0.0627637902228497,-0.07262810307065959,0.03578358276189553,0
2024-02-12,2023-02-09,2024-02-09,252,historical,0.95,-0.033253531411544655,-0.04174183287604243,0.0015940951017534566,0
2024-02-12,2023-02-09,2024-02-09,252,normal,0.95,-0.04289433842407662,-0.055084772251206546,0.0015940951017534566,0
2024-02-12,2023-02-09,2024-02-09,252,historical,0.99,-0.04760940308171647,-0.05096049333582475,0.0015940951017534566,0
2024-02-12,2023-02-09,2024-02-09,252,normal,0.99,-0.06277594186679486,-0.07266187464772801,0.0015940951017534566,0
2024-02-13,2023-02-10,2024-02-12,252,historical,0.95,-0.033253531411544655,-0.04174183287604243,-0.001660608833422339,0
2024-02-13,2023-02-10,2024-02-12,252,normal,0.95,-0.042912885882657466,-0.05510364589841764,-0.001660608833422339,0
2024-02-13,2023-02-10,2024-02-12,252,historical,0.99,-0.04760940308171647,-0.05096049333582475,-0.001660608833422339,0
2024-02-13,2023-02-10,2024-02-12,252,normal,0.99,-0.06279502131243099,-0.07268121861872216,-0.001660608833422339,0
2024-02-14,2023-02-13,2024-02-13,252,historical,0.95,-0.032269309614512874,-0.04059422271968154,0.02456729014792125,0
2024-02-14,2023-02-13,2024-02-13,252,normal,0.95,-0.04241586715253174,-0.05452707118545943,0.02456729014792125,0
2024-02-14,2023-02-13,2024-02-13,252,historical,0.99,-0.04701362327451053,-0.05071023019564521,0.02456729014792125,0
2024-02-14,2023-02-13,2024-02-13,252,normal,0.99,-0.0621682532620923,-0.07198993398843596,0.02456729014792125,0
2024-02-15,2023-02-14,2024-02-14,252,historical,0.95,-0.032269309614512874,-0.04059422271968154,-0.016806500820492176,0
2024-02-15,2023-02-14,2024-02-14,252,normal,0.95,-0.04241585614192236,-0.054527029666577166,-0.016806500820492176,0
2024-02-15,2023-02-14,2024-02-14,252,historical,0.99,-0.04701362327451053,-0.05071023019564521,-0.016806500820492176,0
2024-02-15,2023-02-14,2024-02-14,252,normal,0.99,-0.062168192494977806,-0.07198984848038611,-0.016806500820492176,0
2024-02-16,2023-02-15,2024-02-15,252,historical,0.95,-0.032269309614512874,-0.04059422271968154,-0.0006193195256987138,0
2024-02-16,2023-02-15,2024-02-15,252,normal,0.95,-0.04247842572883129,-0.054533816231385535,-0.0006193195256987138,0
2024-02-16,2023-02-15,2024-02-15,252,historical,0.99,-0.04701362327451053,-0.05071023019564521,-0.0006193195256987138,0
2024-02-16,2023-02-15,2024-02-15,252,normal,0.99,-0.06213978452194365,-0.07191620280583752,-0.0006193195256987138,0
2024-02-20,2023-02-16,2024-02-16,252,historical,0.95,-0.032269309614512874,-0.04059422271968154,-0.04353191904130915,1
2024-02-20,2023-02-16,2024-02-16,252,normal,0.95,-0.04242642205160177,-0.0544770617643019,-0.04353191904130915,1
2024-02-20,2023-02-16,2024-02-16,252,historical,0.99,-0.04701362327451053,-0.05071023019564521,-0.04353191904130915,0
2024-02-20,2023-02-16,2024-02-16,252,normal,0.99,-0.06208003269388877,-0.07185259828559627,-0.04353191904130915,0
2024-02-21,2023-02-17,2024-02-20,252,historical,0.95,-0.032269309614512874,-0.04136793001309509,-0.02850905363567713,0
2024-02-21,2023-02-17,2024-02-20,252,normal,0.95,-0.04256563619492938,-0.05464150228442356,-0.02850905363567713,0
2024-02-21,2023-02-17,2024-02-20,252,historical,0.99,-0.04701362327451053,-0.05071023019564521,-0.02850905363567713,0
2024-02-21,2023-02-17,2024-02-20,252,normal,0.99,-0.062260389000557595,-0.07205341213043223,-0.02850905363567713,0
2024-02-22,2023-02-21,2024-02-21,252,historical,0.95,-0.032269309614512874,-0.04136793001309509,0.16400888532854796,0
2024-02-22,2023-02-21,2024-02-21,252,normal,0.95,-0.04257255864120389,-0.05464957600606975,0.16400888532854796,0
2024-02-22,2023-02-21,2024-02-21,252,historical,0.99,-0.04701362327451053,-0.05071023019564521,0.16400888532854796,0
2024-02-22,2023-02-21,2024-02-21,252,normal,0.99,-0.062269189083076854,-0.07206314584920252,0.16400888532854796,0
2024-02-23,2023-02-22,2024-02-22,252,historical,0.95,-0.031170307484552087,-0.04116330936623569,0.0035523807371198313,0
2024-02-23,2023-02-22,2024-02-22,252,normal,0.95,-0.044389755906323644,-0.05712830047891697,0.0035523807371198313,0
2024-02-23,2023-02-22,2024-02-22,252,historical,0.99,-0.04701362327451053,-0.05071023019564521,0.0035523807371198313,0
2024-02-23,2023-02-22,2024-02-22,252,normal,0.99,-0.06516528327648603,-0.07549571098376866,0.0035523807371198313,0
2024-02-26,2023-02-23,2024-02-23,252,historical,0.95,-0.031170307484552087,-0.04116330936623569,0.003489130554021447,0
2024-02-26,2023-02-23,2024-02-23,252,normal,0.95,-0.04439509880599864,-0.05713375033030578,0.003489130554021447,0
2024-02-26,2023-02-23,2024-02-23,252,historical,0.99,-0.04701362327451053,-0.05071023019564521,0.003489130554021447,0
2024-02-26,2023-02-23,2024-02-23,252,normal,0.99,-0.06517080060568438,-0.07550131504634079,0.003489130554021447,0
2024-02-27,2023-02-24,2024-02-26,252,historical,0.95,-0.031170307484552087,-0.04116330936623569,-0.004943992273034881,0
2024-02-27,2023-02-24,2024-02-26,252,normal,0.95,-0.042947396918848704,-0.05518044173983569,-0.004943992273034881,0
2024-02-27,2023-02-24,2024-02-26,252,historical,0.99,-0.04701362327451053,-0.05071023019564521,-0.004943992273034881,0
2024-02-27,2023-02-24,2024-02-26,252,normal,0.99,-0.0628984954176232,-0.072818983935208,-0.004943992273034881,0
2024-02-28,2023-02-27,2024-02-27,252,historical,0.95,-0.031170307484552087,-0.04116330936623569,-0.013188817893765581,0
2024-02-28,2023-02-27,2024-02-27,252,normal,0.95,-0.04286488100438322,-0.055088082520602356,-0.013188817893765581,0
2024-02-28,2023-02-27,2024-02-27,252,historical,0.99,-0.04701362327451053,-0.05071023019564521,-0.013188817893765581,0
2024-02-28,2023-02-27,2024-02-27,252,normal,0.99,-0.0627999258758024,-0.072712431884261,-0.013188817893765581,0
2024-02-29,2023-02-28,2024-02-28,252,historical,0.95,-0.031170307484552087,-0.04116330936623569,0.018657487315058452,0
2024-02-29,2023-02-28,2024-02-28,252,normal,0.95,-0.04298992760972996,-0.05522229257484372,0.018657487315058452,0
2024-02-29,2023-02-28,2024-02-28,252,historical,0.99,-0.04701362327451053,-0.05071023019564521,0.018657487315058452,0
2024-02-29,2023-02-28,2024-02-28,252,normal,0.99,-0.06293991731901742,-0.07285985450187872,0.018657487315058452,0
2024-03-01,2023-03-01,2024-02-29,252,historical,0.95,-0.031170307484552087,-0.04116330936623569,0.040031622721664384,0
2024-03-01,2023-03-01,2024-02-29,252,normal,0.95,-0.042854277041567586,-0.055083215077217265,0.040031622721664384,0
2024-03-01,2023-03-01,2024-02-29,252,historical,0.99,-0.04701362327451053,-0.05071023019564521,0.040031622721664384,0
2024-03-01,2023-03-01,2024-02-29,252,normal,0.99,-0.06279867770836509,-0.07271583579453407,0.040031622721664384,0
2024-03-04,2023-03-02,2024-03-01,252,historical,0.95,-0.031170307484552087,-0.04116330936623569,0.035950904019824925,0
2024-03-04,2023-03-02,2024-03-01,252,normal,0.95,-0.042655055193410646,-0.05489623133715392,0.035950904019824925,0
2024-03-04,2023-03-02,2024-03-01,252,historical,0.99,-0.04701362327451053,-0.05071023019564521,0.035950904019824925,0
2024-03-04,2023-03-02,2024-03-01,252,normal,0.99,-0.06261941521649163,-0.07254649789728085,0.035950904019824925,0
2024-03-05,2023-03-03,2024-03-04,252,historical,0.95,-0.031170307484552087,-0.04116330936623569,0.008576651754796716,0
2024-03-05,2023-03-03,2024-03-04,252,normal,0.95,-0.042671304740296595,-0.05492549249571908,0.008576651754796716,0
2024-03-05,2023-03-03,2024-03-04,252,historical,0.99,-0.04701362327451053,-0.05071023019564521,0.008576651754796716,0
2024-03-05,2023-03-03,2024-03-04,252,normal,0.99,-0.06265688564093003,-0.07259452019544715,0.008576651754796716,0
2024-03-06,2023-03-06,2024-03-05,252,historical,0.95,-0.031170307484552087,-0.04116330936623569,0.03182715262190938,0
2024-03-06,2023-03-06,2024-03-05,252,normal,0.95,-0.04269525927008923,-0.05493927235776922,0.03182715262190938,0
2024-03-06,2023-03-06,2024-03-05,252,historical,0.99,-0.04701362327451053,-0.05071023019564521,0.03182715262190938,0
2024-03-06,2023-03-06,2024-03-05,252,normal,0.99,-0.06266424611737836,-0.07259362944123406,0.03182715262190938,0
2024-03-07,2023-03-07,2024-03-06,252,historical,0.95,-0.031170307484552087,-0.04116330936623569,0.04474636915456953,0
2024-03-07,2023-03-07,2024-03-06,252,normal,0.95,-0.04254689097347922,-0.05479947540914089,0.04474636915456953,0
2024-03-07,2023-03-07,2024-03-06,252,historical,0.99,-0.04701362327451053,-0.05071023019564521,0.04474636915456953,0
2024-03-07,2023-03-07,2024-03-06,252,normal,0.99,-0.06252985699033342,-0.07246619131947657,0.04474636915456953,0
2024-03-08,2023-03-08,2024-03-07,252,historical,0.95,-0.031170307484552087,-0.04116330936623569,-0.055477000235143015,1
2024-03-08,2023-03-08,2024-03-07,252,normal,0.95,-0.04246253181403311,-0.054750009707669925,-0.055477000235143015,1
2024-03-08,2023-03-08,2024-03-07,252,historical,0.99,-0.04701362327451053,-0.05071023019564521,-0.055477000235143015,1
2024-03-08,2023-03-08,2024-03-07,252,normal,0.99,-0.06250240621528486,-0.07246703768175129,-0.055477000235143015,0
2024-03-11,2023-03-09,2024-03-08,252,historical,0.95,-0.032269309614512874,-0.04299912176608053,-0.02003933442839423,0
2024-03-11,2023-03-09,2024-03-08,252,normal,0.95,-0.04313261219435568,-0.05549573490410973,-0.02003933442839423,0
2024-03-11,2023-03-09,2024-03-08,252,historical,0.99,-0.04767280171778985,-0.0534553915188087,-0.02003933442839423,0
2024-03-11,2023-03-09,2024-03-08,252,normal,0.99,-0.06329585712186327,-0.07332183337539516,-0.02003933442839423,0
2024-03-12,2023-03-10,2024-03-11,252,historical,0.95,-0.032269309614512874,-0.04299912176608053,0.07157187962397038,0
2024-03-12,2023-03-10,2024-03-11,252,normal,0.95,-0.04301591819032481,-0.05536025316322105,0.07157187962397038,0
2024-03-12,2023-03-10,2024-03-11,252,historical,0.99,-0.04767280171778985,-0.0534553915188087,0.07157187962397038,0
2024-03-12,2023-03-10,2024-03-11,252,normal,0.99,-0.06314852185115642,-0.07315926203464225,0.07157187962397038,0
2024-03-13,2023-03-13,2024-03-12,252,historical,0.95,-0.032269309614512874,-0.04299912176608053,-0.011151865217654766,0
2024-03-13,2023-03-13,2024-03-12,252,normal,0.95,-0.04305674294326309,-0.05550386029530196,-0.011151865217654766,0
2024-03-13,2023-03-13,2024-03-12,252,historical,0.99,-0.04767280171778985,-0.0534553915188087,-0.011151865217654766,0
2024-03-13,2023-03-13,2024-03-12,252,normal,0.99,-0.06335697628257791,-0.07345106868352191,-0.011151865217654766,0
2024-03-14,2023-03-14,2024-03-13,252,historical,0.95,-0.032269309614512874,-0.04299912176608053,-0.032391528546887094,1
2024-03-14,2023-03-14,2024-03-13,252,normal,0.95,-0.04312941565543477,-0.055583708722630694,-0.032391528546887094,0
2024-03-14,2023-03-14,2024-03-13,252,historical,0.99,-0.04767280171778985,-0.0534553915188087,-0.032391528546887094,0
2024-03-14,2023-03-14,2024-03-13,252,normal,0.99,-0.06344135200099149,-0.07354126360728155,-0.032391528546887094,0
2024-03-15,2023-03-15,2024-03-14,252,historical,0.95,-0.03269835884486272,-0.04299912176608053,-0.001216698268051597,0
2024-03-15,2023-03-15,2024-03-14,252,normal,0.95,-0.04341310621553349,-0.05585866140351266,-0.001216698268051597,0
2024-03-15,2023-03-15,2024-03-14,252,historical,0.99,-0.04767280171778985,-0.0534553915188087,-0.001216698268051597,0
2024-03-15,2023-03-15,2024-03-14,252,normal,0.99,-0.06371079179266134,-0.07380361734378639,-0.001216698268051597,0
2024-03-18,2023-03-16,2024-03-15,252,historical,0.95,-0.03269835884486272,-0.04299912176608053,0.007035656145426339,0
2024-03-18,2023-03-16,2024-03-15,252,normal,0.95,-0.04345001424346378,-0.055896806403531306,0.007035656145426339,0
2024-03-18,2023-03-16,2024-03-15,252,historical,0.99,-0.04767280171778985,-0.0534553915188087,0.007035656145426339,0
2024-03-18,2023-03-16,2024-03-15,252,normal,0.99,-0.06374971722119273,-0.07384354590502747,0.007035656145426339,0
2024-03-19,2023-03-17,2024-03-18,252,historical,0.95,-0.03269835884486272,-0.04299912176608053,0.010660921608219631,0
2024-03-19,2023-03-17,2024-03-18,252,normal,0.95,-0.04337539096319185,-0.055755686292302306,0.010660921608219631,0
2024-03-19,2023-03-17,2024-03-18,252,historical,0.99,-0.04767280171778985,-0.0534553915188087,0.010660921608219631,0
2024-03-19,2023-03-17,2024-03-18,252,normal,0.99,-0.06356664303244339,-0.07360654556317243,0.010660921608219631,0
2024-03-20,2023-03-20,2024-03-19,252,historical,0.95,-0.03269835884486272,-0.04299912176608053,0.01089499984551856,0
2024-03-20,2023-03-20,2024-03-19,252,normal,0.95,-0.04336440130755673,-0.05574538954183339,0.01089499984551856,0
2024-03-20,2023-03-20,2024-03-19,252,historical,0.99,-0.04767280171778985,-0.0534553915188087,0.01089499984551856,0
2024-03-20,2023-03-20,2024-03-19,252,normal,0.99,-0.06355678344862797,-0.0735972478965122,0.01089499984551856,0
2024-03-21,2023-03-21,2024-03-20,252,historical,0.95,-0.03269835884486272,-0.04299912176608053,0.011762545486163178,0
2024-03-21,2023-03-21,2024-03-20,252,normal,0.95,-0.043351301569028514,-0.055733087368838446,0.011762545486163178,0
2024-03-21,2023-03-21,2024-03-20,252,historical,0.99,-0.04767280171778985,-0.0534553915188087,0.011762545486163178,0
2024-03-21,2023-03-21,2024-03-20,252,normal,0.99,-0.06354498447444308,-0.07358609571466974,0.011762545486163178,0
2024-03-22,2023-03-22,2024-03-21,252,historical,0.95,-0.03269835884486272,-0.04299912176608053,0.031213440315809526,0
2024-03-22,2023-03-22,2024-03-21,252,normal,0.95,-0.04335073791288917,-0.055732600527478,0.031213440315809526,0
2024-03-22,2023-03-22,2024-03-21,252,historical,0.99,-0.04767280171778985,-0.0534553915188087,0.031213440315809526,0
2024-03-22,2023-03-22,2024-03-21,252,normal,0.99,-0.06354454609694389,-0.07358571963074859,0.031213440315809526,0
2024-03-25,2023-03-23,2024-03-22,252,historical,0.95,-0.03269835884486272,-0.04299912176608053,0.007561807274210519,0
2024-03-25,2023-03-23,2024-03-22,252,normal,0.95,-0.043338488279242006,-0.05573835433695562,0.007561807274210519,0
2024-03-25,2023-03-23,2024-03-22,252,historical,0.99,-0.04767280171778985,-0.0534553915188087,0.007561807274210519,0
2024-03-25,2023-03-23,2024-03-22,252,normal,0.99,-0.06356165861085326,-0.07361743218523738,0.007561807274210519,0
2024-03-26,2023-03-24,2024-03-25,252,historical,0.95,-0.03269835884486272,-0.04299912176608053,-0.0256941922638525,0
2024-03-26,2023-03-24,2024-03-25,252,normal,0.95,-0.043364475197384435,-0.05575102915549121,-0.0256941922638525,0
2024-03-26,2023-03-24,2024-03-25,252,historical,0.99,-0.04767280171778985,-0.0534553915188087,-0.0256941922638525,0
2024-03-26,2023-03-24,2024-03-25,252,normal,0.99,-0.06356593458013807,-0.07361091259763286,-0.0256941922638525,0
2024-03-27,2023-03-27,2024-03-26,252,historical,0.95,-0.03269835884486272,-0.04299912176608053,-0.02496730772727951,0
2024-03-27,2023-03-27,2024-03-26,252,normal,0.95,-0.04346639193191323,-0.055868209278560406,-0.02496730772727951,0
2024-03-27,2023-03-27,2024-03-26,252,historical,0.99,-0.04767280171778985,-0.0534553915188087,-0.02496730772727951,0
2024-03-27,2023-03-27,2024-03-26,252,normal,0.99,-0.06369274465664762,-0.07375010064487418,-0.02496730772727951,0
2024-03-28,2023-03-28,2024-03-27,252,historical,0.95,-0.03269835884486272,-0.04299912176608053,0.0011746739084543822,0
2024-03-28,2023-03-28,2024-03-27,252,normal,0.95,-0.043606460324263574,-0.05602802712317851,0.0011746739084543822,0
2024-03-28,2023-03-28,2024-03-27,252,historical,0.99,-0.04767280171778985,-0.0534553915188087,0.0011746739084543822,0
2024-03-28,2023-03-28,2024-03-27,252,normal,0.99,-0.06386502279507972,-0.07393839476439014,0.0011746739084543822,0
2024-04-01,2023-03-29,2024-03-28,252,historical,0.95,-0.03269835884486272,-0.04299912176608053,7.739551393926014e-05,0
2024-04-01,2023-03-29,2024-03-28,252,normal,0.95,-0.043574857312966404,-0.055994177471680374,7.739551393926014e-05,0
2024-04-01,2023-03-29,2024-03-28,252,historical,0.99,-0.04767280171778985,-0.0534553915188087,7.739551393926014e-05,0
2024-04-01,2023-03-29,2024-03-28,252,normal,0.99,-0.0638297556968282,-0.07390130573475168,7.739551393926014e-05,0
2024-04-02,2023-03-30,2024-04-01,252,historical,0.95,-0.03269835884486272,-0.04299912176608053,-0.010081636634338031,0
2024-04-02,2023-03-30,2024-04-01,252,normal,0.95,-0.04363387520453456,-0.05604635625131522,-0.010081636634338031,0
2024-04-02,2023-03-30,2024-04-01,252,historical,0.99,-0.04767280171778985,-0.0534553915188087,-0.010081636634338031,0
2024-04-02,2023-03-30,2024-04-01,252,normal,0.99,-0.06387761955456238,-0.07394362335829825,-0.010081636634338031,0
2024-04-03,2023-03-31,2024-04-02,252,historical,0.95,-0.03269835884486272,-0.04299912176608053,-0.005455416652838774,0
2024-04-03,2023-03-31,2024-04-02,252,normal,0.95,-0.043748052346040414,-0.056164469413034865,-0.005455416652838774,0
2024-04-03,2023-03-31,2024-04-02,252,historical,0.99,-0.04767280171778985,-0.0534553915188087,-0.005455416652838774,0
2024-04-03,2023-03-31,2024-04-02,252,normal,0.99,-0.06399821602405466,-0.07406741177582205,-0.005455416652838774,0
2024-04-04,2023-04-03,2024-04-03,252,historical,0.95,-0.03269835884486272,-0.04299912176608053,-0.034384759968471346,1
2024-04-04,2023-04-03,2024-04-03,252,normal,0.95,-0.0438295193107693,-0.05624662763505435,-0.034384759968471346,0
2024-04-04,2023-04-03,2024-04-03,252,historical,0.99,-0.04767280171778985,-0.0534553915188087,-0.034384759968471346,0
2024-04-04,2023-04-03,2024-04-03,252,normal,0.99,-0.0640808103730525,-0.07415056670561679,-0.034384759968471346,0
2024-04-05,2023-04-04,2024-04-04,252,historical,0.95,-0.03366349749523687,-0.04309999763646297,0.02448073852895405,0
2024-04-05,2023-04-04,2024-04-04,252,normal,0.95,-0.04416292424299252,-0.056623244679415735,0.02448073852895405,0
2024-04-05,2023-04-04,2024-04-04,252,historical,0.99,-0.04767280171778985,-0.0534553915188087,0.02448073852895405,0
2024-04-05,2023-04-04,2024-04-04,252,normal,0.99,-0.06448469073622727,-0.07458949028726744,0.02448073852895405,0
2024-04-08,2023-04-05,2024-04-05,252,historical,0.95,-0.03366349749523687,-0.04309999763646297,-0.009942371229848423,0
2024-04-08,2023-04-05,2024-04-05,252,normal,0.95,-0.043975400227506616,-0.056431217894757794,-0.009942371229848423,0
2024-04-08,2023-04-05,2024-04-05,252,historical,0.99,-0.04767280171778985,-0.0534553915188087,-0.009942371229848423,0
2024-04-08,2023-04-05,2024-04-05,252,normal,0.99,-0.06428982307142239,-0.07439097106469245,-0.009942371229848423,0
2024-04-09,2023-04-06,2024-04-08,252,historical,0.95,-0.03366349749523687,-0.04309999763646297,-0.02041722919945821,0
2024-04-09,2023-04-06,2024-04-08,252,normal,0.95,-0.04388313665011457,-0.056326497071851375,-0.02041722919945821,0
2024-04-09,2023-04-06,2024-04-08,252,historical,0.99,-0.04767280171778985,-0.0534553915188087,-0.02041722919945821,0
2024-04-09,2023-04-06,2024-04-08,252,normal,0.99,-0.06417724274248422,-0.0742682884298366,-0.02041722919945821,0
2024-04-10,2023-04-10,2024-04-09,252,historical,0.95,-0.03366349749523687,-0.04309999763646297,0.019741551164520255,0
2024-04-10,2023-04-10,2024-04-09,252,normal,0.95,-0.044058417864708065,-0.056519873705130536,0.019741551164520255,0
2024-04-10,2023-04-10,2024-04-09,252,historical,0.99,-0.04767280171778985,-0.0534553915188087,0.019741551164520255,0
2024-04-10,2023-04-10,2024-04-09,252,normal,0.99,-0.06438203610927345,-0.0744877564255444,0.019741551164520255,0
2024-04-11,2023-04-11,2024-04-10,252,historical,0.95,-0.03366349749523687,-0.04309999763646297,0.041096472027805975,0
2024-04-11,2023-04-11,2024-04-10,252,normal,0.95,-0.04405862952147134,-0.05651983170486596,0.041096472027805975,0
2024-04-11,2023-04-11,2024-04-10,252,historical,0.99,-0.04767280171778985,-0.0534553915188087,0.041096472027805975,0
2024-04-11,2023-04-11,2024-04-10,252,normal,0.99,-0.06438183407211003,-0.07448734868312369,0.041096472027805975,0
2024-04-12,2023-04-12,2024-04-11,252,historical,0.95,-0.03366349749523687,-0.04309999763646297,-0.026816592562421193,0
2024-04-12,2023-04-12,2024-04-11,252,normal,0.95,-0.04393496705317074,-0.056421170002483124,-0.026816592562421193,0
2024-04-12,2023-04-12,2024-04-11,252,historical,0.99,-0.04767280171778985,-0.0534553915188087,-0.026816592562421193,0
2024-04-12,2023-04-12,2024-04-11,252,normal,0.99,-0.06429894581420997,-0.07442473500239125,-0.026816592562421193,0
2024-04-15,2023-04-13,2024-04-12,252,historical,0.95,-0.03366349749523687,-0.04309999763646297,-0.02477717478537378,0
2024-04-15,2023-04-13,2024-04-12,252,normal,0.95,-0.04395660460205048,-0.05644627923095595,-0.02477717478537378,0
2024-04-15,2023-04-13,2024-04-12,252,historical,0.99,-0.04767280171778985,-0.0534553915188087,-0.02477717478537378,0
2024-04-15,2023-04-13,2024-04-12,252,normal,0.99,-0.06432624538939072,-0.07445484996475023,-0.02477717478537378,0
2024-04-16,2023-04-14,2024-04-15,252,historical,0.95,-0.03366349749523687,-0.04309999763646297,0.01644177293930249,0
2024-04-16,2023-04-14,2024-04-15,252,normal,0.95,-0.044143852061404455,-0.056657334783776964,0.01644177293930249,0
2024-04-16,2023-04-14,2024-04-15,252,historical,0.99,-0.04767280171778985,-0.0534553915188087,0.01644177293930249,0
2024-04-16,2023-04-14,2024-04-15,252,normal,0.99,-0.06455232190764047,-0.07470023385261416,0.01644177293930249,0
2024-04-17,2023-04-17,2024-04-16,252,historical,0.95,-0.03366349749523687,-0.04309999763646297,-0.03866606821727847,1
2024-04-17,2023-04-17,2024-04-16,252,normal,0.95,-0.04413288713797229,-0.05664892130756881,-0.03866606821727847,0
2024-04-17,2023-04-17,2024-04-16,252,historical,0.99,-0.04767280171778985,-0.0534553915188087,-0.03866606821727847,0
2024-04-17,2023-04-17,2024-04-16,252,normal,0.99,-0.06454551818656026,-0.07469549924868832,-0.03866606821727847,0
2024-04-18,2023-04-18,2024-04-17,252,historical,0.95,-0.03456174533740324,-0.04342932904021736,0.0075680220159315414,0
2024-04-18,2023-04-18,2024-04-17,252,normal,0.95,-0.04452922155018496,-0.05709776889368043,0.0075680220159315414,0
2024-04-18,2023-04-18,2024-04-17,252,historical,0.99,-0.04767280171778985,-0.0534553915188087,0.0075680220159315414,0
2024-04-18,2023-04-18,2024-04-17,252,normal,0.99,-0.06502749730295515,-0.07522006435624971,0.0075680220159315414,0
2024-04-19,2023-04-19,2024-04-18,252,historical,0.95,-0.03456174533740324,-0.04342932904021736,-0.10004598587748315,1
2024-04-19,2023-04-19,2024-04-18,252,normal,0.95,-0.04455532389129722,-0.05711330449942328,-0.10004598587748315,1
2024-04-19,2023-04-19,2024-04-18,252,historical,0.99,-0.04767280171778985,-0.0534553915188087,-0.10004598587748315,1
2024-04-19,2023-04-19,2024-04-18,252,normal,0.99,-0.06503636616039668,-0.0752203640325565,-0.10004598587748315,1
2024-04-22,2023-04-20,2024-04-19,252,historical,0.95,-0.03540250508197017,-0.04844993866246068,0.04354327337456243,0
2024-04-22,2023-04-20,2024-04-19,252,normal,0.95,-0.04616885212414772,-0.0590262587545688,0.04354327337456243,0
2024-04-22,2023-04-20,2024-04-19,252,historical,0.99,-0.051725792350682503,-0.07076348992537991,0.04354327337456243,0
2024-04-22,2023-04-20,2024-04-19,252,normal,0.99,-0.06713823381743173,-0.0775650536901247,0.04354327337456243,0
2024-04-23,2023-04-21,2024-04-22,252,historical,0.95,-0.03540250508197017,-0.04844993866246068,0.036532752785831235,0
2024-04-23,2023-04-21,2024-04-22,252,normal,0.95,-0.045915623402555006,-0.05878244383836906,0.036532752785831235,0
2024-04-23,2023-04-21,2024-04-22,252,historical,0.99,-0.051725792350682503,-0.07076348992537991,0.036532752785831235,0
2024-04-23,2023-04-21,2024-04-22,252,normal,0.99,-0.06690035824473951,-0.07733481232050085,0.036532752785831235,0
2024-04-24,2023-04-24,2024-04-23,252,historical,0.95,-0.03540250508197017,-0.04844993866246068,-0.03331600237676391,0
2024-04-24,2023-04-24,2024-04-23,252,normal,0.95,-0.045877936804387995,-0.05877145406593853,-0.03331600237676391,0
2024-04-24,2023-04-24,2024-04-23,252,historical,0.99,-0.051725792350682503,-0.07076348992537991,-0.03331600237676391,0
2024-04-24,2023-04-24,2024-04-23,252,normal,0.99,-0.0669062119922238,-0.07736231607884102,-0.03331600237676391,0
2024-04-25,2023-04-25,2024-04-24,252,historical,0.95,-0.03540250508197017,-0.04844993866246068,0.03708728764813385,0
2024-04-25,2023-04-25,2024-04-24,252,normal,0.95,-0.04614683965476748,-0.059077945419126185,0.03708728764813385,0
2024-04-25,2023-04-25,2024-04-24,252,historical,0.99,-0.051725792350682503,-0.07076348992537991,0.03708728764813385,0
2024-04-25,2023-04-25,2024-04-24,252,normal,0.99,-0.0672364186253427,-0.07772300541810205,0.03708728764813385,0
2024-04-26,2023-04-26,2024-04-25,252,historical,0.95,-0.03540250508197017,-0.04844993866246068,0.06175585861671351,0
2024-04-26,2023-04-26,2024-04-25,252,normal,0.95,-0.045865819496887006,-0.058792783042759346,0.06175585861671351,0
2024-04-26,2023-04-26,2024-04-25,252,historical,0.99,-0.051725792350682503,-0.07076348992537991,0.06175585861671351,0
2024-04-26,2023-04-26,2024-04-25,252,normal,0.99,-0.06694864284690868,-0.07743187047344796,0.06175585861671351,0
2024-04-29,2023-04-27,2024-04-26,252,historical,0.95,-0.03540250508197017,-0.04844993866246068,0.00025054707428950884,0
2024-04-29,2023-04-27,2024-04-26,252,normal,0.95,-0.04601617955925125,-0.0590161283892518,0.00025054707428950884,0
2024-04-29,2023-04-27,2024-04-26,252,historical,0.99,-0.051725792350682503,-0.07076348992537991,0.00025054707428950884,0
2024-04-29,2023-04-27,2024-04-26,252,normal,0.99,-0.0672180359557394,-0.07776045159995881,0.00025054707428950884,0
2024-04-30,2023-04-28,2024-04-29,252,historical,0.95,-0.03540250508197017,-0.04844993866246068,-0.015440313589275445,0
2024-04-30,2023-04-28,2024-04-29,252,normal,0.95,-0.04605494083292085,-0.0590548916021747,-0.015440313589275445,0
2024-04-30,2023-04-28,2024-04-29,252,historical,0.99,-0.051725792350682503,-0.07076348992537991,-0.015440313589275445,0
2024-04-30,2023-04-28,2024-04-29,252,normal,0.99,-0.06725680039217298,-0.07779921760904585,-0.015440313589275445,0
2024-05-01,2023-05-01,2024-04-30,252,historical,0.95,-0.03540250508197017,-0.04844993866246068,-0.03889952458596424,1
2024-05-01,2023-05-01,2024-04-30,252,normal,0.95,-0.046215531431134625,-0.059221348347612356,-0.03889952458596424,0
2024-05-01,2023-05-01,2024-04-30,252,historical,0.99,-0.051725792350682503,-0.07076348992537991,-0.03889952458596424,0
2024-05-01,2023-05-01,2024-04-30,252,normal,0.99,-0.06742695819812486,-0.07797413261543544,-0.03889952458596424,0
2024-05-02,2023-05-02,2024-05-01,252,historical,0.95,-0.036486951458533555,-0.04866023172490337,0.03342933087438116,0
2024-05-02,2023-05-02,2024-05-01,252,normal,0.95,-0.04659284397863689,-0.059613121066831816,0.03342933087438116,0
2024-05-02,2023-05-02,2024-05-01,252,historical,0.99,-0.051725792350682503,-0.07076348992537991,0.03342933087438116,0
2024-05-02,2023-05-02,2024-05-01,252,normal,0.99,-0.06782785410647152,-0.07838675511921128,0.03342933087438116,0
2024-05-03,2023-05-03,2024-05-02,252,historical,0.95,-0.036486951458533555,-0.04866023172490337,0.03463170540890537,0
2024-05-03,2023-05-03,2024-05-02,252,normal,0.95,-0.04636209000957513,-0.059381855345247515,0.03463170540890537,0
2024-05-03,2023-05-03,2024-05-02,252,historical,0.99,-0.051725792350682503,-0.07076348992537991,0.03463170540890537,0
2024-05-03,2023-05-03,2024-05-02,252,normal,0.99,-0.06759626551077891,-0.07815475151359283,0.03463170540890537,0
2024-05-06,2023-05-04,2024-05-03,252,historical,0.95,-0.036486951458533555,-0.04866023172490337,0.037741125075422266,0
2024-05-06,2023-05-04,2024-05-03,252,normal,0.95,-0.04621988607822472,-0.05925301797911407,0.037741125075422266,0
2024-05-06,2023-05-04,2024-05-03,252,historical,0.99,-0.051725792350682503,-0.07076348992537991,0.037741125075422266,0
2024-05-06,2023-05-04,2024-05-03,252,normal,0.99,-0.06747586135725457,-0.07804518708629324,0.037741125075422266,0
2024-05-07,2023-05-05,2024-05-06,252,historical,0.95,-0.036486951458533555,-0.04866023172490337,-0.017212761160659618,0
2024-05-07,2023-05-05,2024-05-06,252,normal,0.95,-0.04612716356433425,-0.0591834891943285,-0.017212761160659618,0
2024-05-07,2023-05-05,2024-05-06,252,historical,0.99,-0.051725792350682503,-0.07076348992537991,-0.017212761160659618,0
2024-05-07,2023-05-05,2024-05-06,252,normal,0.99,-0.0674209659240866,-0.07800910079889659,-0.017212761160659618,0
2024-05-08,2023-05-08,2024-05-07,252,historical,0.95,-0.036486951458533555,-0.04866023172490337,-0.001568183715425997,0
2024-05-08,2023-05-08,2024-05-07,252,normal,0.95,-0.04627733910702377,-0.059313571741040294,-0.001568183715425997,0
2024-05-08,2023-05-08,2024-05-07,252,historical,0.99,-0.051725792350682503,-0.07076348992537991,-0.001568183715425997,0
2024-05-08,2023-05-08,2024-05-07,252,normal,0.99,-0.06753837142891939,-0.07811021172304257,-0.001568183715425997,0
2024-05-09,2023-05-09,2024-05-08,252,historical,0.95,-0.036486951458533555,-0.04866023172490337,-0.018415748848164104,0
2024-05-09,2023-05-09,2024-05-08,252,normal,0.95,-0.04633956728907057,-0.05937347205689207,-0.018415748848164104,0
2024-05-09,2023-05-09,2024-05-08,252,historical,0.99,-0.051725792350682503,-0.07076348992537991,-0.018415748848164104,0
2024-05-09,2023-05-09,2024-05-08,252,normal,0.99,-0.06759680305103948,-0.07816675554288645,-0.018415748848164104,0
2024-05-10,2023-05-10,2024-05-09,252,historical,0.95,-0.036486951458533555,-0.04866023172490337,0.01274401200844233,0
2024-05-10,2023-05-10,2024-05-09,252,normal,0.95,-0.04632618574336882,-0.05935818375266225,0.01274401200844233,0
2024-05-10,2023-05-10,2024-05-09,252,historical,0.99,-0.051725792350682503,-0.07076348992537991,0.01274401200844233,0
2024-05-10,2023-05-10,2024-05-09,252,normal,0.99,-0.06758031173767452,-0.07814871792797838,0.01274401200844233,0
2024-05-13,2023-05-11,2024-05-10,252,historical,0.95,-0.036486951458533555,-0.04866023172490337,0.005796802637066278,0
2024-05-13,2023-05-11,2024-05-10,252,normal,0.95,-0.04632176600658359,-0.05935440904913276,0.005796802637066278,0
2024-05-13,2023-05-11,2024-05-10,252,historical,0.99,-0.051725792350682503,-0.07076348992537991,0.005796802637066278,0
2024-05-13,2023-05-11,2024-05-10,252,normal,0.99,-0.06757694399752695,-0.07814587328286567,0.005796802637066278,0
2024-05-14,2023-05-12,2024-05-13,252,historical,0.95,-0.036486951458533555,-0.04866023172490337,0.010586548318556765,0
2024-05-14,2023-05-12,2024-05-13,252,normal,0.95,-0.04623094393785833,-0.05925707283357839,0.010586548318556765,0
2024-05-14,2023-05-12,2024-05-13,252,historical,0.99,-0.051725792350682503,-0.07076348992537991,0.010586548318556765,0
2024-05-14,2023-05-12,2024-05-13,252,normal,0.99,-0.06747549788655181,-0.07803914447083239,0.010586548318556765,0
2024-05-15,2023-05-15,2024-05-14,252,historical,0.95,-0.036486951458533555,-0.04866023172490337,0.03583776745538536,0
2024-05-15,2023-05-15,2024-05-14,252,normal,0.95,-0.04614016574659459,-0.05916230097127832,0.03583776745538536,0
2024-05-15,2023-05-15,2024-05-14,252,historical,0.99,-0.051725792350682503,-0.07076348992537991,0.03583776745538536,0
2024-05-15,2023-05-15,2024-05-14,252,normal,0.99,-0.06737820634351151,-0.07793861422735089,0.03583776745538536,0
2024-05-16,2023-05-16,2024-05-15,252,historical,0.95,-0.036486951458533555,-0.04866023172490337,-0.0028638241123640773,0
2024-05-16,2023-05-16,2024-05-15,252,normal,0.95,-0.04615420293721339,-0.05919422690738285,-0.0028638241123640773,0
2024-05-16,2023-05-16,2024-05-15,252,historical,0.99,-0.051725792350682503,-0.07076348992537991,-0.0028638241123640773,0
2024-05-16,2023-05-16,2024-05-15,252,normal,0.99,-0.06742141861919117,-0.0779963335286143,-0.0028638241123640773,0
2024-05-17,2023-05-17,2024-05-16,252,historical,0.95,-0.036486951458533555,-0.04866023172490337,-0.019924009893082295,0
2024-05-17,2023-05-17,2024-05-16,252,normal,0.95,-0.04620641190942689,-0.05924775932135435,-0.019924009893082295,0
2024-05-17,2023-05-17,2024-05-16,252,historical,0.99,-0.051725792350682503,-0.07076348992537991,-0.019924009893082295,0
2024-05-17,2023-05-17,2024-05-16,252,normal,0.99,-0.06747578601698534,-0.07805177418240943,-0.019924009893082295,0
2024-05-20,2023-05-18,2024-05-17,252,historical,0.95,-0.036486951458533555,-0.04866023172490337,0.02488147953386388,0
2024-05-20,2023-05-18,2024-05-17,252,normal,0.95,-0.04639953963595372,-0.05943656309985914,0.02488147953386388,0
2024-05-20,2023-05-18,2024-05-17,252,historical,0.99,-0.051725792350682503,-0.07076348992537991,0.02488147953386388,0
2024-05-20,2023-05-18,2024-05-17,252,normal,0.99,-0.06766186173690597,-0.07823434336104529,0.02488147953386388,0
2024-05-21,2023-05-19,2024-05-20,252,historical,0.95,-0.036486951458533555,-0.04866023172490337,0.006393689602809394,0
2024-05-21,2023-05-19,2024-05-20,252,normal,0.95,-0.046328711515423365,-0.05932271715974757,0.006393689602809394,0
2024-05-21,2023-05-19,2024-05-20,252,historical,0.99,-0.051725792350682503,-0.07076348992537991,0.006393689602809394,0
2024-05-21,2023-05-19,2024-05-20,252,normal,0.99,-0.06752087506073993,-0.0780584710295537,0.006393689602809394,0
2024-05-22,2023-05-22,2024-05-21,252,historical,0.95,-0.036486951458533555,-0.04866023172490337,-0.004570989098640954,0
2024-05-22,2023-05-22,2024-05-21,252,normal,0.95,-0.046217847582871556,-0.059203309612095155,-0.004570989098640954,0
2024-05-22,2023-05-22,2024-05-21,252,historical,0.99,-0.051725792350682503,-0.07076348992537991,-0.004570989098640954,0
2024-05-22,2023-05-22,2024-05-21,252,normal,0.99,-0.06739607718869042,-0.07792674464242517,-0.004570989098640954,0
2024-05-23,2023-05-23,2024-05-22,252,historical,0.95,-0.036486951458533555,-0.04866023172490337,0.0931968025528005,0
2024-05-23,2023-05-23,2024-05-22,252,normal,0.95,-0.04622799648692486,-0.05921426637532795,0.0931968025528005,0
2024-05-23,2023-05-23,2024-05-22,252,historical,0.99,-0.051725792350682503,-0.07076348992537991,0.0931968025528005,0
2024-05-23,2023-05-23,2024-05-22,252,normal,0.99,-0.06740754364518461,-0.07793886623897904,0.0931968025528005,0
2024-05-24,2023-05-24,2024-05-23,252,historical,0.95,-0.036486951458533555,-0.04866023172490337,0.02572254831638876,0
2024-05-24,2023-05-24,2024-05-23,252,normal,0.95,-0.046562988748142145,-0.05974409141390638,0.02572254831638876,0
2024-05-24,2023-05-24,2024-05-23,252,historical,0.99,-0.051725792350682503,-0.07076348992537991,0.02572254831638876,0
2024-05-24,2023-05-24,2024-05-23,252,normal,0.99,-0.06806029227767371,-0.07874961611800527,0.02572254831638876,0
2024-05-28,2023-05-25,2024-05-24,252,historical,0.95,-0.036486951458533555,-0.04866023172490337,0.06980439766598612,0
2024-05-28,2023-05-25,2024-05-24,252,normal,0.95,-0.046473519689714145,-0.05966275180738637,0.06980439766598612,0
2024-05-28,2023-05-25,2024-05-24,252,historical,0.99,-0.051725792350682503,-0.07076348992537991,0.06980439766598612,0
2024-05-28,2023-05-25,2024-05-24,252,normal,0.99,-0.06798408169235122,-0.07867999817870734,0.06980439766598612,0
2024-05-29,2023-05-26,2024-05-28,252,historical,0.95,-0.036486951458533555,-0.04866023172490337,0.00811216122218461,0
2024-05-29,2023-05-26,2024-05-28,252,normal,0.95,-0.041364657296598134,-0.05308073240738022,0.00811216122218461,0
2024-05-29,2023-05-26,2024-05-28,252,historical,0.99,-0.051725792350682503,-0.07076348992537991,0.00811216122218461,0
2024-05-29,2023-05-26,2024-05-28,252,normal,0.99,-0.06047262035688505,-0.06997386802731556,0.00811216122218461,0
2024-05-30,2023-05-30,2024-05-29,252,historical,0.95,-0.036486951458533555,-0.04866023172490337,-0.037665910669357094,1
2024-05-30,2023-05-30,2024-05-29,252,normal,0.95,-0.04138457130129749,-0.05308824295685782,-0.037665910669357094,0
2024-05-30,2023-05-30,2024-05-29,252,historical,0.99,-0.051725792350682503,-0.07076348992537991,-0.037665910669357094,0
2024-05-30,2023-05-30,2024-05-29,252,normal,0.99,-0.060472305337618944,-0.06996349432381294,-0.037665910669357094,0
2024-05-31,2023-05-31,2024-05-30,252,historical,0.95,-0.037096527038216816,-0.048720719155414864,-0.007846200972755235,0
2024-05-31,2023-05-31,2024-05-30,252,normal,0.95,-0.04178580677933185,-0.05352328202331254,-0.007846200972755235,0
2024-05-31,2023-05-31,2024-05-30,252,historical,0.99,-0.051725792350682503,-0.07076348992537991,-0.007846200972755235,0
2024-05-31,2023-05-31,2024-05-30,252,normal,0.99,-0.06092867171168578,-0.0704472739965053,-0.007846200972755235,0
2024-06-03,2023-06-01,2024-05-31,252,historical,0.95,-0.036486951458533555,-0.0471908799561221,0.04895421921438947,0
2024-06-03,2023-06-01,2024-05-31,252,normal,0.95,-0.041169497869947655,-0.05279972316565216,0.04895421921438947,0
2024-06-03,2023-06-01,2024-05-31,252,historical,0.99,-0.04767280171778985,-0.06788155892346522,0.04895421921438947,0
2024-06-03,2023-06-01,2024-05-31,252,normal,0.99,-0.0601374468828916,-0.06956907393824412,0.04895421921438947,0
2024-06-04,2023-06-02,2024-06-03,252,historical,0.95,-0.036486951458533555,-0.0471908799561221,0.012495590609498564,0
2024-06-04,2023-06-02,2024-06-03,252,normal,0.95,-0.04115456246186956,-0.05277875867323616,0.012495590609498564,0
2024-06-04,2023-06-02,2024-06-03,252,historical,0.99,-0.04767280171778985,-0.06788155892346522,0.012495590609498564,0
2024-06-04,2023-06-02,2024-06-03,252,normal,0.99,-0.060112678529929936,-0.06953941624964927,0.012495590609498564,0
2024-06-05,2023-06-05,2024-06-04,252,historical,0.95,-0.036486951458533555,-0.0471908799561221,0.051555909633679065,0
2024-06-05,2023-06-05,2024-06-04,252,normal,0.95,-0.04103865754794584,-0.052657235284616064,0.051555909633679065,0
2024-06-05,2023-06-05,2024-06-04,252,historical,0.99,-0.04767280171778985,-0.06788155892346522,0.051555909633679065,0
2024-06-05,2023-06-05,2024-06-04,252,normal,0.99,-0.0599876103419628,-0.06940979171332182,0.051555909633679065,0
2024-06-06,2023-06-06,2024-06-05,252,historical,0.95,-0.036486951458533555,-0.0471908799561221,-0.011777294835299768,0
2024-06-06,2023-06-06,2024-06-05,252,normal,0.95,-0.04106612997989956,-0.052747659103748644,-0.011777294835299768,0
2024-06-06,2023-06-06,2024-06-05,252,historical,0.99,-0.04767280171778985,-0.06788155892346522,-0.011777294835299768,0
2024-06-06,2023-06-06,2024-06-05,252,normal,0.99,-0.06011775135272244,-0.06959098367033502,-0.011777294835299768,0
2024-06-07,2023-06-07,2024-06-06,252,historical,0.95,-0.036486951458533555,-0.0471908799561221,-0.0009089842166193352,0
2024-06-07,2023-06-07,2024-06-06,252,normal,0.95,-0.04105469167432935,-0.0527347475841883,-0.0009089842166193352,0
2024-06-07,2023-06-07,2024-06-06,252,historical,0.99,-0.04767280171778985,-0.06788155892346522,-0.0009089842166193352,0
2024-06-07,2023-06-07,2024-06-06,252,normal,0.99,-0.060103910355274855,-0.06957594795786048,-0.0009089842166193352,0
2024-06-10,2023-06-08,2024-06-07,252,historical,0.95,-0.036486951458533555,-0.0471908799561221,0.007461401377634624,0
2024-06-10,2023-06-08,2024-06-07,252,normal,0.95,-0.04079475174316412,-0.05243850358104977,0.007461401377634624,0
2024-06-10,2023-06-08,2024-06-07,252,historical,0.99,-0.04767280171778985,-0.06788155892346522,0.007461401377634624,0
2024-06-10,2023-06-08,2024-06-07,252,normal,0.99,-0.059784761443316625,-0.06922735795953144,0.007461401377634624,0
2024-06-11,2023-06-09,2024-06-10,252,historical,0.95,-0.036486951458533555,-0.0471908799561221,-0.007143983011295929,0
2024-06-11,2023-06-09,2024-06-10,252,normal,0.95,-0.0408152544206812,-0.05244389443011097,-0.007143983011295929,0
2024-06-11,2023-06-09,2024-06-10,252,historical,0.99,-0.04767280171778985,-0.06788155892346522,-0.007143983011295929,0
2024-06-11,2023-06-09,2024-06-10,252,normal,0.99,-0.059780617960991086,-0.0692109594153738,-0.007143983011295929,0
2024-06-12,2023-06-12,2024-06-11,252,historical,0.95,-0.036486951458533555,-0.0471908799561221,0.03548092482520726,0
2024-06-12,2023-06-12,2024-06-11,252,normal,0.95,-0.040887172190994,-0.052520074222238484,0.03548092482520726,0
2024-06-12,2023-06-12,2024-06-11,252,historical,0.99,-0.04767280171778985,-0.06788155892346522,0.03548092482520726,0
2024-06-12,2023-06-12,2024-06-11,252,normal,0.99,-0.05985948674131599,-0.06929328451741529,0.03548092482520726,0
2024-06-13,2023-06-13,2024-06-12,252,historical,0.95,-0.036486951458533555,-0.0471908799561221,0.03522380216194421,0
2024-06-13,2023-06-13,2024-06-12,252,normal,0.95,-0.04090774181826613,-0.05256312419987641,0.03522380216194421,0
2024-06-13,2023-06-13,2024-06-12,252,historical,0.99,-0.04767280171778985,-0.06788155892346522,0.03522380216194421,0
2024-06-13,2023-06-13,2024-06-12,252,normal,0.99,-0.05991671998676318,-0.06936874838826591,0.03522380216194421,0
2024-06-14,2023-06-14,2024-06-13,252,historical,0.95,-0.036486951458533555,-0.0471908799561221,0.01751396908885683,0
2024-06-14,2023-06-14,2024-06-13,252,normal,0.95,-0.040894176762906936,-0.05254230109358222,0.01751396908885683,0
2024-06-14,2023-06-14,2024-06-13,252,historical,0.99,-0.04767280171778985,-0.06788155892346522,0.01751396908885683,0
2024-06-14,2023-06-14,2024-06-13,252,normal,0.99,-0.05989131764222273,-0.06933746006750169,0.01751396908885683,0
2024-06-17,2023-06-15,2024-06-14,252,historical,0.95,-0.036486951458533555,-0.0471908799561221,-0.006824440174302837,0
2024-06-17,2023-06-15,2024-06-14,252,normal,0.95,-0.040814143146574715,-0.05241105689052657,-0.006824440174302837,0
2024-06-17,2023-06-15,2024-06-14,252,historical,0.99,-0.04767280171778985,-0.06788155892346522,-0.006824440174302837,0
2024-06-17,2023-06-15,2024-06-14,252,normal,0.99,-0.05972776373516563,-0.06913237651308347,-0.006824440174302837,0
2024-06-18,2023-06-16,2024-06-17,252,historical,0.95,-0.036486951458533555,-0.0471908799561221,0.03511996562697939,0
2024-06-18,2023-06-16,2024-06-17,252,normal,0.95,-0.0408060747698905,-0.05240212431766124,0.03511996562697939,0
2024-06-18,2023-06-16,2024-06-17,252,historical,0.99,-0.04767280171778985,-0.06788155892346522,0.03511996562697939,0
2024-06-18,2023-06-16,2024-06-17,252,normal,0.99,-0.059718285924985196,-0.06912219787588758,0.03511996562697939,0
2024-06-20,2023-06-20,2024-06-18,252,historical,0.95,-0.036486951458533555,-0.0471908799561221,-0.035403431459514634,0
2024-06-20,2023-06-20,2024-06-18,252,normal,0.95,-0.04077610144534776,-0.0523990190586715,-0.035403431459514634,0
2024-06-20,2023-06-20,2024-06-18,252,historical,0.99,-0.04767280171778985,-0.06788155892346522,-0.035403431459514634,0
2024-06-20,2023-06-20,2024-06-18,252,normal,0.99,-0.05973213222426986,-0.06915783305436862,-0.035403431459514634,0
2024-06-21,2023-06-21,2024-06-20,252,historical,0.95,-0.036486951458533555,-0.0471908799561221,-0.03219155852512867,0
2024-06-21,2023-06-21,2024-06-20,252,normal,0.95,-0.041157652441790725,-0.052815457084820265,-0.03219155852512867,0
2024-06-21,2023-06-21,2024-06-20,252,historical,0.99,-0.04767280171778985,-0.06788155892346522,-0.03219155852512867,0
2024-06-21,2023-06-21,2024-06-20,252,normal,0.99,-0.060170581121127276,-0.0696245738754913,-0.03219155852512867,0
2024-06-24,2023-06-22,2024-06-21,252,historical,0.95,-0.036486951458533555,-0.0471908799561221,-0.06684053461644313,1
2024-06-24,2023-06-22,2024-06-21,252,normal,0.95,-0.041318570263729384,-0.053002360177607975,-0.06684053461644313,1
2024-06-24,2023-06-22,2024-06-21,252,historical,0.99,-0.04767280171778985,-0.06788155892346522,-0.06684053461644313,1
2024-06-24,2023-06-22,2024-06-21,252,normal,0.99,-0.06037387880072306,-0.06984894452464263,-0.06684053461644313,1
2024-06-25,2023-06-23,2024-06-24,252,historical,0.95,-0.037096527038216816,-0.04949556922871713,0.06756418266030972,0
2024-06-25,2023-06-23,2024-06-24,252,normal,0.95,-0.042172342910715206,-0.05400611221187639,0.06756418266030972,0
2024-06-25,2023-06-23,2024-06-24,252,historical,0.99,-0.051725792350682503,-0.07412117357635643,0.06756418266030972,0
2024-06-25,2023-06-23,2024-06-24,252,normal,0.99,-0.0614722555975545,-0.07106894834166277,0.06756418266030972,0
2024-06-26,2023-06-26,2024-06-25,252,historical,0.95,-0.037096527038216816,-0.04949556922871713,0.0024586147443346196,0
2024-06-26,2023-06-26,2024-06-25,252,normal,0.95,-0.04222211365064373,-0.05415575740666081,0.0024586147443346196,0
2024-06-26,2023-06-26,2024-06-25,252,historical,0.99,-0.051725792350682503,-0.07412117357635643,0.0024586147443346196,0
2024-06-26,2023-06-26,2024-06-25,252,normal,0.99,-0.06168491342859569,-0.07136260018499582,0.0024586147443346196,0
2024-06-27,2023-06-27,2024-06-26,252,historical,0.95,-0.036486951458533555,-0.04945848325170703,-0.019066499783648827,0
2024-06-27,2023-06-27,2024-06-26,252,normal,0.95,-0.04186004074642706,-0.05374184609312463,-0.019066499783648827,0
2024-06-27,2023-06-27,2024-06-26,252,historical,0.99,-0.051725792350682503,-0.07412117357635643,-0.019066499783648827,0
2024-06-27,2023-06-27,2024-06-26,252,normal,0.99,-0.06123829630619884,-0.07087394427732928,-0.019066499783648827,0
2024-06-28,2023-06-28,2024-06-27,252,historical,0.95,-0.036486951458533555,-0.04945848325170703,-0.0036292922802925176,0
2024-06-28,2023-06-28,2024-06-27,252,normal,0.95,-0.042046176097009585,-0.053925182142564886,-0.0036292922802925176,0
2024-06-28,2023-06-28,2024-06-27,252,historical,0.99,-0.051725792350682503,-0.07412117357635643,-0.0036292922802925176,0
2024-06-28,2023-06-28,2024-06-27,252,normal,0.99,-0.06141986622490122,-0.07105324407969957,-0.0036292922802925176,0
2024-07-01,2023-06-29,2024-06-28,252,historical,0.95,-0.036486951458533555,-0.04945848325170703,0.006151751290351726,0
2024-07-01,2023-06-29,2024-06-28,252,normal,0.95,-0.04193642986989039,-0.05380216900624511,0.006151751290351726,0
2024-07-01,2023-06-29,2024-06-28,252,historical,0.99,-0.051725792350682503,-0.07412117357635643,0.006151751290351726,0
2024-07-01,2023-06-29,2024-06-28,252,normal,0.99,-0.061288482750791726,-0.07091110169623317,0.006151751290351726,0
2024-07-02,2023-06-30,2024-07-01,252,historical,0.95,-0.036486951458533555,-0.04945848325170703,-0.01311341112286013,0
2024-07-02,2023-06-30,2024-07-01,252,normal,0.95,-0.041867215402162025,-0.05372880558283899,-0.01311341112286013,0
2024-07-02,2023-06-30,2024-07-01,252,historical,0.99,-0.051725792350682503,-0.07412117357635643,-0.01311341112286013,0
2024-07-02,2023-06-30,2024-07-01,252,normal,0.99,-0.06121250167470008,-0.07083175599034054,-0.01311341112286013,0
2024-07-03,2023-07-03,2024-07-02,252,historical,0.95,-0.036486951458533555,-0.04945848325170703,0.04573267533160208,0
2024-07-03,2023-07-03,2024-07-02,252,normal,0.95,-0.04198505370899581,-0.05382681157796821,0.04573267533160208,0
2024-07-03,2023-07-03,2024-07-02,252,historical,0.99,-0.051725792350682503,-0.07412117357635643,0.04573267533160208,0
2024-07-03,2023-07-03,2024-07-02,252,normal,0.99,-0.06129799509846786,-0.0709011662374813,0.04573267533160208,0
2024-07-05,2023-07-05,2024-07-03,252,historical,0.95,-0.036486951458533555,-0.04945848325170703,-0.01909904225378989,0
2024-07-05,2023-07-05,2024-07-03,252,normal,0.95,-0.042007615294130066,-0.0538985623395628,-0.01909904225378989,0
2024-07-05,2023-07-05,2024-07-03,252,historical,0.99,-0.051725792350682503,-0.07412117357635643,-0.01909904225378989,0
2024-07-05,2023-07-05,2024-07-03,252,normal,0.99,-0.06140078021903377,-0.07104384172609582,-0.01909904225378989,0
2024-07-08,2023-07-06,2024-07-05,252,historical,0.95,-0.036486951458533555,-0.04945848325170703,0.018834945447101292,0
2024-07-08,2023-07-06,2024-07-05,252,normal,0.95,-0.04213427589092115,-0.05404042777602437,0.018834945447101292,0
2024-07-08,2023-07-06,2024-07-05,252,historical,0.99,-0.051725792350682503,-0.07412117357635643,0.018834945447101292,0
2024-07-08,2023-07-06,2024-07-05,252,normal,0.99,-0.061552238669373455,-0.07120763066647867,0.018834945447101292,0
2024-07-09,2023-07-07,2024-07-08,252,historical,0.95,-0.036486951458533555,-0.04945848325170703,0.024805230998572014,0
2024-07-09,2023-07-07,2024-07-08,252,normal,0.95,-0.042051052435416444,-0.0539601475574041,0.024805230998572014,0
2024-07-09,2023-07-07,2024-07-08,252,historical,0.99,-0.051725792350682503,-0.07412117357635643,0.024805230998572014,0
2024-07-09,2023-07-07,2024-07-08,252,normal,0.99,-0.06147381539320642,-0.07113159423252009,0.024805230998572014,0
2024-07-10,2023-07-10,2024-07-09,252,historical,0.95,-0.036486951458533555,-0.04945848325170703,0.026868355875712346,0
2024-07-10,2023-07-10,2024-07-09,252,normal,0.95,-0.04203356522276182,-0.05395364677839945,0.026868355875712346,0
2024-07-10,2023-07-10,2024-07-09,252,historical,0.99,-0.051725792350682503,-0.07412117357635643,0.026868355875712346,0
2024-07-10,2023-07-10,2024-07-09,252,normal,0.99,-0.06147424615789174,-0.07114093453611978,0.026868355875712346,0
2024-07-11,2023-07-11,2024-07-10,252,historical,0.95,-0.036486951458533555,-0.04945848325170703,-0.05566676688918637,1
2024-07-11,2023-07-11,2024-07-10,252,normal,0.95,-0.041933811439234636,-0.05386329836224837,-0.05566676688918637,1
2024-07-11,2023-07-11,2024-07-10,252,historical,0.99,-0.051725792350682503,-0.07412117357635643,-0.05566676688918637,1
2024-07-11,2023-07-11,2024-07-10,252,normal,0.99,-0.06138983176154768,-0.07106414749996474,-0.05566676688918637,0
2024-07-12,2023-07-12,2024-07-11,252,historical,0.95,-0.03723342554119992,-0.050903651929897695,0.014442730116587477,0
2024-07-12,2023-07-12,2024-07-11,252,normal,0.95,-0.04259506255952288,-0.05463103907926677,0.014442730116587477,0
2024-07-12,2023-07-12,2024-07-11,252,historical,0.99,-0.05556998589562426,-0.07418442912770422,0.014442730116587477,0
2024-07-12,2023-07-12,2024-07-11,252,normal,0.99,-0.06222475872988099,-0.07198543308441227,0.014442730116587477,0
2024-07-15,2023-07-13,2024-07-12,252,historical,0.95,-0.03723342554119992,-0.050903651929897695,-0.006190031260344564,0
2024-07-15,2023-07-13,2024-07-12,252,normal,0.95,-0.04258220578208681,-0.054593887629180084,-0.006190031260344564,0
2024-07-15,2023-07-13,2024-07-12,252,historical,0.99,-0.05556998589562426,-0.07418442912770422,-0.006190031260344564,0
2024-07-15,2023-07-13,2024-07-12,252,normal,0.99,-0.06217227932258123,-0.07191325171209927,-0.006190031260344564,0
2024-07-16,2023-07-14,2024-07-15,252,historical,0.95,-0.03723342554119992,-0.050903651929897695,-0.016194336565724,0
2024-07-16,2023-07-14,2024-07-15,252,normal,0.95,-0.04259964377026675,-0.05456186814474909,-0.016194336565724,0
2024-07-16,2023-07-14,2024-07-15,252,historical,0.99,-0.05556998589562426,-0.07418442912770422,-0.016194336565724,0
2024-07-16,2023-07-14,2024-07-15,252,normal,0.99,-0.06210905620618739,-0.07180992065068229,-0.016194336565724,0
2024-07-17,2023-07-17,2024-07-16,252,historical,0.95,-0.03723342554119992,-0.050903651929897695,-0.06623936527076557,1
2024-07-17,2023-07-17,2024-07-16,252,normal,0.95,-0.04264137399513311,-0.05460901273053522,-0.06623936527076557,1
2024-07-17,2023-07-17,2024-07-16,252,historical,0.99,-0.05556998589562426,-0.07418442912770422,-0.06623936527076557,1
2024-07-17,2023-07-17,2024-07-16,252,normal,0.99,-0.06215961681217302,-0.07186487207727886,-0.06623936527076557,1
2024-07-18,2023-07-18,2024-07-17,252,historical,0.95,-0.038115981565921705,-0.05310160997615988,0.026273402609269247,0
2024-07-18,2023-07-18,2024-07-17,252,normal,0.95,-0.043521824470403155,-0.05562436368752757,0.026273402609269247,0
2024-07-18,2023-07-18,2024-07-17,252,historical,0.99,-0.06084734009616015,-0.07770862858823062,0.026273402609269247,0
2024-07-18,2023-07-18,2024-07-17,252,normal,0.99,-0.06326007897200392,-0.07307473289455985,0.026273402609269247,0
2024-07-19,2023-07-19,2024-07-18,252,historical,0.95,-0.038115981565921705,-0.05310160997615988,-0.02609630722885481,0
2024-07-19,2023-07-19,2024-07-18,252,normal,0.95,-0.04352418698825286,-0.0556313988025934,-0.02609630722885481,0
2024-07-19,2023-07-19,2024-07-18,252,historical,0.99,-0.06084734009616015,-0.07770862858823062,-0.02609630722885481,0
2024-07-19,2023-07-19,2024-07-18,252,normal,0.99,-0.06327006211486304,-0.07308850531864111,-0.02609630722885481,0
2024-07-22,2023-07-20,2024-07-19,252,historical,0.95,-0.038115981565921705,-0.05310160997615988,0.04757076326680698,0
2024-07-22,2023-07-20,2024-07-19,252,normal,0.95,-0.04367718057678058,-0.05580580259814479,0.04757076326680698,0
2024-07-22,2023-07-20,2024-07-19,252,historical,0.99,-0.06084734009616015,-0.07770862858823062,0.04757076326680698,0
2024-07-22,2023-07-20,2024-07-19,252,normal,0.99,-0.06345797400504494,-0.07329377999266351,0.04757076326680698,0
2024-07-23,2023-07-21,2024-07-22,252,historical,0.95,-0.038115981565921705,-0.05310160997615988,-0.007689843931621643,0
2024-07-23,2023-07-21,2024-07-22,252,normal,0.95,-0.043412172498791014,-0.05555476885733308,-0.007689843931621643,0
2024-07-23,2023-07-21,2024-07-22,252,historical,0.99,-0.06084734009616015,-0.07770862858823062,-0.007689843931621643,0
2024-07-23,2023-07-21,2024-07-22,252,normal,0.99,-0.06321575693138587,-0.07306289552290986,-0.007689843931621643,0
2024-07-24,2023-07-24,2024-07-23,252,historical,0.95,-0.038115981565921705,-0.05310160997615988,-0.06803165327061145,1
2024-07-24,2023-07-24,2024-07-23,252,normal,0.95,-0.0432450248099414,-0.05536422598099023,-0.06803165327061145,1
2024-07-24,2023-07-24,2024-07-23,252,historical,0.99,-0.06084734009616015,-0.07770862858823062,-0.06803165327061145,1
2024-07-24,2023-07-24,2024-07-23,252,normal,0.99,-0.06301045359961129,-0.07283861967102358,-0.06803165327061145,1
2024-07-25,2023-07-25,2024-07-24,252,historical,0.95,-0.038771123583187066,-0.05536050113410858,-0.01724289983175553,0
2024-07-25,2023-07-25,2024-07-24,252,normal,0.95,-0.044129063278612796,-0.056397369576788675,-0.01724289983175553,0
2024-07-25,2023-07-25,2024-07-24,252,historical,0.99,-0.06653393825014757,-0.07830605792151257,-0.01724289983175553,0
2024-07-25,2023-07-25,2024-07-24,252,normal,0.99,-0.06413767037111047,-0.074086754474233,-0.01724289983175553,0
2024-07-26,2023-07-26,2024-07-25,252,historical,0.95,-0.038771123583187066,-0.05536050113410858,0.006946860499834839,0
2024-07-26,2023-07-26,2024-07-25,252,normal,0.95,-0.04429923953617291,-0.05656928387493486,0.006946860499834839,0
2024-07-26,2023-07-26,2024-07-25,252,historical,0.99,-0.06653393825014757,-0.07830605792151257,0.006946860499834839,0
2024-07-26,2023-07-26,2024-07-25,252,normal,0.99,-0.06431068123112936,-0.07426117481258943,0.006946860499834839,0
2024-07-29,2023-07-27,2024-07-26,252,historical,0.95,-0.038771123583187066,-0.05536050113410858,-0.013001960538984836,0
2024-07-29,2023-07-27,2024-07-26,252,normal,0.95,-0.04424387919363122,-0.05651187269208309,-0.013001960538984836,0
2024-07-29,2023-07-27,2024-07-26,252,historical,0.99,-0.06653393825014757,-0.07830605792151257,-0.013001960538984836,0
2024-07-29,2023-07-27,2024-07-26,252,normal,0.99,-0.06425197613528785,-0.07420080657089624,-0.013001960538984836,0
2024-07-30,2023-07-28,2024-07-29,252,historical,0.95,-0.038771123583187066,-0.05536050113410858,-0.07043641700034997,1
2024-07-30,2023-07-28,2024-07-29,252,normal,0.95,-0.044363024345065116,-0.056638241773876705,-0.07043641700034997,1
2024-07-30,2023-07-28,2024-07-29,252,historical,0.99,-0.06653393825014757,-0.07830605792151257,-0.07043641700034997,1
2024-07-30,2023-07-28,2024-07-29,252,normal,0.99,-0.06438290292802726,-0.07433759166949767,-0.07043641700034997,1
2024-07-31,2023-07-31,2024-07-30,252,historical,0.95,-0.039235860967341336,-0.05778641593521517,0.12812118460419897,0
2024-07-31,2023-07-31,2024-07-30,252,normal,0.95,-0.045302601301189904,-0.05772683406749414,0.12812118460419897,0
2024-07-31,2023-07-31,2024-07-30,252,historical,0.99,-0.0674241827569856,-0.07950468538281485,0.12812118460419897,0
2024-07-31,2023-07-31,2024-07-30,252,normal,0.99,-0.06556551174740848,-0.07564104570494512,0.12812118460419897,0
2024-08-01,2023-08-01,2024-07-31,252,historical,0.95,-0.039235860967341336,-0.05778641593521517,-0.06674075288649906,1
2024-08-01,2023-08-01,2024-07-31,252,normal,0.95,-0.04646342405196912,-0.05931216414453297,-0.06674075288649906,1
2024-08-01,2023-08-01,2024-07-31,252,historical,0.99,-0.0674241827569856,-0.07950468538281485,-0.06674075288649906,0
2024-08-01,2023-08-01,2024-07-31,252,normal,0.99,-0.06741867132876375,-0.07783846300115517,-0.06674075288649906,0
2024-08-02,2023-08-02,2024-08-01,252,historical,0.95,-0.041222844723031726,-0.059870555482884155,-0.017763974476502242,0
2024-08-02,2023-08-02,2024-08-01,252,normal,0.95,-0.04723169495635812,-0.06021311483339311,-0.017763974476502242,0
2024-08-02,2023-08-02,2024-08-01,252,historical,0.99,-0.0674241827569856,-0.07950468538281485,-0.017763974476502242,0
2024-08-02,2023-08-02,2024-08-01,252,normal,0.99,-0.06840333214159472,-0.07893072157869827,-0.017763974476502242,0
2024-08-05,2023-08-03,2024-08-02,252,historical,0.95,-0.039235860967341336,-0.05921865149127129,-0.0635778447427151,1
2024-08-05,2023-08-03,2024-08-02,252,normal,0.95,-0.04687456797918731,-0.059795866706748205,-0.0635778447427151,1
2024-08-05,2023-08-03,2024-08-02,252,historical,0.99,-0.0674241827569856,-0.07950468538281485,-0.0635778447427151,0
2024-08-05,2023-08-03,2024-08-02,252,normal,0.99,-0.06794815247250871,-0.07842678616795108,-0.0635778447427151,0
2024-08-06,2023-08-04,2024-08-05,252,historical,0.95,-0.041222844723031726,-0.06105949041249536,0.0378297473249074,0
2024-08-06,2023-08-04,2024-08-05,252,normal,0.95,-0.047628121160281485,-0.06067115844368388,0.0378297473249074,0
2024-08-06,2023-08-04,2024-08-05,252,historical,0.99,-0.0674241827569856,-0.07950468538281485,0.0378297473249074,0
2024-08-06,2023-08-04,2024-08-05,252,normal,0.99,-0.0689002513104066,-0.07947760989103053,0.0378297473249074,0
2024-08-07,2023-08-07,2024-08-06,252,historical,0.95,-0.041222844723031726,-0.06105949041249536,-0.05122296779428126,1
2024-08-07,2023-08-07,2024-08-06,252,normal,0.95,-0.04761425692158824,-0.060688171490967176,-0.05122296779428126,1
2024-08-07,2023-08-07,2024-08-06,252,historical,0.99,-0.0674241827569856,-0.07950468538281485,-0.05122296779428126,0
2024-08-07,2023-08-07,2024-08-06,252,normal,0.99,-0.0689367454070998,-0.07953914417726503,-0.05122296779428126,0
2024-08-08,2023-08-08,2024-08-07,252,historical,0.95,-0.04332128717016642,-0.06168056855029639,0.06126774012179115,0
2024-08-08,2023-08-08,2024-08-07,252,normal,0.95,-0.048181092738665526,-0.061330740142033977,0.06126774012179115,0
2024-08-08,2023-08-08,2024-08-07,252,historical,0.99,-0.0674241827569856,-0.07950468538281485,0.06126774012179115,0
2024-08-08,2023-08-08,2024-08-07,252,normal,0.99,-0.0696270953004048,-0.08029091023645442,0.06126774012179115,0
2024-08-09,2023-08-09,2024-08-08,252,historical,0.95,-0.04332128717016642,-0.06168056855029639,-0.0020957484839441154,0
2024-08-09,2023-08-09,2024-08-08,252,normal,0.95,-0.04817296552591263,-0.06139902624059535,-0.0020957484839441154,0
2024-08-09,2023-08-09,2024-08-08,252,historical,0.99,-0.0674241827569856,-0.07950468538281485,-0.0020957484839441154,0
2024-08-09,2023-08-09,2024-08-08,252,normal,0.99,-0.06974359196690336,-0.08046937490753213,-0.0020957484839441154,0
2024-08-12,2023-08-10,2024-08-09,252,historical,0.95,-0.041222844723031726,-0.06136575591469757,0.04076357666003494,0
2024-08-12,2023-08-10,2024-08-09,252,normal,0.95,-0.04772535127104392,-0.06088321120169738,0.04076357666003494,0
2024-08-12,2023-08-10,2024-08-09,252,historical,0.99,-0.0674241827569856,-0.07950468538281485,0.04076357666003494,0
2024-08-12,2023-08-10,2024-08-09,252,normal,0.99,-0.06918474779505382,-0.07985522274778967,0.04076357666003494,0
2024-08-13,2023-08-11,2024-08-12,252,historical,0.95,-0.041222844723031726,-0.06136575591469757,0.06530921732686501,0
2024-08-13,2023-08-11,2024-08-12,252,normal,0.95,-0.04768061790157421,-0.06087214008879604,0.06530921732686501,0
2024-08-13,2023-08-11,2024-08-12,252,historical,0.99,-0.0674241827569856,-0.07950468538281485,0.06530921732686501,0
2024-08-13,2023-08-11,2024-08-12,252,normal,0.99,-0.06919491482089157,-0.07989268845802279,0.06530921732686501,0
2024-08-14,2023-08-14,2024-08-13,252,historical,0.95,-0.041222844723031726,-0.06136575591469757,0.01670387737245016,0
2024-08-14,2023-08-14,2024-08-13,252,normal,0.95,-0.04749076178001321,-0.060736349387075665,0.01670387737245016,0
2024-08-14,2023-08-14,2024-08-13,252,historical,0.99,-0.0674241827569856,-0.07950468538281485,0.01670387737245016,0
2024-08-14,2023-08-14,2024-08-13,252,normal,0.99,-0.06909323499005811,-0.07983485342499529,0.01670387737245016,0
2024-08-15,2023-08-15,2024-08-14,252,historical,0.95,-0.041222844723031726,-0.06136575591469757,0.04048115608909364,0
2024-08-15,2023-08-15,2024-08-14,252,normal,0.95,-0.047263737365814906,-0.060396982596550526,0.04048115608909364,0
2024-08-15,2023-08-15,2024-08-14,252,historical,0.99,-0.0674241827569856,-0.07950468538281485,0.04048115608909364,0
2024-08-15,2023-08-15,2024-08-14,252,normal,0.99,-0.06868298932158647,-0.07933350278055916,0.04048115608909364,0
2024-08-16,2023-08-16,2024-08-15,252,historical,0.95,-0.041222844723031726,-0.06136575591469757,0.013999592379095649,0
2024-08-16,2023-08-16,2024-08-15,252,normal,0.95,-0.04725480337624992,-0.06042227932549413,0.013999592379095649,0
2024-08-16,2023-08-16,2024-08-15,252,historical,0.99,-0.0674241827569856,-0.07950468538281485,0.013999592379095649,0
2024-08-16,2023-08-16,2024-08-15,252,normal,0.99,-0.06872988284239542,-0.07940815598465893,0.013999592379095649,0
2024-08-19,2023-08-17,2024-08-16,252,historical,0.95,-0.041222844723031726,-0.06136575591469757,0.043506210659279176,0
2024-08-19,2023-08-17,2024-08-16,252,normal,0.95,-0.04714411866812137,-0.060308005086588935,0.043506210659279176,0
2024-08-19,2023-08-17,2024-08-16,252,historical,0.99,-0.0674241827569856,-0.07950468538281485,0.043506210659279176,0
2024-08-19,2023-08-17,2024-08-16,252,normal,0.99,-0.06861334390229626,-0.07928870608499297,0.043506210659279176,0
2024-08-20,2023-08-18,2024-08-19,252,historical,0.95,-0.041222844723031726,-0.06136575591469757,-0.021153865619667478,0
2024-08-20,2023-08-18,2024-08-19,252,normal,0.95,-0.0471076826023394,-0.06030946306227999,-0.021153865619667478,0
2024-08-20,2023-08-18,2024-08-19,252,historical,0.99,-0.0674241827569856,-0.07950468538281485,-0.021153865619667478,0
2024-08-20,2023-08-18,2024-08-19,252,normal,0.99,-0.0686387099278994,-0.0793448025958366,-0.021153865619667478,0
2024-08-21,2023-08-21,2024-08-20,252,historical,0.95,-0.041222844723031726,-0.06136575591469757,0.009823268464734358,0
2024-08-21,2023-08-21,2024-08-20,252,normal,0.95,-0.047253871015033665,-0.06047251066716532,0.009823268464734358,0
2024-08-21,2023-08-21,2024-08-20,252,historical,0.99,-0.0674241827569856,-0.07950468538281485,0.009823268464734358,0
2024-08-21,2023-08-21,2024-08-20,252,normal,0.99,-0.06881239430819094,-0.07953215907698241,0.009823268464734358,0
2024-08-22,2023-08-22,2024-08-21,252,historical,0.95,-0.041222844723031726,-0.06136575591469757,-0.03704298413383378,0
2024-08-22,2023-08-22,2024-08-21,252,normal,0.95,-0.04688532662397923,-0.05993484469289292,-0.03704298413383378,0
2024-08-22,2023-08-22,2024-08-21,252,historical,0.99,-0.0674241827569856,-0.07950468538281485,-0.03704298413383378,0
2024-08-22,2023-08-22,2024-08-21,252,normal,0.99,-0.0681680264067655,-0.07875064063381194,-0.03704298413383378,0
2024-08-23,2023-08-23,2024-08-22,252,historical,0.95,-0.041222844723031726,-0.06136575591469757,0.04549883915981279,0
2024-08-23,2023-08-23,2024-08-22,252,normal,0.95,-0.04699501941133788,-0.060062942769367585,0.04549883915981279,0
2024-08-23,2023-08-23,2024-08-22,252,historical,0.99,-0.0674241827569856,-0.07950468538281485,0.04549883915981279,0
2024-08-23,2023-08-23,2024-08-22,252,normal,0.99,-0.06830773671972187,-0.07890527686766621,0.04549883915981279,0
2024-08-26,2023-08-24,2024-08-23,252,historical,0.95,-0.041222844723031726,-0.06136575591469757,-0.022493782067635637,0
2024-08-26,2023-08-24,2024-08-23,252,normal,0.95,-0.04703883211689609,-0.06013178915970474,-0.022493782067635637,0
2024-08-26,2023-08-24,2024-08-23,252,historical,0.99,-0.0674241827569856,-0.07950468538281485,-0.022493782067635637,0
2024-08-26,2023-08-24,2024-08-23,252,normal,0.99,-0.06839237732365867,-0.07901021874459238,-0.022493782067635637,0
2024-08-27,2023-08-25,2024-08-26,252,historical,0.95,-0.041222844723031726,-0.06136575591469757,0.014550146516009166,0
2024-08-27,2023-08-25,2024-08-26,252,normal,0.95,-0.047206684747844244,-0.06031860145254807,0.014550146516009166,0
2024-08-27,2023-08-25,2024-08-26,252,historical,0.99,-0.0674241827569856,-0.07950468538281485,0.014550146516009166,0
2024-08-27,2023-08-25,2024-08-26,252,normal,0.99,-0.06859115161699829,-0.07922436853200406,0.014550146516009166,0
2024-08-28,2023-08-28,2024-08-27,252,historical,0.95,-0.041222844723031726,-0.06136575591469757,-0.020966421132466606,0
2024-08-28,2023-08-28,2024-08-27,252,normal,0.95,-0.04697675363194086,-0.06006940054234331,-0.020966421132466606,0
2024-08-28,2023-08-28,2024-08-27,252,historical,0.99,-0.0674241827569856,-0.07950468538281485,-0.020966421132466606,0
2024-08-28,2023-08-28,2024-08-27,252,normal,0.99,-0.06832979303804022,-0.07894738295454315,-0.020966421132466606,0
2024-08-29,2023-08-29,2024-08-28,252,historical,0.95,-0.041222844723031726,-0.06136575591469757,-0.06384855564079817,1
2024-08-29,2023-08-29,2024-08-28,252,normal,0.95,-0.04717970361716279,-0.06028487427718043,-0.06384855564079817,1
2024-08-29,2023-08-29,2024-08-28,252,historical,0.99,-0.0674241827569856,-0.07950468538281485,-0.06384855564079817,0
2024-08-29,2023-08-29,2024-08-28,252,normal,0.99,-0.06855316823757329,-0.07918091439204253,-0.06384855564079817,0
2024-08-30,2023-08-30,2024-08-29,252,historical,0.95,-0.04332128717016642,-0.06295803311761529,0.01513741367627408,0
2024-08-30,2023-08-30,2024-08-29,252,normal,0.95,-0.04793460075709673,-0.06112522906762609,0.01513741367627408,0
2024-08-30,2023-08-30,2024-08-29,252,historical,0.99,-0.0674241827569856,-0.07950468538281485,0.01513741367627408,0
2024-08-30,2023-08-30,2024-08-29,252,normal,0.99,-0.06944743983642429,-0.08014448857688478,0.01513741367627408,0
2024-09-03,2023-08-31,2024-08-30,252,historical,0.95,-0.04332128717016642,-0.06295803311761529,-0.09525010158394043,1
2024-09-03,2023-08-31,2024-08-30,252,normal,0.95,-0.04792291223908056,-0.06111591230109843,-0.09525010158394043,1
2024-09-03,2023-08-31,2024-08-30,252,historical,0.99,-0.0674241827569856,-0.07950468538281485,-0.09525010158394043,1
2024-09-03,2023-08-31,2024-08-30,252,normal,0.99,-0.06943961945166967,-0.08013859158354683,-0.09525010158394043,1
2024-09-04,2023-09-01,2024-09-03,252,historical,0.95,-0.04500015574125598,-0.06693635485166384,-0.01657400327527292,0
2024-09-04,2023-09-01,2024-09-03,252,normal,0.95,-0.04931654861379544,-0.06276570501931757,-0.01657400327527292,0
2024-09-04,2023-09-01,2024-09-03,252,historical,0.99,-0.06920998749818331,-0.08857750148725785,-0.01657400327527292,0
2024-09-04,2023-09-01,2024-09-03,252,normal,0.99,-0.07125102593310169,-0.08215773016288473,-0.01657400327527292,0
2024-09-05,2023-09-05,2024-09-04,252,historical,0.95,-0.04500015574125598,-0.06693635485166384,0.009415304613304754,0
2024-09-05,2023-09-05,2024-09-04,252,normal,0.95,-0.04931193246469179,-0.0627604879504658,0.009415304613304754,0
2024-09-05,2023-09-05,2024-09-04,252,historical,0.99,-0.06920998749818331,-0.08857750148725785,0.009415304613304754,0
2024-09-05,2023-09-05,2024-09-04,252,normal,0.99,-0.07124542973289383,-0.08215164664185458,0.009415304613304754,0
2024-09-06,2023-09-06,2024-09-05,252,historical,0.95,-0.04500015574125598,-0.06693635485166384,-0.04085439206657959,0
2024-09-06,2023-09-06,2024-09-05,252,normal,0.95,-0.04928033049930492,-0.06272953889002446,-0.04085439206657959,0
2024-09-06,2023-09-06,2024-09-05,252,historical,0.99,-0.06920998749818331,-0.08857750148725785,-0.04085439206657959,0
2024-09-06,2023-09-06,2024-09-05,252,normal,0.99,-0.07121489260222875,-0.08212163898983608,-0.04085439206657959,0
2024-09-09,2023-09-07,2024-09-06,252,historical,0.95,-0.04500015574125598,-0.06693635485166384,0.03539825708307376,0
2024-09-09,2023-09-07,2024-09-06,252,normal,0.95,-0.049403702526439164,-0.06287386417389226,0.03539825708307376,0
2024-09-09,2023-09-07,2024-09-06,252,historical,0.99,-0.06920998749818331,-0.08857750148725785,0.03539825708307376,0
2024-09-09,2023-09-07,2024-09-06,252,normal,0.99,-0.07137243768235828,-0.0822961762862023,0.03539825708307376,0
2024-09-10,2023-09-08,2024-09-09,252,historical,0.95,-0.04500015574125598,-0.06693635485166384,0.015309303548304953,0
2024-09-10,2023-09-08,2024-09-09,252,normal,0.95,-0.049250565984483075,-0.0627350749066931,0.015309303548304953,0
2024-09-10,2023-09-08,2024-09-09,252,historical,0.99,-0.06920998749818331,-0.08857750148725785,0.015309303548304953,0
2024-09-10,2023-09-08,2024-09-09,252,normal,0.99,-0.07124270037551113,-0.08217807402006394,0.015309303548304953,0
2024-09-11,2023-09-11,2024-09-10,252,historical,0.95,-0.04500015574125598,-0.06693635485166384,0.08149885956983272,0
2024-09-11,2023-09-11,2024-09-10,252,normal,0.95,-0.04911142947286957,-0.06259061017439756,0.08149885956983272,0
2024-09-11,2023-09-11,2024-09-10,252,historical,0.99,-0.06920998749818331,-0.08857750148725785,0.08149885956983272,0
2024-09-11,2023-09-11,2024-09-10,252,normal,0.99,-0.07109487397048139,-0.08202592665055898,0.08149885956983272,0
2024-09-12,2023-09-12,2024-09-11,252,historical,0.95,-0.04500015574125598,-0.06693635485166384,0.019161570846488063,0
2024-09-12,2023-09-12,2024-09-11,252,normal,0.95,-0.04934196237446191,-0.06297058193238837,0.019161570846488063,0
2024-09-12,2023-09-12,2024-09-11,252,historical,0.99,-0.06920998749818331,-0.08857750148725785,0.019161570846488063,0
2024-09-12,2023-09-12,2024-09-11,252,normal,0.99,-0.07156912946012763,-0.08262137081241858,0.019161570846488063,0
2024-09-13,2023-09-13,2024-09-12,252,historical,0.95,-0.04500015574125598,-0.06693635485166384,-0.00033574911316069933,0
2024-09-13,2023-09-13,2024-09-12,252,normal,0.95,-0.04924834348703683,-0.06287936955126139,-0.00033574911316069933,0
2024-09-13,2023-09-13,2024-09-12,252,historical,0.99,-0.06920998749818331,-0.08857750148725785,-0.00033574911316069933,0
2024-09-13,2023-09-13,2024-09-12,252,normal,0.99,-0.07147943538822425,-0.08253362831663115,-0.00033574911316069933,0
2024-09-16,2023-09-14,2024-09-13,252,historical,0.95,-0.04500015574125598,-0.06693635485166384,-0.019479410876812153,0
2024-09-16,2023-09-14,2024-09-13,252,normal,0.95,-0.049297564660684884,-0.06292693914226144,-0.019479410876812153,0
2024-09-16,2023-09-14,2024-09-13,252,historical,0.99,-0.06920998749818331,-0.08857750148725785,-0.019479410876812153,0
2024-09-16,2023-09-14,2024-09-13,252,normal,0.99,-0.0715259629652599,-0.08257881652910669,-0.019479410876812153,0
2024-09-17,2023-09-15,2024-09-16,252,historical,0.95,-0.04500015574125598,-0.06693635485166384,-0.010190148102007246,0
2024-09-17,2023-09-15,2024-09-16,252,normal,0.95,-0.049439575792814314,-0.0630832620194856,-0.010190148102007246,0
2024-09-17,2023-09-15,2024-09-16,252,historical,0.99,-0.06920998749818331,-0.08857750148725785,-0.010190148102007246,0
2024-09-17,2023-09-15,2024-09-16,252,normal,0.99,-0.07169131538651666,-0.08275577517799987,-0.010190148102007246,0
2024-09-18,2023-09-18,2024-09-17,252,historical,0.95,-0.04500015574125598,-0.06693635485166384,-0.019205737525469724,0
2024-09-18,2023-09-18,2024-09-17,252,normal,0.95,-0.049184248769674366,-0.06278997715127678,-0.019205737525469724,0
2024-09-18,2023-09-18,2024-09-17,252,historical,0.99,-0.06920998749818331,-0.08857750148725785,-0.019205737525469724,0
2024-09-18,2023-09-18,2024-09-17,252,normal,0.99,-0.07137408221352995,-0.08240775977772073,-0.019205737525469724,0
2024-09-19,2023-09-19,2024-09-18,252,historical,0.95,-0.04500015574125598,-0.06693635485166384,0.03969306609208667,0
2024-09-19,2023-09-19,2024-09-18,252,normal,0.95,-0.04932134720815109,-0.06294102720675143,0.03969306609208667,0
2024-09-19,2023-09-19,2024-09-18,252,historical,0.99,-0.06920998749818331,-0.08857750148725785,0.03969306609208667,0
2024-09-19,2023-09-19,2024-09-18,252,normal,0.99,-0.07153393460157655,-0.08257892634455562,0.03969306609208667,0
2024-09-20,2023-09-20,2024-09-19,252,historical,0.95,-0.04500015574125598,-0.06693635485166384,-0.015864952712577263,0
2024-09-20,2023-09-20,2024-09-19,252,normal,0.95,-0.04922753420624935,-0.06287362269117407,-0.015864952712577263,0
2024-09-20,2023-09-20,2024-09-19,252,historical,0.99,-0.06920998749818331,-0.08857750148725785,-0.015864952712577263,0
2024-09-20,2023-09-20,2024-09-19,252,normal,0.99,-0.071483191687259,-0.08254959960987131,-0.015864952712577263,0
2024-09-23,2023-09-21,2024-09-20,252,historical,0.95,-0.04500015574125598,-0.06693635485166384,0.0022413446881079935,0
2024-09-23,2023-09-21,2024-09-20,252,normal,0.95,-0.04909966270317188,-0.06272694636741406,0.0022413446881079935,0
2024-09-23,2023-09-21,2024-09-20,252,historical,0.99,-0.06920998749818331,-0.08857750148725785,0.0022413446881079935,0
2024-09-23,2023-09-21,2024-09-20,252,normal,0.99,-0.0713246510551806,-0.08237580905347837,0.0022413446881079935,0
2024-09-24,2023-09-22,2024-09-23,252,historical,0.95,-0.04500015574125598,-0.06693635485166384,0.0396525726474064,0
2024-09-24,2023-09-22,2024-09-23,252,normal,0.95,-0.04886341732130545,-0.06246210946054839,0.0396525726474064,0
2024-09-24,2023-09-22,2024-09-23,252,historical,0.99,-0.06920998749818331,-0.08857750148725785,0.0396525726474064,0
2024-09-24,2023-09-22,2024-09-23,252,normal,0.99,-0.07104177522767799,-0.0820697466931374,0.0396525726474064,0
2024-09-25,2023-09-25,2024-09-24,252,historical,0.95,-0.04500015574125598,-0.06693635485166384,0.02184157772413875,0
2024-09-25,2023-09-25,2024-09-24,252,normal,0.95,-0.048876651722202985,-0.06250410494002516,0.02184157772413875,0
2024-09-25,2023-09-25,2024-09-24,252,historical,0.99,-0.06920998749818331,-0.08857750148725785,0.02184157772413875,0
2024-09-25,2023-09-25,2024-09-24,252,normal,0.99,-0.07110191660227358,-0.08215321210144444,0.02184157772413875,0
2024-09-26,2023-09-26,2024-09-25,252,historical,0.95,-0.04500015574125598,-0.06693635485166384,0.004291072474536195,0
2024-09-26,2023-09-26,2024-09-25,252,normal,0.95,-0.04886768342114954,-0.0625000497937181,0.004291072474536195,0
2024-09-26,2023-09-26,2024-09-25,252,historical,0.99,-0.06920998749818331,-0.08857750148725785,0.004291072474536195,0
2024-09-26,2023-09-26,2024-09-25,252,normal,0.99,-0.07110096125594392,-0.08215624111844869,0.004291072474536195,0
2024-09-27,2023-09-27,2024-09-26,252,historical,0.95,-0.04500015574125598,-0.06693635485166384,-0.0212834532104339,0
2024-09-27,2023-09-27,2024-09-26,252,normal,0.95,-0.04880654347592494,-0.06243512911585466,-0.0212834532104339,0
2024-09-27,2023-09-27,2024-09-26,252,historical,0.99,-0.06920998749818331,-0.08857750148725785,-0.0212834532104339,0
2024-09-27,2023-09-27,2024-09-26,252,normal,0.99,-0.07103365524410397,-0.08208586909031593,-0.0212834532104339,0
2024-09-30,2023-09-28,2024-09-27,252,historical,0.95,-0.04500015574125598,-0.06693635485166384,0.00032956179371845806,0
2024-09-30,2023-09-28,2024-09-27,252,normal,0.95,-0.04900461960901539,-0.06264867126035349,0.00032956179371845806,0
2024-09-30,2023-09-28,2024-09-27,252,historical,0.99,-0.06920998749818331,-0.08857750148725785,0.00032956179371845806,0
2024-09-30,2023-09-28,2024-09-27,252,normal,0.99,-0.07125695518054896,-0.08232171131617741,0.00032956179371845806,0
2024-10-01,2023-09-29,2024-09-30,252,historical,0.95,-0.04500015574125598,-0.06693635485166384,-0.0365613701423918,0
2024-10-01,2023-09-29,2024-09-30,252,normal,0.95,-0.04905330392439914,-0.06269531411302251,-0.0365613701423918,0
2024-10-01,2023-09-29,2024-09-30,252,historical,0.99,-0.06920998749818331,-0.08857750148725785,-0.0365613701423918,0
2024-10-01,2023-09-29,2024-09-30,252,normal,0.99,-0.07130231003672616,-0.08236541063134115,-0.0365613701423918,0
2024-10-02,2023-10-02,2024-10-01,252,historical,0.95,-0.04500015574125598,-0.06693635485166384,0.015812078472725588,0
2024-10-02,2023-10-02,2024-10-01,252,normal,0.95,-0.04940309180271448,-0.06308751287104966,0.015812078472725588,0
2024-10-02,2023-10-02,2024-10-01,252,historical,0.99,-0.06920998749818331,-0.08857750148725785,0.015812078472725588,0
2024-10-02,2023-10-02,2024-10-01,252,normal,0.99,-0.07172126660124617,-0.08281876064829746,0.015812078472725588,0
2024-10-03,2023-10-03,2024-10-02,252,historical,0.95,-0.04500015574125598,-0.06693635485166384,0.03365580559492587,0
2024-10-03,2023-10-03,2024-10-02,252,normal,0.95,-0.04940748840366985,-0.06307923259170453,0.03365580559492587,0
2024-10-03,2023-10-03,2024-10-02,252,historical,0.99,-0.06920998749818331,-0.08857750148725785,0.03365580559492587,0
2024-10-03,2023-10-03,2024-10-02,252,normal,0.99,-0.07170498824423041,-0.08279220187072411,0.03365580559492587,0
2024-10-04,2023-10-04,2024-10-03,252,historical,0.95,-0.04500015574125598,-0.06693635485166384,0.01684981926762541,0
2024-10-04,2023-10-04,2024-10-03,252,normal,0.95,-0.04913915999211483,-0.06280514301965595,0.01684981926762541,0
2024-10-04,2023-10-04,2024-10-03,252,historical,0.99,-0.06920998749818331,-0.08857750148725785,0.01684981926762541,0
2024-10-04,2023-10-04,2024-10-03,252,normal,0.99,-0.07142726384973279,-0.08250980541564297,0.01684981926762541,0
2024-10-07,2023-10-05,2024-10-04,252,historical,0.95,-0.04500015574125598,-0.06693635485166384,0.022414316689403302,0
2024-10-07,2023-10-05,2024-10-04,252,normal,0.95,-0.04912950149229891,-0.06279787830081737,0.022414316689403302,0
2024-10-07,2023-10-05,2024-10-04,252,historical,0.99,-0.06920998749818331,-0.08857750148725785,0.022414316689403302,0
2024-10-07,2023-10-05,2024-10-04,252,normal,0.99,-0.07142150941147818,-0.08250599223380055,0.022414316689403302,0
2024-10-08,2023-10-06,2024-10-07,252,historical,0.95,-0.04500015574125598,-0.06693635485166384,0.040479246292881355,0
2024-10-08,2023-10-06,2024-10-07,252,normal,0.95,-0.04912029882372648,-0.06279412370093959,0.040479246292881355,0
2024-10-08,2023-10-06,2024-10-07,252,historical,0.99,-0.06920998749818331,-0.08857750148725785,0.040479246292881355,0
2024-10-08,2023-10-06,2024-10-07,252,normal,0.99,-0.07142119209865694,-0.0825100930771881,0.040479246292881355,0
2024-10-09,2023-10-09,2024-10-08,252,historical,0.95,-0.04500015574125598,-0.06693635485166384,-0.0018059417394399313,0
2024-10-09,2023-10-09,2024-10-08,252,normal,0.95,-0.04914559215441632,-0.06284242151851695,-0.0018059417394399313,0
2024-10-09,2023-10-09,2024-10-08,252,historical,0.99,-0.06920998749818331,-0.08857750148725785,-0.0018059417394399313,0
2024-10-09,2023-10-09,2024-10-08,252,normal,0.99,-0.07148400387144546,-0.0825915605282121,-0.0018059417394399313,0
2024-10-10,2023-10-10,2024-10-09,252,historical,0.95,-0.04500015574125598,-0.06693635485166384,0.016283458285943464,0
2024-10-10,2023-10-10,2024-10-09,252,normal,0.95,-0.04909076197010853,-0.0627826141222826,0.016283458285943464,0
2024-10-10,2023-10-10,2024-10-09,252,historical,0.99,-0.06920998749818331,-0.08857750148725785,0.016283458285943464,0
2024-10-10,2023-10-10,2024-10-09,252,normal,0.99,-0.07142105626037687,-0.0825245766061114,0.016283458285943464,0
2024-10-11,2023-10-11,2024-10-10,252,historical,0.95,-0.04500015574125598,-0.06693635485166384,-7.422315930538659e-05,0
2024-10-11,2023-10-11,2024-10-10,252,normal,0.95,-0.0490807151885089,-0.06277474021302155,-7.422315930538659e-05,0
2024-10-11,2023-10-11,2024-10-10,252,historical,0.99,-0.06920998749818331,-0.08857750148725785,-7.422315930538659e-05,0
2024-10-11,2023-10-11,2024-10-10,252,normal,0.99,-0.07141455325636382,-0.08251983571082933,-7.422315930538659e-05,0
2024-10-14,2023-10-12,2024-10-11,252,historical,0.95,-0.04500015574125598,-0.06693635485166384,0.024258133260209425,0
2024-10-14,2023-10-12,2024-10-11,252,normal,0.95,-0.049141019601728154,-0.06282810159917074,0.024258133260209425,0
2024-10-14,2023-10-12,2024-10-11,252,historical,0.99,-0.06920998749818331,-0.08857750148725785,0.024258133260209425,0
2024-10-14,2023-10-12,2024-10-11,252,normal,0.99,-0.07146353415863535,-0.08256318610807664,0.024258133260209425,0
2024-10-15,2023-10-13,2024-10-14,252,historical,0.95,-0.04500015574125598,-0.06693635485166384,-0.046860153001753835,1
2024-10-15,2023-10-13,2024-10-14,252,normal,0.95,-0.04909415750861741,-0.0627907955610875,-0.046860153001753835,0
2024-10-15,2023-10-13,2024-10-14,252,historical,0.99,-0.06920998749818331,-0.08857750148725785,-0.046860153001753835,0
2024-10-15,2023-10-13,2024-10-14,252,normal,0.99,-0.0714322572119786,-0.08253965872300173,-0.046860153001753835,0
2024-10-16,2023-10-16,2024-10-15,252,historical,0.95,-0.04682413584566654,-0.06694139221615157,0.031306665531975364,0
2024-10-16,2023-10-16,2024-10-15,252,normal,0.95,-0.04928872179502443,-0.06301941484893883,0.031306665531975364,0
2024-10-16,2023-10-16,2024-10-15,252,historical,0.99,-0.06920998749818331,-0.08857750148725785,0.031306665531975364,0
2024-10-16,2023-10-16,2024-10-15,252,normal,0.99,-0.07168236242855745,-0.08281738112366994,0.031306665531975364,0
2024-10-17,2023-10-17,2024-10-16,252,historical,0.95,-0.04682413584566654,-0.06694139221615157,0.008915601423195474,0
2024-10-17,2023-10-17,2024-10-16,252,normal,0.95,-0.049281531996946765,-0.06302789953859615,0.008915601423195474,0
2024-10-17,2023-10-17,2024-10-16,252,historical,0.99,-0.06920998749818331,-0.08857750148725785,0.008915601423195474,0
2024-10-17,2023-10-17,2024-10-16,252,normal,0.99,-0.07170073644172177,-0.08284846649184599,0.008915601423195474,0
2024-10-18,2023-10-18,2024-10-17,252,historical,0.95,-0.045029624323509224,-0.06694139221615157,0.007814226638941824,0
2024-10-18,2023-10-18,2024-10-17,252,normal,0.95,-0.04879480119074793,-0.062473680803687384,0.007814226638941824,0
2024-10-18,2023-10-18,2024-10-17,252,historical,0.99,-0.06920998749818331,-0.08857750148725785,0.007814226638941824,0
2024-10-18,2023-10-18,2024-10-17,252,normal,0.99,-0.0711039383274346,-0.08219693848556221,0.007814226638941824,0
2024-10-21,2023-10-19,2024-10-18,252,historical,0.95,-0.045029624323509224,-0.06694139221615157,0.0413769048997501,0
2024-10-21,2023-10-19,2024-10-18,252,normal,0.95,-0.04840598826513676,-0.062033939148411536,0.0413769048997501,0
2024-10-21,2023-10-19,2024-10-18,252,historical,0.99,-0.06920998749818331,-0.08857750148725785,0.0413769048997501,0
2024-10-21,2023-10-19,2024-10-18,252,normal,0.99,-0.07063206479697595,-0.08168376388204715,0.0413769048997501,0
2024-10-22,2023-10-20,2024-10-21,252,historical,0.95,-0.045029624323509224,-0.06694139221615157,-0.0008351985568790798,0
2024-10-22,2023-10-20,2024-10-21,252,normal,0.95,-0.04835752725928042,-0.06201714831407437,-0.0008351985568790798,0
2024-10-22,2023-10-20,2024-10-21,252,historical,0.99,-0.06920998749818331,-0.08857750148725785,-0.0008351985568790798,0
2024-10-22,2023-10-20,2024-10-21,252,normal,0.99,-0.07063525525816633,-0.08171263752984428,-0.0008351985568790798,0
2024-10-23,2023-10-23,2024-10-22,252,historical,0.95,-0.045029624323509224,-0.06694139221615157,-0.02806588421621392,0
2024-10-23,2023-10-23,2024-10-22,252,normal,0.95,-0.04824716627884772,-0.0618950058955284,-0.02806588421621392,0
2024-10-23,2023-10-23,2024-10-22,252,historical,0.99,-0.06920998749818331,-0.08857750148725785,-0.02806588421621392,0
2024-10-23,2023-10-23,2024-10-22,252,normal,0.99,-0.07050567971294662,-0.08157350773028858,-0.02806588421621392,0
2024-10-24,2023-10-24,2024-10-23,252,historical,0.95,-0.045029624323509224,-0.06694139221615157,0.006090621635437721,0
2024-10-24,2023-10-24,2024-10-23,252,normal,0.95,-0.04851336255851411,-0.0621618535554707,0.006090621635437721,0
2024-10-24,2023-10-24,2024-10-23,252,historical,0.99,-0.06920998749818331,-0.08857750148725785,0.006090621635437721,0
2024-10-24,2023-10-24,2024-10-23,252,normal,0.99,-0.070772938340723,-0.08184129460026814,0.006090621635437721,0
2024-10-25,2023-10-25,2024-10-24,252,historical,0.95,-0.045029624323509224,-0.06694139221615157,0.008047804111150025,0
2024-10-25,2023-10-25,2024-10-24,252,normal,0.95,-0.04854106508133295,-0.062186594645948674,0.008047804111150025,0
2024-10-25,2023-10-25,2024-10-24,252,historical,0.99,-0.06920998749818331,-0.08857750148725785,0.008047804111150025,0
2024-10-25,2023-10-25,2024-10-24,252,normal,0.99,-0.07079581100889856,-0.08186176567047987,0.008047804111150025,0
2024-10-28,2023-10-26,2024-10-25,252,historical,0.95,-0.045029624323509224,-0.06694139221615157,-0.007206568961262372,0
2024-10-28,2023-10-26,2024-10-25,252,normal,0.95,-0.04810288614877568,-0.061688711862658036,-0.007206568961262372,0
2024-10-28,2023-10-26,2024-10-25,252,historical,0.99,-0.06920998749818331,-0.08857750148725785,-0.007206568961262372,0
2024-10-28,2023-10-26,2024-10-25,252,normal,0.99,-0.07026025996464151,-0.08127779729641466,-0.007206568961262372,0
2024-10-29,2023-10-27,2024-10-28,252,historical,0.95,-0.045029624323509224,-0.06694139221615157,0.005195071595825773,0
2024-10-29,2023-10-27,2024-10-28,252,normal,0.95,-0.04784643406323479,-0.061394905328401535,0.005195071595825773,0
2024-10-29,2023-10-27,2024-10-28,252,historical,0.99,-0.06920998749818331,-0.08857750148725785,0.005195071595825773,0
2024-10-29,2023-10-27,2024-10-28,252,normal,0.99,-0.06994288581949908,-0.08093013025322544,0.005195071595825773,0
2024-10-30,2023-10-30,2024-10-29,252,historical,0.95,-0.045029624323509224,-0.06694139221615157,-0.013522254962745506,0
2024-10-30,2023-10-30,2024-10-29,252,normal,0.95,-0.04784281067947897,-0.061391248845376015,-0.013522254962745506,0
2024-10-30,2023-10-30,2024-10-29,252,historical,0.99,-0.06920998749818331,-0.08857750148725785,-0.013522254962745506,0
2024-10-30,2023-10-30,2024-10-29,252,normal,0.99,-0.06993920845353362,-0.08092642604513443,-0.013522254962745506,0
2024-10-31,2023-10-31,2024-10-30,252,historical,0.95,-0.045029624323509224,-0.06694139221615157,-0.04722252844626118,1
2024-10-31,2023-10-31,2024-10-30,252,normal,0.95,-0.047985541483546716,-0.06154015398868015,-0.04722252844626118,0
2024-10-31,2023-10-31,2024-10-30,252,historical,0.99,-0.06920998749818331,-0.08857750148725785,-0.04722252844626118,0
2024-10-31,2023-10-31,2024-10-30,252,normal,0.99,-0.07009200910137882,-0.08108423382426988,-0.04722252844626118,0
2024-11-01,2023-11-01,2024-10-31,252,historical,0.95,-0.047023221951782136,-0.06696926725034445,0.019885618482113454,0
2024-11-01,2023-11-01,2024-10-31,252,normal,0.95,-0.04839279303533181,-0.06201259041769402,0.019885618482113454,0
2024-11-01,2023-11-01,2024-10-31,252,historical,0.99,-0.06920998749818331,-0.08857750148725785,0.019885618482113454,0
2024-11-01,2023-11-01,2024-10-31,252,normal,0.99,-0.07060557187210025,-0.08165065880840844,0.019885618482113454,0
2024-11-04,2023-11-02,2024-11-01,252,historical,0.95,-0.047023221951782136,-0.06696926725034445,0.004800431737155497,0
2024-11-04,2023-11-02,2024-11-01,252,normal,0.95,-0.04837837647084996,-0.06197636506692063,0.004800431737155497,0
2024-11-04,2023-11-02,2024-11-01,252,historical,0.99,-0.06920998749818331,-0.08857750148725785,0.004800431737155497,0
2024-11-04,2023-11-02,2024-11-01,252,normal,0.99,-0.07055558695568244,-0.08158298787700796,0.004800431737155497,0
2024-11-05,2023-11-03,2024-11-04,252,historical,0.95,-0.047023221951782136,-0.06696926725034445,0.028371923972078328,0
2024-11-05,2023-11-03,2024-11-04,252,normal,0.95,-0.04841769355373237,-0.062002380539125664,0.028371923972078328,0
2024-11-05,2023-11-03,2024-11-04,252,historical,0.99,-0.06920998749818331,-0.08857750148725785,0.028371923972078328,0
2024-11-05,2023-11-03,2024-11-04,252,normal,0.99,-0.0705732101962958,-0.08158982406681577,0.028371923972078328,0
2024-11-06,2023-11-06,2024-11-05,252,historical,0.95,-0.047023221951782136,-0.06696926725034445,0.0407405285127711,0
2024-11-06,2023-11-06,2024-11-05,252,normal,0.95,-0.04840948989804291,-0.06198596045421566,0.0407405285127711,0
2024-11-06,2023-11-06,2024-11-05,252,historical,0.99,-0.06920998749818331,-0.08857750148725785,0.0407405285127711,0
2024-11-06,2023-11-06,2024-11-05,252,normal,0.99,-0.07055160621459705,-0.081561556904124,0.0407405285127711,0
2024-11-07,2023-11-07,2024-11-06,252,historical,0.95,-0.047023221951782136,-0.06696926725034445,0.022457329707601836,0
2024-11-07,2023-11-07,2024-11-06,252,normal,0.95,-0.04842839019257707,-0.0620340223524693,0.022457329707601836,0
2024-11-07,2023-11-07,2024-11-06,252,historical,0.99,-0.06920998749818331,-0.08857750148725785,0.022457329707601836,0
2024-11-07,2023-11-07,2024-11-06,252,normal,0.99,-0.0706180667066702,-0.0816516662390721,0.022457329707601836,0
2024-11-08,2023-11-08,2024-11-07,252,historical,0.95,-0.047023221951782136,-0.06696926725034445,-0.008396148759260424,0
2024-11-08,2023-11-08,2024-11-07,252,normal,0.95,-0.04838700319803539,-0.06200026554002339,-0.008396148759260424,0
2024-11-08,2023-11-08,2024-11-07,252,historical,0.99,-0.06920998749818331,-0.08857750148725785,-0.008396148759260424,0
2024-11-08,2023-11-08,2024-11-07,252,normal,0.99,-0.07058912391688572,-0.08162891120834317,-0.008396148759260424,0
2024-11-11,2023-11-09,2024-11-08,252,historical,0.95,-0.047023221951782136,-0.06696926725034445,-0.016053682444574613,0
2024-11-11,2023-11-09,2024-11-08,252,normal,0.95,-0.048485294148269575,-0.062101483467023336,-0.016053682444574613,0
2024-11-11,2023-11-09,2024-11-08,252,historical,0.99,-0.06920998749818331,-0.08857750148725785,-0.016053682444574613,0
2024-11-11,2023-11-09,2024-11-08,252,normal,0.99,-0.07069218852753005,-0.0817343494749187,-0.016053682444574613,0
2024-11-12,2023-11-10,2024-11-11,252,historical,0.95,-0.047023221951782136,-0.06696926725034445,0.02085928974310125,0
2024-11-12,2023-11-10,2024-11-11,252,normal,0.95,-0.04862495613411046,-0.06225230308341724,0.02085928974310125,0
2024-11-12,2023-11-10,2024-11-11,252,historical,0.99,-0.06920998749818331,-0.08857750148725785,0.02085928974310125,0
2024-11-12,2023-11-10,2024-11-11,252,normal,0.99,-0.07085004769889863,-0.08190125701874111,0.02085928974310125,0
2024-11-13,2023-11-13,2024-11-12,252,historical,0.95,-0.047023221951782136,-0.06696926725034445,-0.013622115721023453,0
2024-11-13,2023-11-13,2024-11-12,252,normal,0.95,-0.04862419677982246,-0.06224264079708706,-0.013622115721023453,0
2024-11-13,2023-11-13,2024-11-12,252,historical,0.99,-0.06920998749818331,-0.08857750148725785,-0.013622115721023453,0
2024-11-13,2023-11-13,2024-11-12,252,normal,0.99,-0.07083476838848354,-0.0818787578022119,-0.013622115721023453,0
2024-11-14,2023-11-14,2024-11-13,252,historical,0.95,-0.047023221951782136,-0.06696926725034445,0.0033500005282263157,0
2024-11-14,2023-11-14,2024-11-13,252,normal,0.95,-0.048736205882649895,-0.0623634281986975,0.0033500005282263157,0
2024-11-14,2023-11-14,2024-11-13,252,historical,0.99,-0.06920998749818331,-0.08857750148725785,0.0033500005282263157,0
2024-11-14,2023-11-14,2024-11-13,252,normal,0.99,-0.0709610941807562,-0.08201220242822999,0.0033500005282263157,0
2024-11-15,2023-11-15,2024-11-14,252,historical,0.95,-0.047023221951782136,-0.06696926725034445,-0.0325701050131334,0
2024-11-15,2023-11-15,2024-11-14,252,normal,0.95,-0.04878054526222796,-0.06240092810417007,-0.0325701050131334,0
2024-11-15,2023-11-15,2024-11-14,252,historical,0.99,-0.06920998749818331,-0.08857750148725785,-0.0325701050131334,0
2024-11-15,2023-11-15,2024-11-14,252,normal,0.99,-0.07099427893582701,-0.08203984065540665,-0.0325701050131334,0
2024-11-18,2023-11-16,2024-11-15,252,historical,0.95,-0.047023221951782136,-0.06696926725034445,-0.012889146123433837,0
2024-11-18,2023-11-16,2024-11-15,252,normal,0.95,-0.04894742264896779,-0.06259295689574866,-0.012889146123433837,0
2024-11-18,2023-11-16,2024-11-15,252,historical,0.99,-0.06920998749818331,-0.08857750148725785,-0.012889146123433837,0
2024-11-18,2023-11-16,2024-11-15,252,normal,0.99,-0.07120217621276291,-0.08226813467138465,-0.012889146123433837,0
2024-11-19,2023-11-17,2024-11-18,252,historical,0.95,-0.047023221951782136,-0.06696926725034445,0.04894746247690174,0
2024-11-19,2023-11-17,2024-11-18,252,normal,0.95,-0.049072236406847394,-0.06272427737564208,0.04894746247690174,0
2024-11-19,2023-11-17,2024-11-18,252,historical,0.99,-0.06920998749818331,-0.08857750148725785,0.04894746247690174,0
2024-11-19,2023-11-17,2024-11-18,252,normal,0.99,-0.07133760190362418,-0.0824088370420889,0.04894746247690174,0
2024-11-20,2023-11-20,2024-11-19,252,historical,0.95,-0.047023221951782136,-0.06696926725034445,-0.007618540933474249,0
2024-11-20,2023-11-20,2024-11-19,252,normal,0.95,-0.0490516272972535,-0.06275148451544274,-0.007618540933474249,0
2024-11-20,2023-11-20,2024-11-19,252,historical,0.99,-0.06920998749818331,-0.08857750148725785,-0.007618540933474249,0
2024-11-20,2023-11-20,2024-11-19,252,normal,0.99,-0.07139497719737979,-0.08250498931737399,-0.007618540933474249,0
2024-11-21,2023-11-21,2024-11-20,252,historical,0.95,-0.047023221951782136,-0.06696926725034445,0.005346569541479829,0
2024-11-21,2023-11-21,2024-11-20,252,normal,0.95,-0.04915536015103831,-0.0628511704974313,0.005346569541479829,0
2024-11-21,2023-11-21,2024-11-20,252,historical,0.99,-0.06920998749818331,-0.08857750148725785,0.005346569541479829,0
2024-11-21,2023-11-21,2024-11-20,252,normal,0.99,-0.07149210993328714,-0.0825988402092454,0.005346569541479829,0
2024-11-22,2023-11-22,2024-11-21,252,historical,0.95,-0.047023221951782136,-0.06696926725034445,-0.032180969748734745,0
2024-11-22,2023-11-22,2024-11-21,252,normal,0.95,-0.049077942060966315,-0.06276877448427257,-0.032180969748734745,0
2024-11-22,2023-11-22,2024-11-21,252,historical,0.99,-0.06920998749818331,-0.08857750148725785,-0.032180969748734745,0
2024-11-22,2023-11-22,2024-11-21,252,normal,0.99,-0.07140657325661008,-0.08250926664481506,-0.032180969748734745,0
2024-11-25,2023-11-24,2024-11-22,252,historical,0.95,-0.047023221951782136,-0.06696926725034445,-0.041775432717237604,0
2024-11-25,2023-11-24,2024-11-22,252,normal,0.95,-0.04915845107571805,-0.06286208095306522,-0.041775432717237604,0
2024-11-25,2023-11-24,2024-11-22,252,historical,0.99,-0.06920998749818331,-0.08857750148725785,-0.041775432717237604,0
2024-11-25,2023-11-24,2024-11-22,252,normal,0.99,-0.07150795387527076,-0.08262102546430185,-0.041775432717237604,0
2024-11-26,2023-11-27,2024-11-25,252,historical,0.95,-0.047023221951782136,-0.06696926725034445,0.006616836613087651,0
2024-11-26,2023-11-27,2024-11-25,252,normal,0.95,-0.0494058818415818,-0.06314970721172335,0.006616836613087651,0
2024-11-26,2023-11-27,2024-11-25,252,historical,0.99,-0.06920998749818331,-0.08857750148725785,0.006616836613087651,0
2024-11-26,2023-11-27,2024-11-25,252,normal,0.99,-0.0718209402119415,-0.08296660866712985,0.006616836613087651,0
2024-11-27,2023-11-28,2024-11-26,252,historical,0.95,-0.047023221951782136,-0.06696926725034445,-0.011539608614289376,0
2024-11-27,2023-11-28,2024-11-26,252,normal,0.95,-0.04941614481507908,-0.06315941500864607,-0.011539608614289376,0
2024-11-27,2023-11-28,2024-11-26,252,historical,0.99,-0.06920998749818331,-0.08857750148725785,-0.011539608614289376,0
2024-11-27,2023-11-28,2024-11-26,252,normal,0.99,-0.0718302977377203,-0.08297551596788996,-0.011539608614289376,0
2024-11-29,2023-11-29,2024-11-27,252,historical,0.95,-0.047023221951782136,-0.06696926725034445,0.021501356503069724,0
2024-11-29,2023-11-29,2024-11-27,252,normal,0.95,-0.04943560569093051,-0.06318098426584551,0.021501356503069724,0
2024-11-29,2023-11-29,2024-11-27,252,historical,0.99,-0.06920998749818331,-0.08857750148725785,0.021501356503069724,0
2024-11-29,2023-11-29,2024-11-27,252,normal,0.99,-0.07185319721161192,-0.0830001252510122,0.021501356503069724,0
2024-12-02,2023-11-30,2024-11-29,252,historical,0.95,-0.047023221951782136,-0.06696926725034445,0.0027488610691375204,0
2024-12-02,2023-11-30,2024-11-29,252,normal,0.95,-0.04940447628856791,-0.06315689721556243,0.0027488610691375204,0
2024-12-02,2023-11-30,2024-11-29,252,historical,0.99,-0.06920998749818331,-0.08857750148725785,0.0027488610691375204,0
2024-12-02,2023-11-30,2024-11-29,252,normal,0.99,-0.07183355331118754,-0.08298619240404706,0.0027488610691375204,0
2024-12-03,2023-12-01,2024-12-02,252,historical,0.95,-0.047023221951782136,-0.06696926725034445,0.011757603649509063,0
2024-12-03,2023-12-01,2024-12-02,252,normal,0.95,-0.04917086564365188,-0.06289540048768673,0.011757603649509063,0
2024-12-03,2023-12-01,2024-12-02,252,historical,0.99,-0.06920998749818331,-0.08857750148725785,0.011757603649509063,0
2024-12-03,2023-12-01,2024-12-02,252,normal,0.99,-0.0715544627390731,-0.0826844873831302,0.011757603649509063,0
2024-12-04,2023-12-04,2024-12-03,252,historical,0.95,-0.047023221951782136,-0.06696926725034445,0.034792549315624255,0
2024-12-04,2023-12-04,2024-12-03,252,normal,0.95,-0.049126027828571436,-0.06285113256328533,0.034792549315624255,0
2024-12-04,2023-12-04,2024-12-03,252,historical,0.99,-0.06920998749818331,-0.08857750148725785,0.034792549315624255,0
2024-12-04,2023-12-04,2024-12-03,252,normal,0.99,-0.07151055436921559,-0.08264104117081568,0.034792549315624255,0
2024-12-05,2023-12-05,2024-12-04,252,historical,0.95,-0.047023221951782136,-0.06696926725034445,-0.00048226732051226406,0
2024-12-05,2023-12-05,2024-12-04,252,normal,0.95,-0.04886861355156627,-0.0625904525130988,-0.00048226732051226406,0
2024-12-05,2023-12-05,2024-12-04,252,historical,0.99,-0.06920998749818331,-0.08857750148725785,-0.00048226732051226406,0
2024-12-05,2023-12-05,2024-12-04,252,normal,0.99,-0.0712478138824753,-0.0823756522783987,-0.00048226732051226406,0
2024-12-06,2023-12-06,2024-12-05,252,historical,0.95,-0.047023221951782136,-0.06696926725034445,-0.018061320214957766,0
2024-12-06,2023-12-06,2024-12-05,252,normal,0.95,-0.04893302900570322,-0.06264726365017292,-0.018061320214957766,0
2024-12-06,2023-12-06,2024-12-05,252,historical,0.99,-0.06920998749818331,-0.08857750148725785,-0.018061320214957766,0
2024-12-06,2023-12-06,2024-12-05,252,normal,0.99,-0.0712998273156145,-0.08242149892794401,-0.018061320214957766,0
2024-12-09,2023-12-07,2024-12-06,252,historical,0.95,-0.047023221951782136,-0.06696926725034445,-0.02548468897311773,0
2024-12-09,2023-12-07,2024-12-06,252,normal,0.95,-0.048889834500187176,-0.06259790110746083,-0.02548468897311773,0
2024-12-09,2023-12-07,2024-12-06,252,historical,0.99,-0.06920998749818331,-0.08857750148725785,-0.02548468897311773,0
2024-12-09,2023-12-07,2024-12-06,252,normal,0.99,-0.07124657324443485,-0.08236324283616565,-0.02548468897311773,0
2024-12-10,2023-12-08,2024-12-09,252,historical,0.95,-0.047023221951782136,-0.06696926725034445,-0.026943023797652232,0
2024-12-10,2023-12-08,2024-12-09,252,normal,0.95,-0.049142664095942104,-0.0628650534857955,-0.026943023797652232,0
2024-12-10,2023-12-08,2024-12-09,252,historical,0.99,-0.06920998749818331,-0.08857750148725785,-0.026943023797652232,0
2024-12-10,2023-12-08,2024-12-09,252,normal,0.99,-0.07152276213055507,-0.08265104690086174,-0.026943023797652232,0
2024-12-11,2023-12-11,2024-12-10,252,historical,0.95,-0.047023221951782136,-0.06696926725034445,0.03139088370209131,0
2024-12-11,2023-12-11,2024-12-10,252,normal,0.95,-0.04940574046968948,-0.0631481131411951,0.03139088370209131,0
2024-12-11,2023-12-11,2024-12-10,252,historical,0.99,-0.06920998749818331,-0.08857750148725785,0.03139088370209131,0
2024-12-11,2023-12-11,2024-12-10,252,normal,0.99,-0.07181842960704149,-0.08296291998429847,0.03139088370209131,0
2024-12-12,2023-12-12,2024-12-11,252,historical,0.95,-0.047023221951782136,-0.06696926725034445,-0.014141092453724302,0
2024-12-12,2023-12-12,2024-12-11,252,normal,0.95,-0.049224203662242325,-0.06297075663237264,-0.014141092453724302,0
2024-12-12,2023-12-12,2024-12-11,252,historical,0.99,-0.06920998749818331,-0.08857750148725785,-0.014141092453724302,0
2024-12-12,2023-12-12,2024-12-11,252,normal,0.99,-0.07164371052574807,-0.08279159095062714,-0.014141092453724302,0
2024-12-13,2023-12-13,2024-12-12,252,historical,0.95,-0.047023221951782136,-0.06696926725034445,-0.02249877078115048,0
2024-12-13,2023-12-13,2024-12-12,252,normal,0.95,-0.049374048457146755,-0.06312214323140473,-0.02249877078115048,0
2024-12-13,2023-12-13,2024-12-12,252,historical,0.99,-0.06920998749818331,-0.08857750148725785,-0.02249877078115048,0
2024-12-13,2023-12-13,2024-12-12,252,normal,0.99,-0.07179606987745063,-0.08294520064109395,-0.02249877078115048,0
2024-12-16,2023-12-14,2024-12-13,252,historical,0.95,-0.047023221951782136,-0.06696926725034445,-0.016759942059895838,0
2024-12-16,2023-12-14,2024-12-13,252,normal,0.95,-0.04957084586141265,-0.0633371370466569,-0.016759942059895838,0
2024-12-16,2023-12-14,2024-12-13,252,historical,0.99,-0.06920998749818331,-0.08857750148725785,-0.016759942059895838,0
2024-12-16,2023-12-14,2024-12-13,252,normal,0.99,-0.07202254414411866,-0.08318643143721907,-0.016759942059895838,0
2024-12-17,2023-12-15,2024-12-16,252,historical,0.95,-0.047023221951782136,-0.06696926725034445,-0.012196987643766977,0
2024-12-17,2023-12-15,2024-12-16,252,normal,0.95,-0.04970414695673928,-0.06348191415957562,-0.012196987643766977,0
2024-12-17,2023-12-15,2024-12-16,252,historical,0.99,-0.06920998749818331,-0.08857750148725785,-0.012196987643766977,0
2024-12-17,2023-12-15,2024-12-16,252,normal,0.99,-0.07217456168826926,-0.08334775555241686,-0.012196987643766977,0
2024-12-18,2023-12-18,2024-12-17,252,historical,0.95,-0.047023221951782136,-0.06696926725034445,-0.011350519385405877,0
2024-12-18,2023-12-18,2024-12-17,252,normal,0.95,-0.0498200736422141,-0.06360373621845482,-0.011350519385405877,0
2024-12-18,2023-12-18,2024-12-17,252,historical,0.99,-0.06920998749818331,-0.08857750148725785,-0.011350519385405877,0
2024-12-18,2023-12-18,2024-12-17,252,normal,0.99,-0.07230010324699918,-0.08347807801279644,-0.011350519385405877,0
2024-12-19,2023-12-19,2024-12-18,252,historical,0.95,-0.047023221951782136,-0.06696926725034445,0.01373047789648929,0
2024-12-19,2023-12-19,2024-12-18,252,normal,0.95,-0.04994661372244184,-0.06372650432346541,0.01373047789648929,0
2024-12-19,2023-12-19,2024-12-18,252,historical,0.99,-0.06920998749818331,-0.08857750148725785,0.01373047789648929,0
2024-12-19,2023-12-19,2024-12-18,252,normal,0.99,-0.07242049154325216,-0.08359540739465991,0.01373047789648929,0
2024-12-20,2023-12-20,2024-12-19,252,historical,0.95,-0.047023221951782136,-0.06696926725034445,0.030762192173791503,0
2024-12-20,2023-12-20,2024-12-19,252,normal,0.95,-0.04984451311516294,-0.06362182971578142,0.030762192173791503,0
2024-12-20,2023-12-20,2024-12-19,252,historical,0.99,-0.06920998749818331,-0.08857750148725785,0.030762192173791503,0
2024-12-20,2023-12-20,2024-12-19,252,normal,0.99,-0.0723141929512222,-0.08348702139578755,0.030762192173791503,0
2024-12-23,2023-12-21,2024-12-20,252,historical,0.95,-0.047023221951782136,-0.06696926725034445,0.03689684647327418,0
2024-12-23,2023-12-21,2024-12-20,252,normal,0.95,-0.049552450366868867,-0.06331692466989851,0.03689684647327418,0
2024-12-23,2023-12-21,2024-12-20,252,historical,0.99,-0.06920998749818331,-0.08857750148725785,0.03689684647327418,0
2024-12-23,2023-12-21,2024-12-20,252,normal,0.99,-0.0720011854628495,-0.08316359934034394,0.03689684647327418,0
2024-12-24,2023-12-22,2024-12-23,252,historical,0.95,-0.047023221951782136,-0.06696926725034445,0.0039378733687442935,0
2024-12-24,2023-12-22,2024-12-23,252,normal,0.95,-0.049563389274598565,-0.06334941979842823,0.0039378733687442935,0
2024-12-24,2023-12-22,2024-12-23,252,historical,0.99,-0.06920998749818331,-0.08857750148725785,0.0039378733687442935,0
2024-12-24,2023-12-22,2024-12-23,252,normal,0.99,-0.0720472808087952,-0.08322717588120544,0.0039378733687442935,0
2024-12-26,2023-12-26,2024-12-24,252,historical,0.95,-0.047023221951782136,-0.06696926725034445,-0.0020681909482714866,0
2024-12-26,2023-12-26,2024-12-24,252,normal,0.95,-0.04952853188499543,-0.06331296941232548,-0.0020681909482714866,0
2024-12-26,2023-12-26,2024-12-24,252,historical,0.99,-0.06920998749818331,-0.08857750148725785,-0.0020681909482714866,0
2024-12-26,2023-12-26,2024-12-24,252,normal,0.99,-0.07200982537180997,-0.08318842859057995,-0.0020681909482714866,0
2024-12-27,2023-12-27,2024-12-26,252,historical,0.95,-0.047023221951782136,-0.06696926725034445,-0.020867558471824643,0
2024-12-27,2023-12-27,2024-12-26,252,normal,0.95,-0.04957579299681362,-0.06336088215979468,-0.020867558471824643,0
2024-12-27,2023-12-27,2024-12-26,252,historical,0.99,-0.06920998749818331,-0.08857750148725785,-0.020867558471824643,0
2024-12-27,2023-12-27,2024-12-26,252,normal,0.99,-0.07205814924823412,-0.08323728091630585,-0.020867558471824643,0
2024-12-30,2023-12-28,2024-12-27,252,historical,0.95,-0.047023221951782136,-0.06696926725034445,0.003503364793456143,0
2024-12-30,2023-12-28,2024-12-27,252,normal,0.95,-0.04973396496111285,-0.06353537648307815,0.003503364793456143,0
2024-12-30,2023-12-28,2024-12-27,252,historical,0.99,-0.06920998749818331,-0.08857750148725785,0.003503364793456143,0
2024-12-30,2023-12-28,2024-12-27,252,normal,0.99,-0.07224294164894901,-0.08343531006856156,0.003503364793456143,0
2024-12-31,2023-12-29,2024-12-30,252,historical,0.95,-0.047023221951782136,-0.06696926725034445,-0.0232743755432121,0
2024-12-31,2023-12-29,2024-12-30,252,normal,0.95,-0.049728006308766434,-0.0635292939673509,-0.0232743755432121,0
2024-12-31,2023-12-29,2024-12-30,252,historical,0.99,-0.06920998749818331,-0.08857750148725785,-0.0232743755432121,0
2024-12-31,2023-12-29,2024-12-30,252,normal,0.99,-0.07223678098552948,-0.08342904895711246,-0.0232743755432121,0
